ISO-10303-21;
HEADER;
FILE_DESCRIPTION (( 'STEP AP214' ),
    '1' );
FILE_NAME ('keystone-PN112TR.STEP',
    '2023-04-25T14:10:55',
    ( '' ),
    ( '' ),
    'SwSTEP 2.0',
    'SolidWorks 2022',
    '' );
FILE_SCHEMA (( 'AUTOMOTIVE_DESIGN' ));
ENDSEC;

DATA;
#1 = AXIS2_PLACEMENT_3D ( 'NONE', #2207, #1652, #1618 ) ;
#2 = CARTESIAN_POINT ( 'NONE',  ( 3.627461596311490677, 0.3324095614813083466, -1.193800000000001305 ) ) ;
#3 = DIRECTION ( 'NONE',  ( 1.000000000000000000, 0.000000000000000000, 0.000000000000000000 ) ) ;
#4 = DIRECTION ( 'NONE',  ( -1.000000000000000000, 0.000000000000000000, -0.000000000000000000 ) ) ;
#5 = CARTESIAN_POINT ( 'NONE',  ( -3.627461596338056093, 0.3324095613821653195, -1.229536805106943964 ) ) ;
#6 = ORIENTED_EDGE ( 'NONE', *, *, #1694, .T. ) ;
#7 = B_SPLINE_CURVE_WITH_KNOTS ( 'NONE', 3,
 ( #1478, #420, #673, #1829, #469, #678, #1221, #1637, #1317, #2128, #933, #357, #2389, #1706, #974, #574, #2096, #545, #2053, #2548, #2074, #125, #302, #1554, #604, #915, #2112, #1903, #1888, #2535 ),
 .UNSPECIFIED., .F., .F.,
 ( 4, 1, 2, 2, 2, 1, 2, 2, 2, 1, 2, 2, 2, 1, 2, 2, 4 ),
 ( 0.000000000000000000, 0.06250000000000044409, 0.09375000000000073552, 0.1250000000000010270, 0.2500000000000021649, 0.3125000000000024980, 0.3437500000000027200, 0.3750000000000029421, 0.5000000000000037748, 0.5625000000000034417, 0.5937500000000026645, 0.6250000000000018874, 0.7500000000000011102, 0.8125000000000006661, 0.8437500000000004441, 0.8750000000000002220, 1.000000000000000000 ),
 .UNSPECIFIED. ) ;
#8 = EDGE_CURVE ( 'NONE', #999, #842, #517, .T. ) ;
#9 =( BOUNDED_SURFACE ( )  B_SPLINE_SURFACE ( 3, 3, ( 
 ( #1117, #2348, #2513, #155 ),
 ( #1347, #1559, #327, #561 ),
 ( #1730, #2122, #1575, #1743 ),
 ( #2541, #349, #614, #980 ) ),
 .UNSPECIFIED., .F., .F., .F. ) 
 B_SPLINE_SURFACE_WITH_KNOTS ( ( 4, 4 ),
 ( 4, 4 ),
 ( 0.000000000000000000, 1.000000000000000000 ),
 ( 0.000000000000000000, 1.000000000000000000 ),
 .UNSPECIFIED. ) 
 GEOMETRIC_REPRESENTATION_ITEM ( )  RATIONAL_B_SPLINE_SURFACE ( (
 ( 1.000000000000000000, 0.9420348673768952352, 0.9420348673768952352, 1.000000000000000000),
 ( 0.7757257530573673510, 0.7307607069022392654, 0.7307607069022392654, 0.7757257530573673510),
 ( 0.7757257530573673510, 0.7307607069022392654, 0.7307607069022392654, 0.7757257530573673510),
 ( 1.000000000000000000, 0.9420348673768952352, 0.9420348673768952352, 1.000000000000000000) ) ) 
 REPRESENTATION_ITEM ( '' )  SURFACE ( )  );
#10 = CARTESIAN_POINT ( 'NONE',  ( -3.641833057229554083, 0.5069931490689220110, -0.1849918784260573823 ) ) ;
#11 = EDGE_LOOP ( 'NONE', ( #2293, #1387, #836 ) ) ;
#12 = CARTESIAN_POINT ( 'NONE',  ( -4.124388626720732809, 0.6549388830493799718, -0.7057410771161738428 ) ) ;
#13 = EDGE_CURVE ( 'NONE', #797, #81, #430, .T. ) ;
#14 = CARTESIAN_POINT ( 'NONE',  ( 3.653733880170339621, 0.3394491986183468812, 1.367664653701695876 ) ) ;
#15 = ORIENTED_EDGE ( 'NONE', *, *, #1694, .F. ) ;
#16 = ADVANCED_FACE ( 'NONE', ( #1271 ), #991, .F. ) ;
#17 = DIRECTION ( 'NONE',  ( 0.9659258262890679791, -0.2588190451025215721, 0.000000000000000000 ) ) ;
#18 = VERTEX_POINT ( 'NONE', #2378 ) ;
#19 = ORIENTED_EDGE ( 'NONE', *, *, #630, .F. ) ;
#20 = CARTESIAN_POINT ( 'NONE',  ( 3.560168644584834396, 0.5835502763164661655, 1.193800000000001527 ) ) ;
#21 = CARTESIAN_POINT ( 'NONE',  ( -3.936849540721992557, 0.4153098112277665566, -1.702480357112734266 ) ) ;
#22 = ORIENTED_EDGE ( 'NONE', *, *, #1136, .T. ) ;
#23 = ORIENTED_EDGE ( 'NONE', *, *, #1435, .T. ) ;
#24 = CARTESIAN_POINT ( 'NONE',  ( -3.903932704389769359, 0.4064897715151600810, 0.7027842578813509045 ) ) ;
#25 = ORIENTED_EDGE ( 'NONE', *, *, #968, .T. ) ;
#26 = CARTESIAN_POINT ( 'NONE',  ( 3.834999779658292862, 0.9022506992396999159, -0.9840785784966578076 ) ) ;
#27 = CARTESIAN_POINT ( 'NONE',  ( 4.388080280810869205, 0.5362167236346793153, -1.711132334668436838 ) ) ;
#28 = CARTESIAN_POINT ( 'NONE',  ( 3.936849540721994334, 0.4153098112277669451, 1.702480357112720499 ) ) ;
#29 = ORIENTED_EDGE ( 'NONE', *, *, #1672, .T. ) ;
#30 = CARTESIAN_POINT ( 'NONE',  ( 1.778000000000000025, -0.1524000000000000354, 1.981199999999999850 ) ) ;
#31 = AXIS2_PLACEMENT_3D ( 'NONE', #713, #1508, #741 ) ;
#32 = AXIS2_PLACEMENT_3D ( 'NONE', #1203, #1064, #1236 ) ;
#33 = CARTESIAN_POINT ( 'NONE',  ( -4.923702298821094558, 0.6797362108088526034, 1.193799999999971773 ) ) ;
#34 = ORIENTED_EDGE ( 'NONE', *, *, #1751, .T. ) ;
#35 = EDGE_CURVE ( 'NONE', #36, #519, #2121, .T. ) ;
#36 = VERTEX_POINT ( 'NONE', #1341 ) ;
#37 = DIRECTION ( 'NONE',  ( 0.000000000000000000, 0.000000000000000000, 1.000000000000000000 ) ) ;
#38 = EDGE_CURVE ( 'NONE', #1477, #925, #2179, .T. ) ;
#39 = ORIENTED_EDGE ( 'NONE', *, *, #1824, .F. ) ;
#40 = CARTESIAN_POINT ( 'NONE',  ( -4.086425505131972891, 0.4553885700985271789, -0.6352151579701685868 ) ) ;
#41 = ORIENTED_EDGE ( 'NONE', *, *, #630, .T. ) ;
#42 = CARTESIAN_POINT ( 'NONE',  ( -4.699285993617809076, 0.6196040430612514971, 1.333680347443114256 ) ) ;
#43 = ORIENTED_EDGE ( 'NONE', *, *, #659, .F. ) ;
#44 = CARTESIAN_POINT ( 'NONE',  ( -4.676560697203335337, 0.7712909081974884673, -1.193800000000001749 ) ) ;
#45 = DIRECTION ( 'NONE',  ( 0.9659258262890679791, -0.2588190451025216277, 0.000000000000000000 ) ) ;
#46 = ORIENTED_EDGE ( 'NONE', *, *, #2384, .T. ) ;
#47 = ORIENTED_EDGE ( 'NONE', *, *, #1548, .F. ) ;
#48 = DIRECTION ( 'NONE',  ( -0.9659258262890677571, 0.2588190451025228489, 0.000000000000000000 ) ) ;
#49 = DIRECTION ( 'NONE',  ( -0.000000000000000000, -0.000000000000000000, -1.000000000000000000 ) ) ;
#50 =( BOUNDED_SURFACE ( )  B_SPLINE_SURFACE ( 3, 3, ( 
 ( #489, #1868, #1265, #1791 ),
 ( #174, #1896, #292, #513 ),
 ( #774, #729, #2369, #2327 ),
 ( #338, #2494, #590, #190 ) ),
 .UNSPECIFIED., .F., .F., .F. ) 
 B_SPLINE_SURFACE_WITH_KNOTS ( ( 4, 4 ),
 ( 4, 4 ),
 ( 0.000000000000000000, 1.000000000000000000 ),
 ( 0.000000000000000000, 1.000000000000000000 ),
 .UNSPECIFIED. ) 
 GEOMETRIC_REPRESENTATION_ITEM ( )  RATIONAL_B_SPLINE_SURFACE ( (
 ( 1.000000000000000000, 0.9420348673768949022, 0.9420348673768949022, 1.000000000000000000),
 ( 0.7757257530573673510, 0.7307607069022389323, 0.7307607069022389323, 0.7757257530573673510),
 ( 0.7757257530573673510, 0.7307607069022389323, 0.7307607069022389323, 0.7757257530573673510),
 ( 1.000000000000000000, 0.9420348673768949022, 0.9420348673768949022, 1.000000000000000000) ) ) 
 REPRESENTATION_ITEM ( '' )  SURFACE ( )  );
#51 = CARTESIAN_POINT ( 'NONE',  ( 3.791523922764734600, 0.4649132868978996802, 1.193800000000001527 ) ) ;
#52 = CARTESIAN_POINT ( 'NONE',  ( -4.503642882842100015, 0.5671816295241877137, -1.646945970920439706 ) ) ;
#53 = ORIENTED_EDGE ( 'NONE', *, *, #1282, .T. ) ;
#54 = CARTESIAN_POINT ( 'NONE',  ( -4.102859195065549081, 0.4597919640448926426, 0.6303957524552818992 ) ) ;
#55 = ORIENTED_EDGE ( 'NONE', *, *, #1544, .T. ) ;
#56 = AXIS2_PLACEMENT_3D ( 'NONE', #462, #871, #1528 ) ;
#57 = DIRECTION ( 'NONE',  ( -0.9659258262890680902, -0.2588190451025213501, 1.169881808018175178E-15 ) ) ;
#58 = CARTESIAN_POINT ( 'NONE',  ( 4.507670714445554339, 0.6568042413909146449, -1.935209715104255546 ) ) ;
#59 = DIRECTION ( 'NONE',  ( -0.9659258262890680902, -0.2588190451025213501, 0.000000000000000000 ) ) ;
#60 = CARTESIAN_POINT ( 'NONE',  ( -4.590342470416725718, 0.7848321319641913263, 1.193800000000001305 ) ) ;
#61 = DIRECTION ( 'NONE',  ( 0.9659258262890680902, -0.2588190451025213501, 0.000000000000000000 ) ) ;
#62 = ORIENTED_EDGE ( 'NONE', *, *, #167, .F. ) ;
#63 = AXIS2_PLACEMENT_3D ( 'NONE', #2245, #1471, #2177 ) ;
#64 = CARTESIAN_POINT ( 'NONE',  ( 4.648711767939678552, 0.8752245271458490850, -1.193800000000001527 ) ) ;
#65 = PLANE ( 'NONE',  #1476 ) ;
#66 = ORIENTED_EDGE ( 'NONE', *, *, #790, .F. ) ;
#67 = ORIENTED_EDGE ( 'NONE', *, *, #1921, .T. ) ;
#68 = DIRECTION ( 'NONE',  ( 0.9659258262890680902, -0.2588190451025213501, 0.000000000000000000 ) ) ;
#69 = EDGE_CURVE ( 'NONE', #978, #1303, #1263, .T. ) ;
#70 = AXIS2_PLACEMENT_3D ( 'NONE', #1219, #998, #364 ) ;
#71 = DIRECTION ( 'NONE',  ( 0.000000000000000000, 0.000000000000000000, -1.000000000000000000 ) ) ;
#72 = CARTESIAN_POINT ( 'NONE',  ( 1.778000000000000025, 0.1523999999999999244, -2.777088509435713615 ) ) ;
#73 = CARTESIAN_POINT ( 'NONE',  ( 1.856888044947248240, -0.1420141918529081171, 1.981199999999999850 ) ) ;
#74 = EDGE_CURVE ( 'NONE', #2322, #1633, #1333, .T. ) ;
#75 = ORIENTED_EDGE ( 'NONE', *, *, #794, .T. ) ;
#76 = CARTESIAN_POINT ( 'NONE',  ( 3.617825581981110705, 0.4876036891177248367, 0.1285762746738772222 ) ) ;
#77 = CARTESIAN_POINT ( 'NONE',  ( 3.757499009711481097, 0.3985609353837389346, -1.193800000000001527 ) ) ;
#78 = CARTESIAN_POINT ( 'NONE',  ( -3.588017573837866347, 0.4796166574077624367, 2.320742766958466152 ) ) ;
#79 = CARTESIAN_POINT ( 'NONE',  ( 3.699488381787732205, 0.3517090804830772521, 0.2159924637516561496 ) ) ;
#80 = ORIENTED_EDGE ( 'NONE', *, *, #1063, .T. ) ;
#81 = VERTEX_POINT ( 'NONE', #30 ) ;
#82 = CARTESIAN_POINT ( 'NONE',  ( 4.590342470416725718, 0.7848321319641913263, -1.193800000000001305 ) ) ;
#83 = CARTESIAN_POINT ( 'NONE',  ( -3.757499009711480653, 0.3985609353837387125, -2.035287304133416075 ) ) ;
#84 = ORIENTED_EDGE ( 'NONE', *, *, #901, .T. ) ;
#85 = ORIENTED_EDGE ( 'NONE', *, *, #1524, .T. ) ;
#86 = CARTESIAN_POINT ( 'NONE',  ( -4.676560697203335337, 0.7712909081974884673, 1.193800000000001305 ) ) ;
#87 = DIRECTION ( 'NONE',  ( -0.9659258262890680902, -0.2588190451025213501, 0.000000000000000000 ) ) ;
#88 = ORIENTED_EDGE ( 'NONE', *, *, #1964, .F. ) ;
#89 = EDGE_LOOP ( 'NONE', ( #602, #2302, #990, #1786 ) ) ;
#90 = CARTESIAN_POINT ( 'NONE',  ( -3.983712387895432805, 0.4721118992333978026, 1.567848837280679364 ) ) ;
#91 = AXIS2_PLACEMENT_3D ( 'NONE', #1646, #1844, #885 ) ;
#92 = ORIENTED_EDGE ( 'NONE', *, *, #38, .F. ) ;
#93 = ORIENTED_EDGE ( 'NONE', *, *, #1937, .F. ) ;
#94 = CARTESIAN_POINT ( 'NONE',  ( 3.655914136631593259, 0.5344528145417056786, 1.193800000000001527 ) ) ;
#95 = DIRECTION ( 'NONE',  ( 0.000000000000000000, 0.000000000000000000, 1.000000000000000000 ) ) ;
#96 = CARTESIAN_POINT ( 'NONE',  ( -3.672044865871626929, 0.3443556124496249815, 1.417821718789587182 ) ) ;
#97 = EDGE_CURVE ( 'NONE', #1840, #1340, #468, .T. ) ;
#98 = CARTESIAN_POINT ( 'NONE',  ( -4.123688280727457744, 0.6231491906215796961, 1.981199999999985861 ) ) ;
#99 = VERTEX_POINT ( 'NONE', #101 ) ;
#100 = ORIENTED_EDGE ( 'NONE', *, *, #2272, .F. ) ;
#101 = CARTESIAN_POINT ( 'NONE',  ( -3.627461596322116399, 0.3324095614416512356, -1.193800000000002415 ) ) ;
#102 = DIRECTION ( 'NONE',  ( -1.000000000000000000, 0.000000000000000000, 0.000000000000000000 ) ) ;
#103 = EDGE_CURVE ( 'NONE', #2070, #496, #418, .T. ) ;
#104 = ORIENTED_EDGE ( 'NONE', *, *, #326, .T. ) ;
#105 = DIRECTION ( 'NONE',  ( 1.182917971378669595E-16, 3.169619151431774186E-17, 1.000000000000000000 ) ) ;
#106 = CARTESIAN_POINT ( 'NONE',  ( 1.817444022473624798, 0.005192904073546061525, -1.981199999999999850 ) ) ;
#107 = DIRECTION ( 'NONE',  ( -0.000000000000000000, -1.000000000000000000, -0.000000000000000000 ) ) ;
#108 = B_SPLINE_CURVE_WITH_KNOTS ( 'NONE', 3,
 ( #527, #1999, #2446, #1080, #244, #460, #695, #229, #2456, #2043, #216, #1038, #870, #1079, #1862, #654, #40, #2029, #2219, #1022, #243, #2199, #1645, #2445, #1209, #1875, #1445, #2013, #481, #2268 ),
 .UNSPECIFIED., .F., .F.,
 ( 4, 1, 2, 2, 2, 1, 2, 2, 2, 1, 2, 2, 2, 1, 2, 2, 4 ),
 ( 0.000000000000000000, 0.06249999999999721056, 0.09374999999999600320, 0.1249999999999948097, 0.2499999999999909517, 0.3124999999999890643, 0.3437499999999887867, 0.3749999999999884537, 0.4999999999999887867, 0.5624999999999888978, 0.5937499999999896749, 0.6249999999999905631, 0.7499999999999938938, 0.8124999999999956701, 0.8437499999999965583, 0.8749999999999973355, 1.000000000000000000 ),
 .UNSPECIFIED. ) ;
#109 = CARTESIAN_POINT ( 'NONE',  ( 1.778000000000000025, -4.065758146820641628E-17, -0.4064000000000012047 ) ) ;
#110 = ORIENTED_EDGE ( 'NONE', *, *, #1142, .F. ) ;
#111 = DIRECTION ( 'NONE',  ( -0.9659258262890679791, -0.2588190451025216832, 1.589339925513297956E-16 ) ) ;
#112 = ORIENTED_EDGE ( 'NONE', *, *, #1758, .T. ) ;
#113 = CARTESIAN_POINT ( 'NONE',  ( -4.149597318605144913, 0.5608587641444073846, -1.564504857552128092 ) ) ;
#114 = VERTEX_POINT ( 'NONE', #2063 ) ;
#115 = VERTEX_POINT ( 'NONE', #1880 ) ;
#116 = DIRECTION ( 'NONE',  ( -0.2588190451025229044, -0.9659258262890677571, -0.000000000000000000 ) ) ;
#117 = CARTESIAN_POINT ( 'NONE',  ( -3.560168644584834396, 0.5835502763164661655, 1.193800000000001527 ) ) ;
#118 = CARTESIAN_POINT ( 'NONE',  ( 4.689732435860617166, 0.6170441749753671212, 1.019935346298296741 ) ) ;
#119 = ORIENTED_EDGE ( 'NONE', *, *, #1569, .T. ) ;
#120 =( LENGTH_UNIT ( ) NAMED_UNIT ( * ) SI_UNIT ( .MILLI., .METRE. ) );
#121 = ORIENTED_EDGE ( 'NONE', *, *, #769, .T. ) ;
#122 = DIRECTION ( 'NONE',  ( -1.000000000000000000, 2.667820306312764312E-15, 0.000000000000000000 ) ) ;
#123 = CARTESIAN_POINT ( 'NONE',  ( 4.646752689049464813, 0.7633038765271823456, -1.193800000000001305 ) ) ;
#124 = CARTESIAN_POINT ( 'NONE',  ( 4.650317700844791347, 0.6064830285579899671, -1.473246430416974562 ) ) ;
#125 = CARTESIAN_POINT ( 'NONE',  ( 4.503642882842084028, 0.5671816295241821626, -0.7406540290795123882 ) ) ;
#126 = AXIS2_PLACEMENT_3D ( 'NONE', #1314, #1578, #1983 ) ;
#127 = CARTESIAN_POINT ( 'NONE',  ( -4.644640375030336443, 0.8620217688892435337, 1.403521421503345135 ) ) ;
#128 = ORIENTED_EDGE ( 'NONE', *, *, #872, .T. ) ;
#129 = CARTESIAN_POINT ( 'NONE',  ( -3.588017573848492070, 0.4796166573681051593, -1.193800000000001749 ) ) ;
#130 = CARTESIAN_POINT ( 'NONE',  ( -4.163132303201082074, 0.4759420946951258835, 1.193799999999971773 ) ) ;
#131 = EDGE_CURVE ( 'NONE', #1840, #1035, #2137, .T. ) ;
#132 = EDGE_LOOP ( 'NONE', ( #39, #1329, #46, #458 ) ) ;
#133 = CARTESIAN_POINT ( 'NONE',  ( 4.439533611641127919, 0.5500036020785387114, 0.7027842578813456864 ) ) ;
#134 = CARTESIAN_POINT ( 'NONE',  ( -4.123128303524159044, 0.6596424732529487800, -0.7101043018659868311 ) ) ;
#135 = ORIENTED_EDGE ( 'NONE', *, *, #896, .F. ) ;
#136 = ORIENTED_EDGE ( 'NONE', *, *, #1574, .T. ) ;
#137 = EDGE_CURVE ( 'NONE', #1641, #1464, #1290, .T. ) ;
#138 = CARTESIAN_POINT ( 'NONE',  ( -4.123688280727457744, 0.6231491906215796961, -0.4063999999999862167 ) ) ;
#139 = DIRECTION ( 'NONE',  ( -0.9659258262890677571, 0.2588190451025228489, 0.000000000000000000 ) ) ;
#140 = CARTESIAN_POINT ( 'NONE',  ( -4.716004719666333500, 0.6240838123106912105, -2.320742766958464820 ) ) ;
#141 = ORIENTED_EDGE ( 'NONE', *, *, #1360, .T. ) ;
#142 = PLANE ( 'NONE',  #2453 ) ;
#143 = ORIENTED_EDGE ( 'NONE', *, *, #409, .F. ) ;
#144 = CARTESIAN_POINT ( 'NONE',  ( 4.590342470416725718, 0.7848321319641913263, -1.193800000000001305 ) ) ;
#145 = CARTESIAN_POINT ( 'NONE',  ( 4.406616775308905609, 0.5411835623659319028, -1.702480357112778009 ) ) ;
#146 = EDGE_LOOP ( 'NONE', ( #93, #541, #917, #1808, #936 ) ) ;
#147 = CARTESIAN_POINT ( 'NONE',  ( -4.043175295705914607, 0.9580311606485925058, 0.9840785784966579186 ) ) ;
#148 = ORIENTED_EDGE ( 'NONE', *, *, #415, .F. ) ;
#149 = DIRECTION ( 'NONE',  ( -0.9659258262890678681, 0.2588190451025222383, 0.000000000000000000 ) ) ;
#150 = CARTESIAN_POINT ( 'NONE',  ( -4.240607120965447230, 0.4967014095488330172, 1.757204247544734477 ) ) ;
#151 = ORIENTED_EDGE ( 'NONE', *, *, #1964, .T. ) ;
#152 = CARTESIAN_POINT ( 'NONE',  ( 3.627461596311491565, 0.3324095614813085131, -0.06685723304153835811 ) ) ;
#153 = CARTESIAN_POINT ( 'NONE',  ( 4.716004719666333500, 0.6240838123106912105, 1.193800000000001749 ) ) ;
#154 = EDGE_LOOP ( 'NONE', ( #508, #1376, #1852, #993, #1385 ) ) ;
#155 = CARTESIAN_POINT ( 'NONE',  ( 4.124388626720731921, 0.6549388830493791946, 1.681858922883829655 ) ) ;
#156 = AXIS2_PLACEMENT_3D ( 'NONE', #1853, #2417, #1670 ) ;
#157 = CARTESIAN_POINT ( 'NONE',  ( 4.473104459027870128, 0.5992748119211456226, -0.7057410771161731766 ) ) ;
#158 = DIRECTION ( 'NONE',  ( -1.000000000000000000, 0.000000000000000000, -0.000000000000000000 ) ) ;
#159 = EDGE_LOOP ( 'NONE', ( #128, #2258, #1709, #1702, #165, #1817, #41, #85 ) ) ;
#160 = ADVANCED_FACE ( 'NONE', ( #2184 ), #1298, .T. ) ;
#161 = AXIS2_PLACEMENT_3D ( 'NONE', #269, #2038, #475 ) ;
#162 = UNCERTAINTY_MEASURE_WITH_UNIT (LENGTH_MEASURE( 1.000000000000000082E-05 ), #120, 'distance_accuracy_value', 'NONE');
#163 = CARTESIAN_POINT ( 'NONE',  ( -1.778000000000000025, -0.1523999999999999522, -0.4064000000000010937 ) ) ;
#164 = CARTESIAN_POINT ( 'NONE',  ( -4.163132303201082074, 0.4759420946951258280, -1.981199999999999850 ) ) ;
#165 = ORIENTED_EDGE ( 'NONE', *, *, #1444, .T. ) ;
#166 = CARTESIAN_POINT ( 'NONE',  ( -3.800536914235475017, 0.6426911727966159171, 1.033069296824539407 ) ) ;
#167 = EDGE_CURVE ( 'NONE', #1303, #622, #1342, .T. ) ;
#168 = PRESENTATION_LAYER_ASSIGNMENT (  '', '', ( #328 ) ) ;
#169 = PRODUCT ( 'keystone-PN112TR', 'keystone-PN112TR', '', ( #1176 ) ) ;
#170 = CARTESIAN_POINT ( 'NONE',  ( -4.088321254979879527, 0.7895441468817187003, -1.354530703175464534 ) ) ;
#171 = CARTESIAN_POINT ( 'NONE',  ( -4.149597318605144025, 0.5608587641444072736, -1.193800000000001527 ) ) ;
#172 = CARTESIAN_POINT ( 'NONE',  ( 3.757499009711480209, 0.3985609353837386015, 1.193800000000001749 ) ) ;
#173 = EDGE_CURVE ( 'NONE', #1635, #1616, #447, .T. ) ;
#174 = CARTESIAN_POINT ( 'NONE',  ( -4.043175295705914607, 0.9580311606485923948, -1.403521421503344691 ) ) ;
#175 = CARTESIAN_POINT ( 'NONE',  ( -4.337631315160280110, 0.5669441899801026530, 1.567848837280678920 ) ) ;
#176 = DIRECTION ( 'NONE',  ( 0.9659258262890680902, 0.2588190451025214056, 0.000000000000000000 ) ) ;
#177 = ORIENTED_EDGE ( 'NONE', *, *, #1170, .T. ) ;
#178 = CARTESIAN_POINT ( 'NONE',  ( -4.644640375030336443, 0.8620217688892441998, -1.403521421503345357 ) ) ;
#179 = CARTESIAN_POINT ( 'NONE',  ( 4.150563231539367237, 0.5572539279982015037, -1.567848837280678920 ) ) ;
#180 = ORIENTED_EDGE ( 'NONE', *, *, #2427, .F. ) ;
#181 = DIRECTION ( 'NONE',  ( -0.2588190451025217387, 0.9659258262890680902, 0.000000000000000000 ) ) ;
#182 = ADVANCED_FACE ( 'NONE', ( #2190 ), #50, .T. ) ;
#183 =( BOUNDED_CURVE ( )  B_SPLINE_CURVE ( 3, ( #1201, #1617, #1062, #1250 ),
 .UNSPECIFIED., .F., .F. ) 
 B_SPLINE_CURVE_WITH_KNOTS ( ( 4, 4 ),
 ( 0.000000000000000000, 1.000000000000000000 ),
 .UNSPECIFIED. ) 
 CURVE ( )  GEOMETRIC_REPRESENTATION_ITEM ( )  RATIONAL_B_SPLINE_CURVE ( ( 1.000000000000000000, 0.3333333333333332038, 0.3333333333333332038, 1.000000000000000000 ) ) 
 REPRESENTATION_ITEM ( '' )  );
#184 = DIRECTION ( 'NONE',  ( -1.182917971378669595E-16, 3.169619151431774186E-17, -1.000000000000000000 ) ) ;
#185 = VERTEX_POINT ( 'NONE', #138 ) ;
#186 = CARTESIAN_POINT ( 'NONE',  ( 3.757499009711481985, 0.3985609353837386570, -1.193800000000001527 ) ) ;
#187 = AXIS2_PLACEMENT_3D ( 'NONE', #882, #768, #1734 ) ;
#188 = EDGE_LOOP ( 'NONE', ( #588, #576, #532 ) ) ;
#189 =( BOUNDED_SURFACE ( )  B_SPLINE_SURFACE ( 3, 3, ( 
 ( #1612, #414, #1823, #2547 ),
 ( #1970, #1167, #1765, #2401 ),
 ( #1960, #375, #638, #813 ),
 ( #1007, #1246, #1493, #1895 ) ),
 .UNSPECIFIED., .F., .F., .F. ) 
 B_SPLINE_SURFACE_WITH_KNOTS ( ( 4, 4 ),
 ( 4, 4 ),
 ( 0.000000000000000000, 1.000000000000000000 ),
 ( 0.000000000000000000, 1.000000000000000000 ),
 .UNSPECIFIED. ) 
 GEOMETRIC_REPRESENTATION_ITEM ( )  RATIONAL_B_SPLINE_SURFACE ( (
 ( 1.000000000000000000, 0.9420348673768951242, 0.9420348673768951242, 1.000000000000000000),
 ( 0.7757257530573672399, 0.7307607069022390434, 0.7307607069022390434, 0.7757257530573672399),
 ( 0.7757257530573672399, 0.7307607069022390434, 0.7307607069022390434, 0.7757257530573672399),
 ( 1.000000000000000000, 0.9420348673768951242, 0.9420348673768951242, 1.000000000000000000) ) ) 
 REPRESENTATION_ITEM ( '' )  SURFACE ( )  );
#190 = CARTESIAN_POINT ( 'NONE',  ( -3.850223892805034964, 0.4323744672206967232, -0.7057410771161738428 ) ) ;
#191 = CARTESIAN_POINT ( 'NONE',  ( -4.150563231539367237, 0.5572539279982012816, 1.567848837280678920 ) ) ;
#192 = CARTESIAN_POINT ( 'NONE',  ( -4.716004719666333500, 0.6240838123106912105, 0.06685723304153835811 ) ) ;
#193 = VERTEX_POINT ( 'NONE', #1131 ) ;
#194 = EDGE_CURVE ( 'NONE', #1762, #519, #772, .T. ) ;
#195 = DIRECTION ( 'NONE',  ( -0.000000000000000000, -0.000000000000000000, -1.000000000000000000 ) ) ;
#196 = CARTESIAN_POINT ( 'NONE',  ( -1.856888044947248906, -0.1420141918529078673, -1.981199999999999850 ) ) ;
#197 = EDGE_CURVE ( 'NONE', #800, #1643, #1349, .T. ) ;
#198 = VERTEX_POINT ( 'NONE', #1697 ) ;
#199 = CARTESIAN_POINT ( 'NONE',  ( -4.003693176826861766, 0.6225986347202048243, 1.681858922883829877 ) ) ;
#200 = ADVANCED_FACE ( 'NONE', ( #473 ), #9, .T. ) ;
#201 = DIRECTION ( 'NONE',  ( 0.000000000000000000, 0.000000000000000000, 1.000000000000000000 ) ) ;
#202 = CARTESIAN_POINT ( 'NONE',  ( 4.699285993617810853, 0.6196040430612513861, -1.333680347443124692 ) ) ;
#203 = CARTESIAN_POINT ( 'NONE',  ( -4.671421450159328970, 0.6121377611440894650, -1.417821718789618712 ) ) ;
#204 = CARTESIAN_POINT ( 'NONE',  ( -4.646752689049465701, 0.7633038765271826787, -0.1285762746738783047 ) ) ;
#205 = CARTESIAN_POINT ( 'NONE',  ( 3.627461596322116399, 0.3324095614416511246, -1.193800000000001749 ) ) ;
#206 = CARTESIAN_POINT ( 'NONE',  ( 3.658807630412005185, 0.3408087058981983386, 1.383201936456034176 ) ) ;
#207 = CARTESIAN_POINT ( 'NONE',  ( -1.817444022473624798, 0.005192904073546169945, 0.4064000000000007606 ) ) ;
#208 = CARTESIAN_POINT ( 'NONE',  ( 4.676560697192709171, 0.7712909082371457448, -0.06685723304153726176 ) ) ;
#209 = AXIS2_PLACEMENT_3D ( 'NONE', #2253, #2461, #1497 ) ;
#210 = DIRECTION ( 'NONE',  ( -0.9659258262890680902, -0.2588190451025217942, 0.000000000000000000 ) ) ;
#211 = PLANE ( 'NONE',  #2138 ) ;
#212 = DIRECTION ( 'NONE',  ( 1.000000000000000000, 0.000000000000000000, 0.000000000000000000 ) ) ;
#213 = CARTESIAN_POINT ( 'NONE',  ( -4.354681379987460410, 0.5272675151309601516, -1.724819581052212447 ) ) ;
#214 = ADVANCED_FACE ( 'NONE', ( #486 ), #211, .T. ) ;
#215 = CARTESIAN_POINT ( 'NONE',  ( -3.955386035220092467, 0.4202766499590364635, 0.6764676653315647714 ) ) ;
#216 = CARTESIAN_POINT ( 'NONE',  ( -4.439533611641182986, 0.5500036020785532553, -0.7027842578813793262 ) ) ;
#217 = CARTESIAN_POINT ( 'NONE',  ( 3.983712387895432805, 0.4721118992333978026, -1.567848837280679364 ) ) ;
#218 = EDGE_CURVE ( 'NONE', #636, #424, #1301, .T. ) ;
#219 = AXIS2_PLACEMENT_3D ( 'NONE', #566, #1981, #1207 ) ;
#220 = CARTESIAN_POINT ( 'NONE',  ( 3.955386035220121776, 0.4202766499590441240, 1.711132334668434174 ) ) ;
#221 = CIRCLE ( 'NONE', #209, 0.3707048575521265099 ) ;
#222 = DIRECTION ( 'NONE',  ( 0.000000000000000000, 0.000000000000000000, -1.000000000000000000 ) ) ;
#223 = DIRECTION ( 'NONE',  ( 0.9659258262890678681, 0.2588190451025222383, 0.000000000000000000 ) ) ;
#224 =( LENGTH_UNIT ( ) NAMED_UNIT ( * ) SI_UNIT ( .MILLI., .METRE. ) );
#225 = FACE_BOUND ( 'NONE', #484, .T. ) ;
#226 = CARTESIAN_POINT ( 'NONE',  ( -4.716004719666336165, 0.6240838123106917656, -0.06685723304153597113 ) ) ;
#227 = CARTESIAN_POINT ( 'NONE',  ( -3.627461596338056982, 0.3324095613821653750, 1.158063194893067527 ) ) ;
#228 = CIRCLE ( 'NONE', #126, 0.3047999999999991827 ) ;
#229 = CARTESIAN_POINT ( 'NONE',  ( -4.609438554406365185, 0.5955294942825403171, -0.8501817678405656498 ) ) ;
#230 = CARTESIAN_POINT ( 'NONE',  ( 3.627461596338056538, 0.3324095613821652639, -1.265630355999973311 ) ) ;
#231 = CIRCLE ( 'NONE', #1564, 0.7874000000000007660 ) ;
#232 = CARTESIAN_POINT ( 'NONE',  ( -4.507670714445554339, 0.6568042413909146449, 1.935209715104255546 ) ) ;
#233 = CARTESIAN_POINT ( 'NONE',  ( -4.590342470416725718, 0.7848321319641914373, 0.2264086037319717470 ) ) ;
#234 = AXIS2_PLACEMENT_3D ( 'NONE', #2329, #2495, #139 ) ;
#235 = CARTESIAN_POINT ( 'NONE',  ( -1.778000000000000025, 0.1523999999999992305, 1.981199999999999850 ) ) ;
#236 = CARTESIAN_POINT ( 'NONE',  ( 3.655914136631592370, 0.5344528145417047904, -2.161191396268032250 ) ) ;
#237 =( NAMED_UNIT ( * ) PLANE_ANGLE_UNIT ( ) SI_UNIT ( $, .RADIAN. ) );
#238 = EDGE_CURVE ( 'NONE', #1373, #2331, #1307, .T. ) ;
#239 = CARTESIAN_POINT ( 'NONE',  ( -4.123688280727457744, 0.6231491906215796961, 1.193799999999971773 ) ) ;
#240 = DIRECTION ( 'NONE',  ( 0.000000000000000000, 0.000000000000000000, -1.000000000000000000 ) ) ;
#241 = CARTESIAN_POINT ( 'NONE',  ( -3.653733880170338288, 0.3394491986183469368, 1.019935346298286527 ) ) ;
#242 = EDGE_CURVE ( 'NONE', #1373, #978, #461, .T. ) ;
#243 = CARTESIAN_POINT ( 'NONE',  ( -3.901808633811497451, 0.4059206285190454788, -0.6983328224963919473 ) ) ;
#244 = CARTESIAN_POINT ( 'NONE',  ( -4.689732435860616278, 0.6170441749753673433, -1.019935346298305179 ) ) ;
#245 = CIRCLE ( 'NONE', #1346, 0.1524000000000000077 ) ;
#246 = CARTESIAN_POINT ( 'NONE',  ( 1.856888044947248684, -0.1420141918529080061, -1.981199999999999850 ) ) ;
#247 = CARTESIAN_POINT ( 'NONE',  ( 3.791523922764734600, 0.4649132868978996247, 1.193800000000001527 ) ) ;
#248 = CIRCLE ( 'NONE', #703, 0.3047999999999991827 ) ;
#249 = DIRECTION ( 'NONE',  ( 0.9659258262890680902, -0.2588190451025217942, 0.000000000000000000 ) ) ;
#250 = CARTESIAN_POINT ( 'NONE',  ( -4.570313329268307356, 0.6163538759054437710, -1.193800000000001749 ) ) ;
#251 = CARTESIAN_POINT ( 'NONE',  ( 3.641833057229554527, 0.5069931490689214559, -1.193800000000001527 ) ) ;
#252 = FACE_OUTER_BOUND ( 'NONE', #1380, .T. ) ;
#253 = PLANE ( 'NONE',  #1958 ) ;
#254 = CARTESIAN_POINT ( 'NONE',  ( -3.903932704389773800, 0.4064897715151614688, -1.684815742118627613 ) ) ;
#255 = DIRECTION ( 'NONE',  ( -0.2588190451025229044, -0.9659258262890676461, -0.000000000000000000 ) ) ;
#256 = LINE ( 'NONE', #1718, #1968 ) ;
#257 = AXIS2_PLACEMENT_3D ( 'NONE', #20, #649, #210 ) ;
#258 = CARTESIAN_POINT ( 'NONE',  ( 4.150563231539367237, 0.5572539279982013927, 1.567848837280678920 ) ) ;
#259 = CYLINDRICAL_SURFACE ( 'NONE', #1982, 0.1523999999999993693 ) ;
#260 = CARTESIAN_POINT ( 'NONE',  ( 1.817444022473624798, 0.005192904073546061525, 1.981200000000001626 ) ) ;
#261 = CARTESIAN_POINT ( 'NONE',  ( -4.884258276347471117, 0.8269433067353063604, 1.193799999999971773 ) ) ;
#262 = AXIS2_PLACEMENT_3D ( 'NONE', #1818, #49, #426 ) ;
#263 = AXIS2_PLACEMENT_3D ( 'NONE', #297, #1701, #1534 ) ;
#264 = CIRCLE ( 'NONE', #56, 0.4836956981340151396 ) ;
#265 = DIRECTION ( 'NONE',  ( -0.2588190451025216832, -0.9659258262890680902, 0.000000000000000000 ) ) ;
#266 =( BOUNDED_SURFACE ( )  B_SPLINE_SURFACE ( 3, 3, ( 
 ( #1486, #1033, #1193, #1656 ),
 ( #1857, #1872, #1800, #1837 ),
 ( #1017, #1050, #680, #1979 ),
 ( #2026, #665, #499, #2191 ) ),
 .UNSPECIFIED., .F., .F., .F. ) 
 B_SPLINE_SURFACE_WITH_KNOTS ( ( 4, 4 ),
 ( 4, 4 ),
 ( 0.000000000000000000, 1.000000000000000000 ),
 ( 0.000000000000000000, 1.000000000000000000 ),
 .UNSPECIFIED. ) 
 GEOMETRIC_REPRESENTATION_ITEM ( )  RATIONAL_B_SPLINE_SURFACE ( (
 ( 1.000000000000000000, 0.9420348673768949022, 0.9420348673768949022, 1.000000000000000000),
 ( 0.7757257530573673510, 0.7307607069022389323, 0.7307607069022389323, 0.7757257530573673510),
 ( 0.7757257530573673510, 0.7307607069022389323, 0.7307607069022389323, 0.7757257530573673510),
 ( 1.000000000000000000, 0.9420348673768949022, 0.9420348673768949022, 1.000000000000000000) ) ) 
 REPRESENTATION_ITEM ( '' )  SURFACE ( )  );
#267 = CARTESIAN_POINT ( 'NONE',  ( 4.648711767939678552, 0.8752245271458490850, -1.193800000000001527 ) ) ;
#268 = EDGE_CURVE ( 'NONE', #18, #1675, #1330, .T. ) ;
#269 = CARTESIAN_POINT ( 'NONE',  ( -1.856888044947248906, -0.1420141918529078950, 1.981199999999999850 ) ) ;
#270 = CARTESIAN_POINT ( 'NONE',  ( -4.163132303201082074, 0.4759420946951259945, -0.4064000000000007051 ) ) ;
#271 = CARTESIAN_POINT ( 'NONE',  ( 4.163132303201083850, 0.4759420946951234410, -1.981199999999985861 ) ) ;
#272 = FACE_OUTER_BOUND ( 'NONE', #820, .T. ) ;
#273 = EDGE_CURVE ( 'NONE', #1633, #1295, #1338, .T. ) ;
#274 = CARTESIAN_POINT ( 'NONE',  ( 4.646752689049464813, 0.7633038765271825676, 1.193800000000001749 ) ) ;
#275 = CARTESIAN_POINT ( 'NONE',  ( 1.778000000000000025, 0.1523999999999999244, -0.3894885094357126709 ) ) ;
#276 = CARTESIAN_POINT ( 'NONE',  ( -3.640199673347647380, 0.3358227188300109689, 1.334767301082733892 ) ) ;
#277 = VECTOR ( 'NONE', #766, 1000.000000000000114 ) ;
#278 = B_SPLINE_CURVE_WITH_KNOTS ( 'NONE', 3,
 ( #1530, #466, #1848, #1495, #118, #2018, #876, #727, #1695, #2492, #133, #2248, #1069, #1665, #1867, #2032, #997, #1014, #1408, #2139, #1190, #2394, #385, #1327, #1175, #1770, #1557, #1728, #1128, #1386 ),
 .UNSPECIFIED., .F., .F.,
 ( 4, 1, 2, 2, 2, 1, 2, 2, 2, 1, 2, 2, 2, 1, 2, 2, 4 ),
 ( 0.000000000000000000, 0.06249999999999863998, 0.09374999999999815425, 0.1249999999999976685, 0.2499999999999958367, 0.3124999999999948930, 0.3437499999999950040, 0.3749999999999951150, 0.4999999999999940048, 0.5624999999999942268, 0.5937499999999950040, 0.6249999999999956701, 0.7499999999999970024, 0.8124999999999978906, 0.8437499999999983347, 0.8749999999999986677, 1.000000000000000000 ),
 .UNSPECIFIED. ) ;
#279 = CARTESIAN_POINT ( 'NONE',  ( 3.791523922764734156, 0.4649132868978996247, 0.4523902848957483402 ) ) ;
#280 = CIRCLE ( 'NONE', #1631, 0.7874000000000005439 ) ;
#281 = VECTOR ( 'NONE', #1684, 1000.000000000000114 ) ;
#282 = CARTESIAN_POINT ( 'NONE',  ( 1.817444022473624576, 0.005192904073546007748, -0.4064000000000009827 ) ) ;
#283 = CARTESIAN_POINT ( 'NONE',  ( -1.856888044947248906, -0.1420141918529078395, -1.981199999999999850 ) ) ;
#284 = CARTESIAN_POINT ( 'NONE',  ( -4.368475062229300931, 0.6675827368833644471, 1.681858922883829877 ) ) ;
#285 = AXIS2_PLACEMENT_3D ( 'NONE', #1098, #95, #1056 ) ;
#286 = CARTESIAN_POINT ( 'NONE',  ( -3.834999779658292862, 0.9022506992396999159, 0.9840785784966578076 ) ) ;
#287 = CARTESIAN_POINT ( 'NONE',  ( 3.983712387895432805, 0.4721118992333976916, 1.567848837280679364 ) ) ;
#288 = CIRCLE ( 'NONE', #2525, 0.1075999999999997098 ) ;
#289 = EDGE_CURVE ( 'NONE', #1464, #1658, #905, .T. ) ;
#290 = CARTESIAN_POINT ( 'NONE',  ( -4.923702298821094558, 0.6797362108088526034, -1.193799999999971773 ) ) ;
#291 = FACE_OUTER_BOUND ( 'NONE', #2299, .T. ) ;
#292 = CARTESIAN_POINT ( 'NONE',  ( -3.667674287902615404, 0.7664174000623505956, -1.403521421503344691 ) ) ;
#293 = CARTESIAN_POINT ( 'NONE',  ( -1.778000000000000025, 0.000000000000000000, 1.981199999999999850 ) ) ;
#294 = CARTESIAN_POINT ( 'NONE',  ( -1.778000000000000025, -6.776263578034402713E-17, -0.4064000000000010937 ) ) ;
#295 = EDGE_CURVE ( 'NONE', #2493, #1762, #501, .T. ) ;
#296 = AXIS2_PLACEMENT_3D ( 'NONE', #634, #1181, #37 ) ;
#297 = CARTESIAN_POINT ( 'NONE',  ( 4.163132303201083850, 0.4759420946951234410, 1.193799999999971773 ) ) ;
#298 = CIRCLE ( 'NONE', #1603, 0.4836956981340147510 ) ;
#299 = CARTESIAN_POINT ( 'NONE',  ( -3.617825581981109817, 0.4876036891177241150, -1.193800000000001971 ) ) ;
#300 = CARTESIAN_POINT ( 'NONE',  ( 3.617825581981112038, 0.4876036891177246702, -0.1285762746738806916 ) ) ;
#301 = CARTESIAN_POINT ( 'NONE',  ( 4.609438554406498412, 0.5955294942825757332, -1.537418232159329934 ) ) ;
#302 = CARTESIAN_POINT ( 'NONE',  ( 4.583065463705819909, 0.5884628459274164891, -0.8227213310661501966 ) ) ;
#303 = EDGE_CURVE ( 'NONE', #1345, #496, #2206, .T. ) ;
#304 = CARTESIAN_POINT ( 'NONE',  ( -4.251350811753535908, 1.013811622057485096, 0.9840785784966578076 ) ) ;
#305 = CIRCLE ( 'NONE', #2402, 0.5000000000000000000 ) ;
#306 = CARTESIAN_POINT ( 'NONE',  ( 4.643977934190091972, 0.6047842933089226936, -2.171607536248346459 ) ) ;
#307 = DIRECTION ( 'NONE',  ( -1.000000000000000000, -2.667820306312767862E-15, 0.000000000000000000 ) ) ;
#308 = LINE ( 'NONE', #573, #2056 ) ;
#309 = CARTESIAN_POINT ( 'NONE',  ( -4.163132303201082074, 0.4759420946951259945, 0.4064000000000007051 ) ) ;
#310 = CARTESIAN_POINT ( 'NONE',  ( -4.676560697203335337, 0.7712909081974884673, -1.193800000000001749 ) ) ;
#311 = CARTESIAN_POINT ( 'NONE',  ( -4.923702298821094558, 0.6797362108088526034, 1.193799999999971773 ) ) ;
#312 = CARTESIAN_POINT ( 'NONE',  ( 4.043175295705914607, 0.9580311606485925058, -1.403521421503345135 ) ) ;
#313 = LINE ( 'NONE', #715, #1177 ) ;
#314 = PLANE ( 'NONE',  #2346 ) ;
#315 = CARTESIAN_POINT ( 'NONE',  ( 4.616266875627988320, 0.7680919037863578325, -0.1849918784260582705 ) ) ;
#316 = CARTESIAN_POINT ( 'NONE',  ( -4.123128303524159044, 0.6596424732529486690, -1.193800000000001527 ) ) ;
#317 = CARTESIAN_POINT ( 'NONE',  ( -3.655914136631593703, 0.5344528145417049014, 1.193800000000001305 ) ) ;
#318 = AXIS2_PLACEMENT_3D ( 'NONE', #1273, #1106, #2356 ) ;
#319 = CARTESIAN_POINT ( 'NONE',  ( -4.703266642683308518, 0.6206706547637035332, 1.052832698917402832 ) ) ;
#320 = VECTOR ( 'NONE', #1980, 1000.000000000000000 ) ;
#321 =( BOUNDED_CURVE ( )  B_SPLINE_CURVE ( 3, ( #1097, #1365, #208, #362 ),
 .UNSPECIFIED., .F., .F. ) 
 B_SPLINE_CURVE_WITH_KNOTS ( ( 4, 4 ),
 ( 0.000000000000000000, 1.000000000000000000 ),
 .UNSPECIFIED. ) 
 CURVE ( )  GEOMETRIC_REPRESENTATION_ITEM ( )  RATIONAL_B_SPLINE_CURVE ( ( 1.000000000000000000, 0.3333333333333335369, 0.3333333333333335369, 1.000000000000000000 ) ) 
 REPRESENTATION_ITEM ( '' )  );
#322 = CIRCLE ( 'NONE', #1208, 0.4836956981340147510 ) ;
#323 = UNCERTAINTY_MEASURE_WITH_UNIT (LENGTH_MEASURE( 1.000000000000000082E-05 ), #224, 'distance_accuracy_value', 'NONE');
#324 = CARTESIAN_POINT ( 'NONE',  ( -4.236437919264543162, 0.2367652303237330058, 1.193800000000001527 ) ) ;
#325 = CARTESIAN_POINT ( 'NONE',  ( 4.339601660968815722, 0.5232269165978256087, 1.730101685794041222 ) ) ;
#326 = EDGE_CURVE ( 'NONE', #1340, #798, #506, .T. ) ;
#327 = CARTESIAN_POINT ( 'NONE',  ( 4.251350811753535019, 1.013811622057484430, 1.403521421503345579 ) ) ;
#328 = STYLED_ITEM ( 'NONE', ( #732 ), #2024 ) ;
#329 = DIRECTION ( 'NONE',  ( -1.000000000000000000, -0.000000000000000000, 0.000000000000000000 ) ) ;
#330 = CARTESIAN_POINT ( 'NONE',  ( -4.123128303524159932, 0.6596424732529483359, 0.7101043018659864980 ) ) ;
#331 = CARTESIAN_POINT ( 'NONE',  ( -4.043175295705914607, 0.9580311606485918396, -1.403521421503345357 ) ) ;
#332 = CARTESIAN_POINT ( 'NONE',  ( 3.641833057229554971, 0.5069931490689216780, -0.1849918784260599913 ) ) ;
#333 = DIRECTION ( 'NONE',  ( 0.2588190451025215166, 0.9659258262890680902, -0.000000000000000000 ) ) ;
#334 = CARTESIAN_POINT ( 'NONE',  ( -4.410976291918440317, 0.8062579110749241718, -1.033069296824538963 ) ) ;
#335 = ADVANCED_FACE ( 'NONE', ( #1361, #2216 ), #1057, .F. ) ;
#336 = CARTESIAN_POINT ( 'NONE',  ( 3.834999779658292862, 0.9022506992397001380, 1.403521421503344691 ) ) ;
#337 = DIRECTION ( 'NONE',  ( 0.9659258262890680902, 0.2588190451025215166, 0.000000000000000000 ) ) ;
#338 = CARTESIAN_POINT ( 'NONE',  ( -4.124388626720732809, 0.6549388830493796387, -0.7057410771161738428 ) ) ;
#339 = CARTESIAN_POINT ( 'NONE',  ( -4.163132303201082074, 0.4759420946951258835, -0.4063999999999860502 ) ) ;
#340 = CARTESIAN_POINT ( 'NONE',  ( -3.791523922764735044, 0.4649132868978992916, 1.193800000000001305 ) ) ;
#341 = CARTESIAN_POINT ( 'NONE',  ( -4.251350811753535019, 1.013811622057484430, -1.403521421503345579 ) ) ;
#342 = CARTESIAN_POINT ( 'NONE',  ( 3.983712387895432805, 0.4721118992333979136, -0.8197511627193243555 ) ) ;
#343 = CARTESIAN_POINT ( 'NONE',  ( -4.507670714445553450, 0.6568042413909146449, 1.193800000000001527 ) ) ;
#344 = PRESENTATION_LAYER_ASSIGNMENT (  '', '', ( #581 ) ) ;
#345 = MANIFOLD_SOLID_BREP ( 'Mirror2', #1623 ) ;
#346 = CARTESIAN_POINT ( 'NONE',  ( 3.667674287902615404, 0.7664174000623505956, 0.9840785784966582517 ) ) ;
#347 = EDGE_CURVE ( 'NONE', #935, #738, #2233, .T. ) ;
#348 = ORIENTED_EDGE ( 'NONE', *, *, #326, .F. ) ;
#349 = CARTESIAN_POINT ( 'NONE',  ( 4.368475062229300931, 0.6675827368833653352, 0.7057410771161738428 ) ) ;
#350 = CARTESIAN_POINT ( 'NONE',  ( -4.716004719666333500, 0.6240838123106912105, -1.193800000000001749 ) ) ;
#351 = FACE_OUTER_BOUND ( 'NONE', #1785, .T. ) ;
#352 = ADVANCED_FACE ( 'NONE', ( #2315 ), #746, .F. ) ;
#353 = DIRECTION ( 'NONE',  ( -0.9659258262890679791, 0.2588190451025215721, -0.000000000000000000 ) ) ;
#354 = VECTOR ( 'NONE', #1154, 1000.000000000000227 ) ;
#355 = CARTESIAN_POINT ( 'NONE',  ( 3.834999779658292862, 0.9022506992396999159, -1.403521421503345801 ) ) ;
#356 = CARTESIAN_POINT ( 'NONE',  ( 3.697448371588673677, 0.3511624612914269750, -1.471047430741756035 ) ) ;
#357 = CARTESIAN_POINT ( 'NONE',  ( 3.936849540722012541, 0.4153098112277713305, -0.6851196428872529109 ) ) ;
#358 = CARTESIAN_POINT ( 'NONE',  ( 3.588017573837866347, 0.4796166574077624367, 0.06685723304153726176 ) ) ;
#359 =( BOUNDED_SURFACE ( )  B_SPLINE_SURFACE ( 3, 3, ( 
 ( #1212, #416, #232, #343 ),
 ( #844, #658, #1449, #1628 ),
 ( #1935, #1423, #1157, #1615 ),
 ( #2403, #607, #1359, #2391 ) ),
 .UNSPECIFIED., .F., .F., .F. ) 
 B_SPLINE_SURFACE_WITH_KNOTS ( ( 4, 4 ),
 ( 4, 4 ),
 ( 0.000000000000000000, 1.000000000000000000 ),
 ( 0.000000000000000000, 1.000000000000000000 ),
 .UNSPECIFIED. ) 
 GEOMETRIC_REPRESENTATION_ITEM ( )  RATIONAL_B_SPLINE_SURFACE ( (
 ( 1.000000000000000000, 0.3333333333333332038, 0.3333333333333332038, 1.000000000000000000),
 ( 0.9427141906301195196, 0.3142380635433730252, 0.3142380635433730252, 0.9427141906301195196),
 ( 0.9427141906301195196, 0.3142380635433730252, 0.3142380635433730252, 0.9427141906301195196),
 ( 1.000000000000000000, 0.3333333333333332038, 0.3333333333333332038, 1.000000000000000000) ) ) 
 REPRESENTATION_ITEM ( '' )  SURFACE ( )  );
#360 = CARTESIAN_POINT ( 'NONE',  ( -4.417819387507435636, 0.5145929292794452214, -1.567848837280678920 ) ) ;
#361 = ORIENTED_EDGE ( 'NONE', *, *, #2384, .F. ) ;
#362 = CARTESIAN_POINT ( 'NONE',  ( 4.676560697203335337, 0.7712909081974883563, -1.193800000000001305 ) ) ;
#363 = FACE_OUTER_BOUND ( 'NONE', #632, .T. ) ;
#364 = DIRECTION ( 'NONE',  ( 1.000000000000000000, -1.778546870875171212E-15, 0.000000000000000000 ) ) ;
#365 = AXIS2_PLACEMENT_3D ( 'NONE', #2357, #2288, #1902 ) ;
#366 = ORIENTED_EDGE ( 'NONE', *, *, #624, .T. ) ;
#367 = CARTESIAN_POINT ( 'NONE',  ( 3.588017573848492070, 0.4796166573681051593, 1.193800000000001527 ) ) ;
#368 = CARTESIAN_POINT ( 'NONE',  ( -4.257040810899132666, 0.5011048034952275687, -1.752384842029836909 ) ) ;
#369 = CYLINDRICAL_SURFACE ( 'NONE', #1660, 0.1523999999999993693 ) ;
#370 = CARTESIAN_POINT ( 'NONE',  ( -3.641833057229553638, 0.5069931490689220110, -1.193800000000001305 ) ) ;
#371 = VERTEX_POINT ( 'NONE', #1267 ) ;
#372 = ADVANCED_FACE ( 'NONE', ( #635, #2333 ), #514, .T. ) ;
#373 = CARTESIAN_POINT ( 'NONE',  ( -4.368475062229300043, 0.6675827368833647801, -1.681858922883829877 ) ) ;
#374 = EDGE_LOOP ( 'NONE', ( #1766, #348, #542, #398, #438 ) ) ;
#375 = CARTESIAN_POINT ( 'NONE',  ( 4.247867174697553594, 0.8322943472257496866, -1.033069296824538963 ) ) ;
#376 = DIRECTION ( 'NONE',  ( -0.2588190451025215166, 0.9659258262890680902, -0.000000000000000000 ) ) ;
#377 = ORIENTED_EDGE ( 'NONE', *, *, #303, .F. ) ;
#378 = DIRECTION ( 'NONE',  ( 0.9659258262890680902, -0.2588190451025214611, 0.000000000000000000 ) ) ;
#379 = EDGE_CURVE ( 'NONE', #198, #824, #2222, .T. ) ;
#380 = LINE ( 'NONE', #2467, #1235 ) ;
#381 = VERTEX_POINT ( 'NONE', #311 ) ;
#382 = CARTESIAN_POINT ( 'NONE',  ( -4.676560697203335337, 0.7712909081974884673, -1.193800000000001749 ) ) ;
#383 = EDGE_CURVE ( 'NONE', #2149, #528, #183, .T. ) ;
#384 = VECTOR ( 'NONE', #2058, 1000.000000000000114 ) ;
#385 = CARTESIAN_POINT ( 'NONE',  ( 3.760400852325083587, 0.3680305276662839686, 0.8227213310661788404 ) ) ;
#386 = CARTESIAN_POINT ( 'NONE',  ( 3.627461596322116399, 0.3324095614416511801, 1.193800000000001527 ) ) ;
#387 = CARTESIAN_POINT ( 'NONE',  ( -4.339601660968827268, 0.5232269165978291614, -1.730101685794048771 ) ) ;
#388 = CARTESIAN_POINT ( 'NONE',  ( -4.035404237104835978, 0.4417174625338441407, 0.6435838369614842458 ) ) ;
#389 = LINE ( 'NONE', #429, #320 ) ;
#390 = CARTESIAN_POINT ( 'NONE',  ( 4.590342470416725718, 0.7848321319641917704, 1.193800000000001749 ) ) ;
#391 = EDGE_LOOP ( 'NONE', ( #879, #2197, #971 ) ) ;
#392 = CARTESIAN_POINT ( 'NONE',  ( 3.928775335262205903, 0.7467939465376867147, -1.033069296824539407 ) ) ;
#393 = CARTESIAN_POINT ( 'NONE',  ( 4.163132303201083850, 0.4759420946951234965, -1.981199999999972094 ) ) ;
#394 = DIRECTION ( 'NONE',  ( 0.9659258262890680902, -0.2588190451025214611, 0.000000000000000000 ) ) ;
#395 = CYLINDRICAL_SURFACE ( 'NONE', #1467, 0.7874000000000007660 ) ;
#396 = ADVANCED_FACE ( 'NONE', ( #1481 ), #558, .T. ) ;
#397 = VECTOR ( 'NONE', #2221, 1000.000000000000114 ) ;
#398 = ORIENTED_EDGE ( 'NONE', *, *, #1548, .T. ) ;
#399 = CARTESIAN_POINT ( 'NONE',  ( 3.800536914235475905, 0.6426911727966156951, 1.033069296824539407 ) ) ;
#400 = CIRCLE ( 'NONE', #2099, 0.1076000000000001400 ) ;
#401 = AXIS2_PLACEMENT_3D ( 'NONE', #668, #1492, #854 ) ;
#402 = DIRECTION ( 'NONE',  ( 0.000000000000000000, 0.000000000000000000, -1.000000000000000000 ) ) ;
#403 = VECTOR ( 'NONE', #646, 1000.000000000000114 ) ;
#404 = CARTESIAN_POINT ( 'NONE',  ( 4.149597318605144025, 0.5608587641444072736, 1.193800000000001527 ) ) ;
#405 = CARTESIAN_POINT ( 'NONE',  ( 4.676560697192710059, 0.7712909082371453007, 2.320742766958467040 ) ) ;
#406 = CARTESIAN_POINT ( 'NONE',  ( -4.102859195065361675, 0.4597919640448426826, -1.757204247544722264 ) ) ;
#407 = CIRCLE ( 'NONE', #1584, 0.3707048575521265099 ) ;
#408 = ORIENTED_EDGE ( 'NONE', *, *, #739, .F. ) ;
#409 = EDGE_CURVE ( 'NONE', #793, #371, #540, .T. ) ;
#410 = CARTESIAN_POINT ( 'NONE',  ( -4.618071011244190949, 0.5978425541209323457, 0.8671161066895874958 ) ) ;
#411 = FACE_OUTER_BOUND ( 'NONE', #1860, .T. ) ;
#412 = DIRECTION ( 'NONE',  ( -1.000000000000000000, 0.000000000000000000, 0.000000000000000000 ) ) ;
#413 = EDGE_LOOP ( 'NONE', ( #1229, #2198, #921, #1725, #939, #177 ) ) ;
#414 = CARTESIAN_POINT ( 'NONE',  ( 4.243064342739452321, 0.5820395260432456030, -1.567848837280678920 ) ) ;
#415 = EDGE_CURVE ( 'NONE', #2238, #1658, #1382, .T. ) ;
#416 = CARTESIAN_POINT ( 'NONE',  ( -3.791523922764734156, 0.4649132868978995137, 1.935209715104254435 ) ) ;
#417 = VECTOR ( 'NONE', #898, 1000.000000000000000 ) ;
#418 = LINE ( 'NONE', #1428, #1276 ) ;
#419 = EDGE_CURVE ( 'NONE', #2238, #791, #2298, .T. ) ;
#420 = CARTESIAN_POINT ( 'NONE',  ( 3.627461596338056538, 0.3324095613821652639, -1.158063194893083736 ) ) ;
#421 = CARTESIAN_POINT ( 'NONE',  ( 1.778000000000000025, -0.1523999999999999799, 1.981199999999999850 ) ) ;
#422 = CIRCLE ( 'NONE', #488, 0.5000000000000000000 ) ;
#423 = DIRECTION ( 'NONE',  ( 0.2588190451025215166, 0.9659258262890680902, -0.000000000000000000 ) ) ;
#424 = VERTEX_POINT ( 'NONE', #1799 ) ;
#425 = SURFACE_STYLE_USAGE ( .BOTH. , #1583 ) ;
#426 = DIRECTION ( 'NONE',  ( 1.000000000000000000, -1.778546870875171212E-15, 0.000000000000000000 ) ) ;
#427 = CARTESIAN_POINT ( 'NONE',  ( -4.616266875627989208, 0.7680919037863580545, -2.202608121573945255 ) ) ;
#428 = CARTESIAN_POINT ( 'NONE',  ( 4.616266875627988320, 0.7680919037863581655, 1.193800000000001971 ) ) ;
#429 = CARTESIAN_POINT ( 'NONE',  ( 1.856888044947248240, 0.000000000000000000, -1.981199999999999850 ) ) ;
#430 = CIRCLE ( 'NONE', #1509, 0.3048000000000000154 ) ;
#431 = CARTESIAN_POINT ( 'NONE',  ( -3.791523922764734600, 0.4649132868978994582, 1.193800000000001527 ) ) ;
#432 = VERTEX_POINT ( 'NONE', #1192 ) ;
#433 = CARTESIAN_POINT ( 'NONE',  ( 3.655914136631593259, 0.5344528145417056786, 0.2264086037319718026 ) ) ;
#434 = VECTOR ( 'NONE', #716, 1000.000000000000000 ) ;
#435 = ORIENTED_EDGE ( 'NONE', *, *, #1828, .T. ) ;
#436 = CARTESIAN_POINT ( 'NONE',  ( 3.699488381787732205, 0.3517090804830770301, 1.193800000000001749 ) ) ;
#437 = CARTESIAN_POINT ( 'NONE',  ( 4.570313329268309133, 0.6163538759054438820, 0.3523126958665883102 ) ) ;
#438 = ORIENTED_EDGE ( 'NONE', *, *, #1164, .T. ) ;
#439 = CIRCLE ( 'NONE', #2256, 0.3707048575521264544 ) ;
#440 = VECTOR ( 'NONE', #1531, 1000.000000000000000 ) ;
#441 =( BOUNDED_SURFACE ( )  B_SPLINE_SURFACE ( 3, 3, ( 
 ( #1816, #236, #676, #1634 ),
 ( #251, #492, #1074, #1482 ),
 ( #1991, #849, #1046, #705 ),
 ( #2006, #2036, #1217, #446 ) ),
 .UNSPECIFIED., .F., .F., .F. ) 
 B_SPLINE_SURFACE_WITH_KNOTS ( ( 4, 4 ),
 ( 4, 4 ),
 ( 0.000000000000000000, 1.000000000000000000 ),
 ( 0.000000000000000000, 1.000000000000000000 ),
 .UNSPECIFIED. ) 
 GEOMETRIC_REPRESENTATION_ITEM ( )  RATIONAL_B_SPLINE_SURFACE ( (
 ( 1.000000000000000000, 0.3333333333333332038, 0.3333333333333332038, 1.000000000000000000),
 ( 0.9427141906301192975, 0.3142380635433729696, 0.3142380635433729696, 0.9427141906301192975),
 ( 0.9427141906301192975, 0.3142380635433729696, 0.3142380635433729696, 0.9427141906301192975),
 ( 1.000000000000000000, 0.3333333333333332038, 0.3333333333333332038, 1.000000000000000000) ) ) 
 REPRESENTATION_ITEM ( '' )  SURFACE ( )  );
#442 = DIRECTION ( 'NONE',  ( 0.2588190451025215166, 0.9659258262890680902, -0.000000000000000000 ) ) ;
#443 = ORIENTED_EDGE ( 'NONE', *, *, #173, .T. ) ;
#444 = CARTESIAN_POINT ( 'NONE',  ( -4.570313329268307356, 0.6163538759054435490, -2.035287304133412523 ) ) ;
#445 = CIRCLE ( 'NONE', #1073, 0.3707048575521264544 ) ;
#446 = CARTESIAN_POINT ( 'NONE',  ( 4.676560697192710059, 0.7712909082371456337, -1.193800000000001305 ) ) ;
#447 = LINE ( 'NONE', #2227, #2196 ) ;
#448 = ORIENTED_EDGE ( 'NONE', *, *, #822, .F. ) ;
#449 = EDGE_CURVE ( 'NONE', #115, #842, #1451, .T. ) ;
#450 = CARTESIAN_POINT ( 'NONE',  ( -3.655914136631592815, 0.5344528145417056786, -2.161191396268031806 ) ) ;
#451 = CARTESIAN_POINT ( 'NONE',  ( -3.658807630411997636, 0.3408087058981968953, -1.383201936456037728 ) ) ;
#452 = ORIENTED_EDGE ( 'NONE', *, *, #2411, .F. ) ;
#453 = VECTOR ( 'NONE', #1685, 1000.000000000000114 ) ;
#454 = ORIENTED_EDGE ( 'NONE', *, *, #1164, .F. ) ;
#455 = CARTESIAN_POINT ( 'NONE',  ( -1.856888044947248906, -0.1420141918529078395, -0.4064000000000013157 ) ) ;
#456 = ORIENTED_EDGE ( 'NONE', *, *, #711, .F. ) ;
#457 = AXIS2_PLACEMENT_3D ( 'NONE', #1949, #2415, #1809 ) ;
#458 = ORIENTED_EDGE ( 'NONE', *, *, #934, .T. ) ;
#459 = CIRCLE ( 'NONE', #1078, 0.2599999999999998979 ) ;
#460 = CARTESIAN_POINT ( 'NONE',  ( -4.684658685618948049, 0.6156846676955153308, -1.004398063543960662 ) ) ;
#461 = LINE ( 'NONE', #1784, #479 ) ;
#462 = CARTESIAN_POINT ( 'NONE',  ( 4.123128303524159044, 0.6596424732529481139, -1.193800000000001527 ) ) ;
#463 = CARTESIAN_POINT ( 'NONE',  ( -1.817444022473624798, 0.005192904073546169945, 1.981199999999999850 ) ) ;
#464 = ORIENTED_EDGE ( 'NONE', *, *, #1727, .T. ) ;
#465 = CARTESIAN_POINT ( 'NONE',  ( 4.570313329268307356, 0.6163538759054437710, 1.193800000000001749 ) ) ;
#466 = CARTESIAN_POINT ( 'NONE',  ( 4.716004719692899805, 0.6240838122115489606, 1.158063194893078851 ) ) ;
#467 = FACE_OUTER_BOUND ( 'NONE', #2065, .T. ) ;
#468 = CIRCLE ( 'NONE', #2077, 0.6523999999999999799 ) ;
#469 = CARTESIAN_POINT ( 'NONE',  ( 3.653733880170339177, 0.3394491986183469923, -1.019935346298300294 ) ) ;
#470 = ORIENTED_EDGE ( 'NONE', *, *, #103, .T. ) ;
#471 = CARTESIAN_POINT ( 'NONE',  ( -3.757499009711480209, 0.3985609353837386015, -1.193800000000001749 ) ) ;
#472 = FACE_OUTER_BOUND ( 'NONE', #391, .T. ) ;
#473 = FACE_OUTER_BOUND ( 'NONE', #1434, .T. ) ;
#474 = ORIENTED_EDGE ( 'NONE', *, *, #1644, .T. ) ;
#475 = DIRECTION ( 'NONE',  ( 0.9659258262890679791, -0.2588190451025216277, 0.000000000000000000 ) ) ;
#476 = DIRECTION ( 'NONE',  ( 0.9659258262890676461, -0.2588190451025229599, -1.589339925513298943E-16 ) ) ;
#477 = CARTESIAN_POINT ( 'NONE',  ( -1.817444022473624576, 0.005192904073546045045, -0.4064000000000010937 ) ) ;
#478 = VECTOR ( 'NONE', #837, 1000.000000000000000 ) ;
#479 = VECTOR ( 'NONE', #1845, 1000.000000000000000 ) ;
#480 = ORIENTED_EDGE ( 'NONE', *, *, #2352, .F. ) ;
#481 = CARTESIAN_POINT ( 'NONE',  ( -3.627461596338056982, 0.3324095613821654860, -1.121969644000281541 ) ) ;
#482 = ORIENTED_EDGE ( 'NONE', *, *, #2150, .F. ) ;
#483 = DIRECTION ( 'NONE',  ( -0.000000000000000000, -0.000000000000000000, -1.000000000000000000 ) ) ;
#484 = EDGE_LOOP ( 'NONE', ( #80, #497 ) ) ;
#485 = CARTESIAN_POINT ( 'NONE',  ( 4.643977934190091084, 0.6047842933089225825, 1.193800000000001749 ) ) ;
#486 = FACE_OUTER_BOUND ( 'NONE', #1790, .T. ) ;
#487 = AXIS2_PLACEMENT_3D ( 'NONE', #2110, #195, #1153 ) ;
#488 = AXIS2_PLACEMENT_3D ( 'NONE', #1883, #2049, #402 ) ;
#489 = CARTESIAN_POINT ( 'NONE',  ( -4.124388626720732809, 0.6549388830493794167, -1.681858922883829210 ) ) ;
#490 = ORIENTED_EDGE ( 'NONE', *, *, #1489, .F. ) ;
#491 = CARTESIAN_POINT ( 'NONE',  ( 4.163132303201083850, 0.4759420946951234410, 1.981199999999999850 ) ) ;
#492 = CARTESIAN_POINT ( 'NONE',  ( 3.641833057229554083, 0.5069931490689214559, -2.202608121573947031 ) ) ;
#493 = ORIENTED_EDGE ( 'NONE', *, *, #449, .T. ) ;
#494 = EDGE_CURVE ( 'NONE', #925, #1643, #631, .T. ) ;
#495 = AXIS2_PLACEMENT_3D ( 'NONE', #1302, #337, #1146 ) ;
#496 = VERTEX_POINT ( 'NONE', #1513 ) ;
#497 = ORIENTED_EDGE ( 'NONE', *, *, #1516, .T. ) ;
#498 = CARTESIAN_POINT ( 'NONE',  ( 4.123128303524159044, 0.6596424732529487800, 1.677495698134016111 ) ) ;
#499 = CARTESIAN_POINT ( 'NONE',  ( -3.983712387895432805, 0.4721118992333976916, -0.8197511627193243555 ) ) ;
#500 = DIRECTION ( 'NONE',  ( -0.9659258262890680902, -0.2588190451025215166, 0.000000000000000000 ) ) ;
#501 = CIRCLE ( 'NONE', #1587, 0.1076000000000001400 ) ;
#502 = ORIENTED_EDGE ( 'NONE', *, *, #268, .T. ) ;
#503 = CARTESIAN_POINT ( 'NONE',  ( -4.473104459027870128, 0.5992748119211456226, 1.681858922883829877 ) ) ;
#504 = EDGE_CURVE ( 'NONE', #791, #1641, #640, .T. ) ;
#505 = ORIENTED_EDGE ( 'NONE', *, *, #2272, .T. ) ;
#506 = CIRCLE ( 'NONE', #1609, 0.4836956981340151396 ) ;
#507 = CARTESIAN_POINT ( 'NONE',  ( 1.817444022473624576, 0.005192904073546020759, -1.981199999999999850 ) ) ;
#508 = ORIENTED_EDGE ( 'NONE', *, *, #1946, .T. ) ;
#509 = ORIENTED_EDGE ( 'NONE', *, *, #383, .F. ) ;
#510 = CARTESIAN_POINT ( 'NONE',  ( -1.778000000000000025, 0.1523999999999992305, -0.4064000000000009827 ) ) ;
#511 = ORIENTED_EDGE ( 'NONE', *, *, #934, .F. ) ;
#512 = ORIENTED_EDGE ( 'NONE', *, *, #131, .F. ) ;
#513 = CARTESIAN_POINT ( 'NONE',  ( -3.570295953401415812, 0.5741520487208915391, -1.403521421503344691 ) ) ;
#514 = PLANE ( 'NONE',  #924 ) ;
#515 = CARTESIAN_POINT ( 'NONE',  ( 1.778000000000000025, -0.1524000000000000354, 0.4064000000000012047 ) ) ;
#516 = DIRECTION ( 'NONE',  ( 0.000000000000000000, 0.000000000000000000, 1.000000000000000000 ) ) ;
#517 = LINE ( 'NONE', #207, #403 ) ;
#518 = ORIENTED_EDGE ( 'NONE', *, *, #1059, .T. ) ;
#519 = VERTEX_POINT ( 'NONE', #44 ) ;
#520 = DIRECTION ( 'NONE',  ( 0.9659258262890679791, 0.2588190451025215721, 0.000000000000000000 ) ) ;
#521 = CARTESIAN_POINT ( 'NONE',  ( 4.590342470416725718, 0.7848321319641914373, -0.2264086037319717470 ) ) ;
#522 = CARTESIAN_POINT ( 'NONE',  ( 4.530167627923613161, 0.5742889135482197593, -1.619642538314433278 ) ) ;
#523 = ORIENTED_EDGE ( 'NONE', *, *, #1087, .F. ) ;
#524 = CARTESIAN_POINT ( 'NONE',  ( -4.644640375030336443, 0.8620217688892435337, 0.9840785784966579186 ) ) ;
#525 = EDGE_LOOP ( 'NONE', ( #556, #1392, #2250 ) ) ;
#526 = LINE ( 'NONE', #692, #1403 ) ;
#527 = CARTESIAN_POINT ( 'NONE',  ( -4.716004719676959667, 0.6240838122710344882, -1.193800000000002415 ) ) ;
#528 = VERTEX_POINT ( 'NONE', #1234 ) ;
#529 = ORIENTED_EDGE ( 'NONE', *, *, #494, .F. ) ;
#530 = EDGE_CURVE ( 'NONE', #1379, #1798, #605, .T. ) ;
#531 = CARTESIAN_POINT ( 'NONE',  ( 4.716004719666336165, 0.6240838123106917656, 0.06685723304153597113 ) ) ;
#532 = ORIENTED_EDGE ( 'NONE', *, *, #1940, .F. ) ;
#533 = CARTESIAN_POINT ( 'NONE',  ( 4.663080652276605065, 0.6099028510871826736, 1.436969414152483138 ) ) ;
#534 = ORIENTED_EDGE ( 'NONE', *, *, #1707, .T. ) ;
#535 = EDGE_LOOP ( 'NONE', ( #1797, #2186 ) ) ;
#536 = CARTESIAN_POINT ( 'NONE',  ( 4.247867174697553594, 0.8322943472257501307, 1.354530703175464312 ) ) ;
#537 = CARTESIAN_POINT ( 'NONE',  ( 4.124388626720732809, 0.6549388830493788616, -0.7057410771161731766 ) ) ;
#538 = ORIENTED_EDGE ( 'NONE', *, *, #1590, .F. ) ;
#539 = CARTESIAN_POINT ( 'NONE',  ( -4.643977934190091972, 0.6047842933089228046, 1.193800000000001527 ) ) ;
#540 = CIRCLE ( 'NONE', #1780, 0.2599999999999998979 ) ;
#541 = ORIENTED_EDGE ( 'NONE', *, *, #995, .T. ) ;
#542 = ORIENTED_EDGE ( 'NONE', *, *, #1483, .F. ) ;
#543 = ORIENTED_EDGE ( 'NONE', *, *, #1861, .F. ) ;
#544 = CARTESIAN_POINT ( 'NONE',  ( 4.236437919264543162, 0.2367652303237330058, 1.193800000000001527 ) ) ;
#545 = CARTESIAN_POINT ( 'NONE',  ( 4.306734281101670447, 0.5144201287050972349, -0.6475909594381327183 ) ) ;
#546 = EDGE_CURVE ( 'NONE', #2146, #371, #7, .T. ) ;
#547 = ORIENTED_EDGE ( 'NONE', *, *, #1707, .F. ) ;
#548 = CARTESIAN_POINT ( 'NONE',  ( -3.928775335262205903, 0.7467939465376867147, 1.033069296824539407 ) ) ;
#549 = EDGE_LOOP ( 'NONE', ( #613, #1395, #2310, #1627 ) ) ;
#550 = EDGE_LOOP ( 'NONE', ( #1288, #2086, #2249, #1375, #2255 ) ) ;
#551 = FACE_OUTER_BOUND ( 'NONE', #525, .T. ) ;
#552 = CARTESIAN_POINT ( 'NONE',  ( -4.530167627923614049, 0.5742889135482202034, 1.619642538314433056 ) ) ;
#553 = ORIENTED_EDGE ( 'NONE', *, *, #1636, .F. ) ;
#554 = ORIENTED_EDGE ( 'NONE', *, *, #687, .T. ) ;
#555 = DIRECTION ( 'NONE',  ( 0.000000000000000000, 0.000000000000000000, 1.000000000000000000 ) ) ;
#556 = ORIENTED_EDGE ( 'NONE', *, *, #2037, .F. ) ;
#557 = CARTESIAN_POINT ( 'NONE',  ( 4.618071011244199831, 0.5978425541209344551, 1.520483893310379697 ) ) ;
#558 = CYLINDRICAL_SURFACE ( 'NONE', #1879, 0.7874000000000007660 ) ;
#559 = ADVANCED_FACE ( 'NONE', ( #1439 ), #2242, .F. ) ;
#560 = EDGE_LOOP ( 'NONE', ( #947, #1826, #584, #1813 ) ) ;
#561 = CARTESIAN_POINT ( 'NONE',  ( 4.043175295705914607, 0.9580311606485918396, 1.403521421503345357 ) ) ;
#562 = ORIENTED_EDGE ( 'NONE', *, *, #968, .F. ) ;
#563 = CARTESIAN_POINT ( 'NONE',  ( 4.123128303524159044, 0.6596424732529487800, 0.7101043018659868311 ) ) ;
#564 = ADVANCED_FACE ( 'NONE', ( #2321 ), #1594, .F. ) ;
#565 = ORIENTED_EDGE ( 'NONE', *, *, #1751, .F. ) ;
#566 = CARTESIAN_POINT ( 'NONE',  ( -4.236437919264543162, 0.2367652303237330058, -1.193800000000001527 ) ) ;
#567 = CYLINDRICAL_SURFACE ( 'NONE', #1187, 0.7874000000000007660 ) ;
#568 = EDGE_LOOP ( 'NONE', ( #509, #454 ) ) ;
#569 = VERTEX_POINT ( 'NONE', #633 ) ;
#570 = CARTESIAN_POINT ( 'NONE',  ( 3.570295953401414923, 0.5741520487208909840, -0.9840785784966575855 ) ) ;
#571 = CARTESIAN_POINT ( 'NONE',  ( -4.163132303201082074, 0.4759420946951258835, 1.193799999999971773 ) ) ;
#572 = EDGE_LOOP ( 'NONE', ( #2254, #2297, #2246, #1778, #1297 ) ) ;
#573 = CARTESIAN_POINT ( 'NONE',  ( 1.856888044947248684, -0.1420141918529080061, 1.981199999999999850 ) ) ;
#574 = CARTESIAN_POINT ( 'NONE',  ( 4.206170139490479798, 0.4874740481728493946, -0.6302950485535128156 ) ) ;
#575 = FACE_OUTER_BOUND ( 'NONE', #132, .T. ) ;
#576 = ORIENTED_EDGE ( 'NONE', *, *, #2037, .T. ) ;
#577 = CARTESIAN_POINT ( 'NONE',  ( -3.928775335262205459, 0.7467939465376863817, 1.354530703175464312 ) ) ;
#578 = ORIENTED_EDGE ( 'NONE', *, *, #13, .F. ) ;
#579 = VERTEX_POINT ( 'NONE', #1001 ) ;
#580 = CIRCLE ( 'NONE', #1054, 0.1524000000000000077 ) ;
#581 = STYLED_ITEM ( 'NONE', ( #2252 ), #345 ) ;
#582 = ORIENTED_EDGE ( 'NONE', *, *, #1279, .F. ) ;
#583 =( BOUNDED_SURFACE ( )  B_SPLINE_SURFACE ( 3, 3, ( 
 ( #144, #521, #2051, #2518 ),
 ( #932, #315, #332, #1124 ),
 ( #123, #2312, #300, #1292 ),
 ( #734, #1722, #913, #1092 ) ),
 .UNSPECIFIED., .F., .F., .F. ) 
 B_SPLINE_SURFACE_WITH_KNOTS ( ( 4, 4 ),
 ( 4, 4 ),
 ( 0.000000000000000000, 1.000000000000000000 ),
 ( 0.000000000000000000, 1.000000000000000000 ),
 .UNSPECIFIED. ) 
 GEOMETRIC_REPRESENTATION_ITEM ( )  RATIONAL_B_SPLINE_SURFACE ( (
 ( 1.000000000000000000, 0.3333333333333335369, 0.3333333333333335369, 1.000000000000000000),
 ( 0.9427141906301189644, 0.3142380635433731917, 0.3142380635433731917, 0.9427141906301189644),
 ( 0.9427141906301189644, 0.3142380635433731917, 0.3142380635433731917, 0.9427141906301189644),
 ( 1.000000000000000000, 0.3333333333333335369, 0.3333333333333335369, 1.000000000000000000) ) ) 
 REPRESENTATION_ITEM ( '' )  SURFACE ( )  );
#584 = ORIENTED_EDGE ( 'NONE', *, *, #711, .T. ) ;
#585 = ORIENTED_EDGE ( 'NONE', *, *, #347, .T. ) ;
#586 = CARTESIAN_POINT ( 'NONE',  ( 4.583065463705820797, 0.5884628459274167112, 1.564878668933853634 ) ) ;
#587 = VECTOR ( 'NONE', #1315, 1000.000000000000114 ) ;
#588 = ORIENTED_EDGE ( 'NONE', *, *, #1921, .F. ) ;
#589 = EDGE_CURVE ( 'NONE', #579, #2070, #580, .T. ) ;
#590 = CARTESIAN_POINT ( 'NONE',  ( -3.906681645934128699, 0.5438455639170641787, -0.7057410771161739538 ) ) ;
#591 = AXIS2_PLACEMENT_3D ( 'NONE', #1971, #181, #1961 ) ;
#592 = ORIENTED_EDGE ( 'NONE', *, *, #504, .T. ) ;
#593 = CARTESIAN_POINT ( 'NONE',  ( -4.549284681807304054, 0.7159624548527880883, 1.354530703175464534 ) ) ;
#594 = VERTEX_POINT ( 'NONE', #386 ) ;
#595 = CARTESIAN_POINT ( 'NONE',  ( -3.757499009711481985, 0.3985609353837387681, 0.3523126958665904751 ) ) ;
#596 = FACE_OUTER_BOUND ( 'NONE', #1620, .T. ) ;
#597 = ADVANCED_FACE ( 'NONE', ( #2240 ), #926, .T. ) ;
#598 = VERTEX_POINT ( 'NONE', #865 ) ;
#599 = EDGE_CURVE ( 'NONE', #1834, #999, #1456, .T. ) ;
#600 = ADVANCED_FACE ( 'NONE', ( #551 ), #266, .F. ) ;
#601 = CARTESIAN_POINT ( 'NONE',  ( 3.850223892805035408, 0.4323744672206957240, -0.7057410771161729546 ) ) ;
#602 = ORIENTED_EDGE ( 'NONE', *, *, #2361, .T. ) ;
#603 = CARTESIAN_POINT ( 'NONE',  ( 4.088321254979879527, 0.7895441468817183672, -1.354530703175464312 ) ) ;
#604 = CARTESIAN_POINT ( 'NONE',  ( 4.646017944442341729, 0.6053309123023030702, -0.9165525692583308404 ) ) ;
#605 = CIRCLE ( 'NONE', #1539, 0.3048000000000000154 ) ;
#606 = VERTEX_POINT ( 'NONE', #2418 ) ;
#607 = CARTESIAN_POINT ( 'NONE',  ( -3.627461596311489789, 0.3324095614813084021, 2.320742766958467929 ) ) ;
#608 = ORIENTED_EDGE ( 'NONE', *, *, #504, .F. ) ;
#609 = CARTESIAN_POINT ( 'NONE',  ( -3.627461596322116399, 0.3324095614416511801, 1.193800000000001305 ) ) ;
#610 = EDGE_LOOP ( 'NONE', ( #2204, #1433 ) ) ;
#611 = CARTESIAN_POINT ( 'NONE',  ( 3.570295953401415812, 0.5741520487208915391, 0.9840785784966583627 ) ) ;
#612 =( NAMED_UNIT ( * ) SI_UNIT ( $, .STERADIAN. ) SOLID_ANGLE_UNIT ( ) );
#613 = ORIENTED_EDGE ( 'NONE', *, *, #731, .T. ) ;
#614 = CARTESIAN_POINT ( 'NONE',  ( 4.245084076614603852, 0.6872791313785536760, 0.7057410771161738428 ) ) ;
#615 = CARTESIAN_POINT ( 'NONE',  ( -3.699488381787732205, 0.3517090804830770301, -2.171607536248346904 ) ) ;
#616 = VECTOR ( 'NONE', #353, 1000.000000000000114 ) ;
#617 = PLANE ( 'NONE',  #1781 ) ;
#618 = VECTOR ( 'NONE', #826, 1000.000000000000000 ) ;
#619 = CARTESIAN_POINT ( 'NONE',  ( 3.901808633811350457, 0.4059206285190056773, -1.689267177503552375 ) ) ;
#620 = CIRCLE ( 'NONE', #1084, 0.3047999999999991827 ) ;
#621 = VECTOR ( 'NONE', #476, 1000.000000000000227 ) ;
#622 = VERTEX_POINT ( 'NONE', #1819 ) ;
#623 = ADVANCED_FACE ( 'NONE', ( #2273 ), #1558, .F. ) ;
#624 = EDGE_CURVE ( 'NONE', #579, #1379, #526, .T. ) ;
#625 = LINE ( 'NONE', #73, #1562 ) ;
#626 = VERTEX_POINT ( 'NONE', #2212 ) ;
#627 = CARTESIAN_POINT ( 'NONE',  ( 3.906681645934128699, 0.5438455639170641787, 0.7057410771161739538 ) ) ;
#628 = FILL_AREA_STYLE ('',( #1204 ) ) ;
#629 = FACE_OUTER_BOUND ( 'NONE', #413, .T. ) ;
#630 = EDGE_CURVE ( 'NONE', #81, #598, #2265, .T. ) ;
#631 = CIRCLE ( 'NONE', #262, 0.1524000000000000077 ) ;
#632 = EDGE_LOOP ( 'NONE', ( #1404, #1410, #582 ) ) ;
#633 = CARTESIAN_POINT ( 'NONE',  ( 1.778000000000000025, -4.065758146820641628E-17, 1.981199999999999850 ) ) ;
#634 = CARTESIAN_POINT ( 'NONE',  ( -4.236437919264543162, 0.2367652303237330058, 1.193800000000001527 ) ) ;
#635 = FACE_OUTER_BOUND ( 'NONE', #2530, .T. ) ;
#636 = VERTEX_POINT ( 'NONE', #51 ) ;
#637 = CARTESIAN_POINT ( 'NONE',  ( 4.124388626720732809, 0.6549388830493787506, -0.7057410771161729546 ) ) ;
#638 = CARTESIAN_POINT ( 'NONE',  ( 4.410976291918441206, 0.8062579110749241718, -1.033069296824538963 ) ) ;
#639 = FACE_OUTER_BOUND ( 'NONE', #1399, .T. ) ;
#640 = CIRCLE ( 'NONE', #757, 0.3707048575521265099 ) ;
#641 = VERTEX_POINT ( 'NONE', #86 ) ;
#642 = CARTESIAN_POINT ( 'NONE',  ( 3.588017573848492070, 0.4796166573681051593, 1.193800000000001527 ) ) ;
#643 = CYLINDRICAL_SURFACE ( 'NONE', #591, 0.7874000000000005439 ) ;
#644 =( BOUNDED_SURFACE ( )  B_SPLINE_SURFACE ( 3, 3, ( 
 ( #777, #217, #2388, #179 ),
 ( #796, #1023, #1040, #603 ),
 ( #2200, #2175, #392, #2127 ),
 ( #1446, #342, #1210, #1783 ) ),
 .UNSPECIFIED., .F., .F., .F. ) 
 B_SPLINE_SURFACE_WITH_KNOTS ( ( 4, 4 ),
 ( 4, 4 ),
 ( 0.000000000000000000, 1.000000000000000000 ),
 ( 0.000000000000000000, 1.000000000000000000 ),
 .UNSPECIFIED. ) 
 GEOMETRIC_REPRESENTATION_ITEM ( )  RATIONAL_B_SPLINE_SURFACE ( (
 ( 1.000000000000000000, 0.9420348673768949022, 0.9420348673768949022, 1.000000000000000000),
 ( 0.7757257530573673510, 0.7307607069022389323, 0.7307607069022389323, 0.7757257530573673510),
 ( 0.7757257530573673510, 0.7307607069022389323, 0.7307607069022389323, 0.7757257530573673510),
 ( 1.000000000000000000, 0.9420348673768949022, 0.9420348673768949022, 1.000000000000000000) ) ) 
 REPRESENTATION_ITEM ( '' )  SURFACE ( )  );
#645 = CIRCLE ( 'NONE', #1746, 0.1076000000000001400 ) ;
#646 = DIRECTION ( 'NONE',  ( 0.9659258262890679791, -0.2588190451025215721, 0.000000000000000000 ) ) ;
#647 = CARTESIAN_POINT ( 'NONE',  ( 3.699488381787732205, 0.3517090804830772521, -2.171607536248346904 ) ) ;
#648 = ADVANCED_FACE ( 'NONE', ( #575 ), #567, .T. ) ;
#649 = DIRECTION ( 'NONE',  ( 0.000000000000000000, 0.000000000000000000, -1.000000000000000000 ) ) ;
#650 = CIRCLE ( 'NONE', #2409, 0.4836956981340147510 ) ;
#651 = CARTESIAN_POINT ( 'NONE',  ( -4.354681379987494161, 0.5272675151309690333, 0.6627804189478253560 ) ) ;
#652 = VECTOR ( 'NONE', #1485, 1000.000000000000114 ) ;
#653 = AXIS2_PLACEMENT_3D ( 'NONE', #2257, #1619, #2454 ) ;
#654 = CARTESIAN_POINT ( 'NONE',  ( -4.137296176540508519, 0.4690193254208730456, -0.6302950485535137037 ) ) ;
#655 = CARTESIAN_POINT ( 'NONE',  ( 4.086425505131974667, 0.4553885700985275675, -1.752384842029835577 ) ) ;
#656 = LINE ( 'NONE', #2372, #2412 ) ;
#657 = CIRCLE ( 'NONE', #1312, 0.4836956981340147510 ) ;
#658 = CARTESIAN_POINT ( 'NONE',  ( -3.757499009711480209, 0.3985609353837388791, 2.035287304133414743 ) ) ;
#659 = EDGE_CURVE ( 'NONE', #1405, #2266, #1413, .T. ) ;
#660 = MECHANICAL_DESIGN_GEOMETRIC_PRESENTATION_REPRESENTATION (  '', ( #328 ), #823 ) ;
#661 = FACE_BOUND ( 'NONE', #1424, .T. ) ;
#662 = CARTESIAN_POINT ( 'NONE',  ( 4.648711767939678552, 0.8752245271458490850, 1.193800000000001527 ) ) ;
#663 = CIRCLE ( 'NONE', #969, 0.4836956981340151396 ) ;
#664 = LINE ( 'NONE', #2336, #1503 ) ;
#665 = CARTESIAN_POINT ( 'NONE',  ( -4.058062120339282153, 0.5324683299531571823, -0.8197511627193243555 ) ) ;
#666 = ADVANCED_FACE ( 'NONE', ( #596 ), #253, .T. ) ;
#667 = CARTESIAN_POINT ( 'NONE',  ( -4.646017944442335512, 0.6053309123023019600, 0.9165525692583021966 ) ) ;
#668 = CARTESIAN_POINT ( 'NONE',  ( 4.149597318605144025, 0.5608587641444070515, -1.193800000000001527 ) ) ;
#669 = CARTESIAN_POINT ( 'NONE',  ( 4.003864655062201905, 0.4332664569959048251, -1.730101685794047217 ) ) ;
#670 = FACE_OUTER_BOUND ( 'NONE', #549, .T. ) ;
#671 = DIRECTION ( 'NONE',  ( 0.2588190451025215166, 0.9659258262890680902, -0.000000000000000000 ) ) ;
#672 = VECTOR ( 'NONE', #2007, 1000.000000000000000 ) ;
#673 = CARTESIAN_POINT ( 'NONE',  ( 3.632238375216652937, 0.3336894954251072853, -1.105334236656867475 ) ) ;
#674 = CARTESIAN_POINT ( 'NONE',  ( -3.627461596338054761, 0.3324095613821652639, 1.265630355999994849 ) ) ;
#675 = AXIS2_PLACEMENT_3D ( 'NONE', #72, #2443, #2052 ) ;
#676 = CARTESIAN_POINT ( 'NONE',  ( 4.590342470416725718, 0.7848321319641915483, -2.161191396268032250 ) ) ;
#677 = CIRCLE ( 'NONE', #1160, 0.7874000000000007660 ) ;
#678 = CARTESIAN_POINT ( 'NONE',  ( 3.658807630412007406, 0.3408087058981990047, -1.004398063543959774 ) ) ;
#679 = CARTESIAN_POINT ( 'NONE',  ( 1.856888044947248906, -0.1420141918529079506, 1.981199999999999850 ) ) ;
#680 = CARTESIAN_POINT ( 'NONE',  ( -3.800536914235475905, 0.6426911727966156951, -1.033069296824539407 ) ) ;
#681 = CARTESIAN_POINT ( 'NONE',  ( -4.646017944442327519, 0.6053309123022997396, -1.471047430741710071 ) ) ;
#682 = EDGE_CURVE ( 'NONE', #2543, #935, #1463, .T. ) ;
#683 = CARTESIAN_POINT ( 'NONE',  ( -4.616266875627989208, 0.7680919037863583876, -0.1849918784260561055 ) ) ;
#684 = CARTESIAN_POINT ( 'NONE',  ( 4.676560697192710947, 0.7712909082371457448, 0.06685723304153270985 ) ) ;
#685 = DIRECTION ( 'NONE',  ( -0.9659258262890679791, -0.2588190451025215166, -0.000000000000000000 ) ) ;
#686 = DIRECTION ( 'NONE',  ( 0.000000000000000000, 1.000000000000000000, -0.000000000000000000 ) ) ;
#687 = EDGE_CURVE ( 'NONE', #2501, #2285, #2278, .T. ) ;
#688 = CARTESIAN_POINT ( 'NONE',  ( 1.778000000000000025, -4.065758146820641628E-17, -1.981199999999999850 ) ) ;
#689 = CARTESIAN_POINT ( 'NONE',  ( 3.940443110512620972, 0.3866803413729077432, 0.8197511627193243555 ) ) ;
#690 = PLANE ( 'NONE',  #1911 ) ;
#691 = CARTESIAN_POINT ( 'NONE',  ( -3.588017573837864571, 0.4796166574077618261, -2.320742766958470149 ) ) ;
#692 = CARTESIAN_POINT ( 'NONE',  ( 1.778000000000000025, -0.1523999999999999799, 0.4064000000000012047 ) ) ;
#693 = CARTESIAN_POINT ( 'NONE',  ( -3.734027761624589381, 0.3609638793111738519, -1.537418232159438958 ) ) ;
#694 = CARTESIAN_POINT ( 'NONE',  ( -3.617825581981110705, 0.4876036891177248367, -0.1285762746738772222 ) ) ;
#695 = CARTESIAN_POINT ( 'NONE',  ( -4.650317700844830426, 0.6064830285580008473, -0.9143535695831027654 ) ) ;
#696 = CARTESIAN_POINT ( 'NONE',  ( 3.757499009711480209, 0.3985609353837388791, -2.035287304133414743 ) ) ;
#697 = VECTOR ( 'NONE', #1441, 1000.000000000000000 ) ;
#698 =( BOUNDED_CURVE ( )  B_SPLINE_CURVE ( 3, ( #2132, #2549, #358, #642 ),
 .UNSPECIFIED., .F., .F. ) 
 B_SPLINE_CURVE_WITH_KNOTS ( ( 4, 4 ),
 ( 0.000000000000000000, 1.000000000000000000 ),
 .UNSPECIFIED. ) 
 CURVE ( )  GEOMETRIC_REPRESENTATION_ITEM ( )  RATIONAL_B_SPLINE_CURVE ( ( 1.000000000000000000, 0.3333333333333332038, 0.3333333333333332038, 1.000000000000000000 ) ) 
 REPRESENTATION_ITEM ( '' )  );
#699 = CARTESIAN_POINT ( 'NONE',  ( 3.699488381787732205, 0.3517090804830770301, 2.171607536248346904 ) ) ;
#700 = CARTESIAN_POINT ( 'NONE',  ( -1.778000000000000025, -0.1523999999999999799, 1.981199999999999850 ) ) ;
#701 = CYLINDRICAL_SURFACE ( 'NONE', #2405, 0.3048000000000000154 ) ;
#702 =( NAMED_UNIT ( * ) PLANE_ANGLE_UNIT ( ) SI_UNIT ( $, .RADIAN. ) );
#703 = AXIS2_PLACEMENT_3D ( 'NONE', #830, #2424, #412 ) ;
#704 = CARTESIAN_POINT ( 'NONE',  ( -4.643977934190091972, 0.6047842933089226936, -1.193800000000001749 ) ) ;
#705 = CARTESIAN_POINT ( 'NONE',  ( 4.646752689049465701, 0.7633038765271827897, -1.193800000000001083 ) ) ;
#706 = CIRCLE ( 'NONE', #457, 0.7874000000000005439 ) ;
#707 = CARTESIAN_POINT ( 'NONE',  ( 1.778000000000000025, 0.000000000000000000, 1.981199999999999850 ) ) ;
#708 = CARTESIAN_POINT ( 'NONE',  ( -3.588017573837865015, 0.4796166574077622147, 1.193800000000001527 ) ) ;
#709 = CARTESIAN_POINT ( 'NONE',  ( -4.245084076614604740, 0.6872791313785524547, 1.681858922883829877 ) ) ;
#710 = LINE ( 'NONE', #948, #2368 ) ;
#711 = EDGE_CURVE ( 'NONE', #2115, #1373, #1418, .T. ) ;
#712 = CARTESIAN_POINT ( 'NONE',  ( 3.588017573837865015, 0.4796166574077622147, 1.193800000000001527 ) ) ;
#713 = CARTESIAN_POINT ( 'NONE',  ( 4.123128303524159044, 0.6596424732529486690, 1.193800000000001527 ) ) ;
#714 = VECTOR ( 'NONE', #1042, 1000.000000000000114 ) ;
#715 = CARTESIAN_POINT ( 'NONE',  ( -1.778000000000000025, -0.1523999999999999799, 0.4064000000000012047 ) ) ;
#716 = DIRECTION ( 'NONE',  ( 0.000000000000000000, 0.000000000000000000, 1.000000000000000000 ) ) ;
#717 = CIRCLE ( 'NONE', #1789, 0.3707048575521264544 ) ;
#718 = CARTESIAN_POINT ( 'NONE',  ( 3.983712387895432805, 0.4721118992333976916, 0.8197511627193243555 ) ) ;
#719 = PLANE ( 'NONE',  #161 ) ;
#720 = DIRECTION ( 'NONE',  ( 1.000000000000000000, 0.000000000000000000, -0.000000000000000000 ) ) ;
#721 = CARTESIAN_POINT ( 'NONE',  ( -3.655914136631592815, 0.5344528145417049014, 1.193800000000001527 ) ) ;
#722 = CARTESIAN_POINT ( 'NONE',  ( 4.676560697203335337, 0.7712909081974883563, 1.193800000000001749 ) ) ;
#723 = CARTESIAN_POINT ( 'NONE',  ( -3.834999779658292862, 0.9022506992396999159, 1.403521421503345801 ) ) ;
#724 = DIRECTION ( 'NONE',  ( 1.000000000000000000, 0.000000000000000000, 0.000000000000000000 ) ) ;
#725 = CARTESIAN_POINT ( 'NONE',  ( -4.388080280810878087, 0.5362167236346820909, 1.711132334668433730 ) ) ;
#726 =( BOUNDED_SURFACE ( )  B_SPLINE_SURFACE ( 3, 3, ( 
 ( #1723, #1335, #1919, #1566 ),
 ( #1077, #1125, #1093, #1502 ),
 ( #914, #1257, #735, #954 ),
 ( #708, #1932, #2261, #1674 ) ),
 .UNSPECIFIED., .F., .F., .F. ) 
 B_SPLINE_SURFACE_WITH_KNOTS ( ( 4, 4 ),
 ( 4, 4 ),
 ( 0.000000000000000000, 1.000000000000000000 ),
 ( 0.000000000000000000, 1.000000000000000000 ),
 .UNSPECIFIED. ) 
 GEOMETRIC_REPRESENTATION_ITEM ( )  RATIONAL_B_SPLINE_SURFACE ( (
 ( 1.000000000000000000, 0.3333333333333332038, 0.3333333333333332038, 1.000000000000000000),
 ( 0.9427141906301192975, 0.3142380635433729696, 0.3142380635433729696, 0.9427141906301192975),
 ( 0.9427141906301192975, 0.3142380635433729696, 0.3142380635433729696, 0.9427141906301192975),
 ( 1.000000000000000000, 0.3333333333333332038, 0.3333333333333332038, 1.000000000000000000) ) ) 
 REPRESENTATION_ITEM ( '' )  SURFACE ( )  );
#727 = CARTESIAN_POINT ( 'NONE',  ( 4.609438554406441568, 0.5955294942825603011, 0.8501817678406122791 ) ) ;
#728 = AXIS2_PLACEMENT_3D ( 'NONE', #239, #1607, #851 ) ;
#729 = CARTESIAN_POINT ( 'NONE',  ( -3.834999779658292862, 0.9022506992397001380, -0.9840785784966582517 ) ) ;
#730 = CARTESIAN_POINT ( 'NONE',  ( -4.247867174697553594, 0.8322943472257496866, 1.033069296824538963 ) ) ;
#731 = EDGE_CURVE ( 'NONE', #2322, #2501, #2284, .T. ) ;
#732 = PRESENTATION_STYLE_ASSIGNMENT (( #425 ) ) ;
#733 = DIRECTION ( 'NONE',  ( -0.2588190451025205174, 0.9659258262890684232, 0.000000000000000000 ) ) ;
#734 = CARTESIAN_POINT ( 'NONE',  ( 4.676560697192710059, 0.7712909082371454117, -1.193800000000001305 ) ) ;
#735 = CARTESIAN_POINT ( 'NONE',  ( -4.646752689049465701, 0.7633038765271829007, 2.259023725326124943 ) ) ;
#736 =( BOUNDED_SURFACE ( )  B_SPLINE_SURFACE ( 3, 3, ( 
 ( #2054, #709, #284, #503 ),
 ( #899, #2314, #2484, #127 ),
 ( #147, #304, #1296, #524 ),
 ( #1540, #737, #1904, #2076 ) ),
 .UNSPECIFIED., .F., .F., .F. ) 
 B_SPLINE_SURFACE_WITH_KNOTS ( ( 4, 4 ),
 ( 4, 4 ),
 ( 0.000000000000000000, 1.000000000000000000 ),
 ( 0.000000000000000000, 1.000000000000000000 ),
 .UNSPECIFIED. ) 
 GEOMETRIC_REPRESENTATION_ITEM ( )  RATIONAL_B_SPLINE_SURFACE ( (
 ( 1.000000000000000000, 0.9420348673768949022, 0.9420348673768949022, 1.000000000000000000),
 ( 0.7757257530573667959, 0.7307607069022384882, 0.7307607069022384882, 0.7757257530573667959),
 ( 0.7757257530573667959, 0.7307607069022384882, 0.7307607069022384882, 0.7757257530573667959),
 ( 1.000000000000000000, 0.9420348673768949022, 0.9420348673768949022, 1.000000000000000000) ) ) 
 REPRESENTATION_ITEM ( '' )  SURFACE ( )  );
#737 = CARTESIAN_POINT ( 'NONE',  ( -4.245084076614604740, 0.6872791313785524547, 0.7057410771161731766 ) ) ;
#738 = VERTEX_POINT ( 'NONE', #1887 ) ;
#739 = EDGE_CURVE ( 'NONE', #496, #839, #1431, .T. ) ;
#740 = CARTESIAN_POINT ( 'NONE',  ( -4.676560697192708282, 0.7712909082371458558, -0.06685723304153748381 ) ) ;
#741 = DIRECTION ( 'NONE',  ( -0.9659258262890680902, -0.2588190451025214611, -8.965985653112926749E-16 ) ) ;
#742 = CARTESIAN_POINT ( 'NONE',  ( -4.609438554406497524, 0.5955294942825761773, 1.537418232159329712 ) ) ;
#743 = B_SPLINE_CURVE_WITH_KNOTS ( 'NONE', 3,
 ( #1873, #2210, #2040, #202, #1521, #1689, #124, #301, #522, #2073, #2338, #145, #27, #1588, #989, #2111, #655, #1598, #669, #843, #619, #973, #1199, #2375, #356, #1182, #1626, #1378, #230, #205 ),
 .UNSPECIFIED., .F., .F.,
 ( 4, 1, 2, 2, 2, 1, 2, 2, 2, 1, 2, 2, 2, 1, 2, 2, 4 ),
 ( 0.000000000000000000, 0.06250000000000077716, 0.09375000000000136002, 0.1250000000000019429, 0.2500000000000034417, 0.3125000000000041633, 0.3437500000000039413, 0.3750000000000037192, 0.5000000000000039968, 0.5625000000000042188, 0.5937500000000034417, 0.6250000000000027756, 0.7500000000000013323, 0.8125000000000006661, 0.8437500000000004441, 0.8750000000000003331, 1.000000000000000000 ),
 .UNSPECIFIED. ) ;
#744 = CARTESIAN_POINT ( 'NONE',  ( -3.588017573848492070, 0.4796166573681051593, -1.193800000000001749 ) ) ;
#745 = CARTESIAN_POINT ( 'NONE',  ( 4.257040810899106908, 0.5011048034952204633, 1.752384842029823142 ) ) ;
#746 = PLANE ( 'NONE',  #2011 ) ;
#747 = CARTESIAN_POINT ( 'NONE',  ( -4.410976291918441206, 0.8062579110749241718, 1.354530703175464090 ) ) ;
#748 = CARTESIAN_POINT ( 'NONE',  ( -1.817444022473624798, 0.005192904073546169945, -1.981200000000001626 ) ) ;
#749 = ADVANCED_FACE ( 'NONE', ( #2328 ), #583, .F. ) ;
#750 = CARTESIAN_POINT ( 'NONE',  ( 4.043175295705914607, 0.9580311606485923948, -0.9840785784966575855 ) ) ;
#751 = DIRECTION ( 'NONE',  ( 0.2588190451025217387, -0.9659258262890680902, -0.000000000000000000 ) ) ;
#752 = DIRECTION ( 'NONE',  ( 0.000000000000000000, 0.000000000000000000, 1.000000000000000000 ) ) ;
#753 = CARTESIAN_POINT ( 'NONE',  ( -3.588017573837866792, 0.4796166574077622147, 0.06685723304153662339 ) ) ;
#754 = PLANE ( 'NONE',  #1825 ) ;
#755 = DIRECTION ( 'NONE',  ( -0.000000000000000000, -0.000000000000000000, -1.000000000000000000 ) ) ;
#756 = CARTESIAN_POINT ( 'NONE',  ( -4.406616775308903833, 0.5411835623659321248, 1.702480357112778675 ) ) ;
#757 = AXIS2_PLACEMENT_3D ( 'NONE', #1988, #442, #2033 ) ;
#758 = AXIS2_PLACEMENT_3D ( 'NONE', #1432, #893, #2282 ) ;
#759 = CARTESIAN_POINT ( 'NONE',  ( 4.003693176826861766, 0.6225986347202057125, 1.681858922883829210 ) ) ;
#760 = DIRECTION ( 'NONE',  ( -0.9659258262890680902, -0.2588190451025214611, 0.000000000000000000 ) ) ;
#761 = DIRECTION ( 'NONE',  ( -0.9659258262890680902, -0.2588190451025214611, -8.965985653112920832E-16 ) ) ;
#762 = CARTESIAN_POINT ( 'NONE',  ( 4.337631315160280998, 0.5669441899801030971, 0.8197511627193241335 ) ) ;
#763 = CARTESIAN_POINT ( 'NONE',  ( 1.778000000000000025, -0.1523999999999999799, 1.981199999999999850 ) ) ;
#764 = AXIS2_PLACEMENT_3D ( 'NONE', #1580, #780, #1750 ) ;
#765 = DIRECTION ( 'NONE',  ( 0.000000000000000000, 0.000000000000000000, 1.000000000000000000 ) ) ;
#766 = DIRECTION ( 'NONE',  ( -0.9659258262890679791, -0.2588190451025215166, -0.000000000000000000 ) ) ;
#767 = CARTESIAN_POINT ( 'NONE',  ( 4.123128303524159044, 0.6596424732529486690, 1.193800000000001527 ) ) ;
#768 = DIRECTION ( 'NONE',  ( -1.182917971378669595E-16, 3.169619151431774186E-17, -1.000000000000000000 ) ) ;
#769 = EDGE_CURVE ( 'NONE', #2515, #1682, #1466, .T. ) ;
#770 = CARTESIAN_POINT ( 'NONE',  ( -3.725906063146265712, 0.4953388189175086387, 1.033069296824539185 ) ) ;
#771 = ADVANCED_FACE ( 'NONE', ( #2370 ), #1522, .T. ) ;
#772 =( BOUNDED_CURVE ( )  B_SPLINE_CURVE ( 3, ( #963, #906, #1283, #310 ),
 .UNSPECIFIED., .F., .F. ) 
 B_SPLINE_CURVE_WITH_KNOTS ( ( 4, 4 ),
 ( 0.000000000000000000, 1.000000000000000000 ),
 .UNSPECIFIED. ) 
 CURVE ( )  GEOMETRIC_REPRESENTATION_ITEM ( )  RATIONAL_B_SPLINE_CURVE ( ( 1.000000000000000000, 0.3333333333333335369, 0.3333333333333335369, 1.000000000000000000 ) ) 
 REPRESENTATION_ITEM ( '' )  );
#773 = DIRECTION ( 'NONE',  ( -0.2588190451025215166, 0.9659258262890680902, -0.000000000000000000 ) ) ;
#774 = CARTESIAN_POINT ( 'NONE',  ( -4.043175295705914607, 0.9580311606485923948, -0.9840785784966583627 ) ) ;
#775 = DIRECTION ( 'NONE',  ( 0.9659258262890678681, 0.2588190451025222383, 0.000000000000000000 ) ) ;
#776 = ORIENTED_EDGE ( 'NONE', *, *, #877, .F. ) ;
#777 = CARTESIAN_POINT ( 'NONE',  ( 3.940443110512620972, 0.3866803413729078542, -1.567848837280678920 ) ) ;
#778 = CARTESIAN_POINT ( 'NONE',  ( -4.676560697192710059, 0.7712909082371454117, 1.193800000000001305 ) ) ;
#779 = AXIS2_PLACEMENT_3D ( 'NONE', #2502, #2482, #1293 ) ;
#780 = DIRECTION ( 'NONE',  ( 0.000000000000000000, 0.000000000000000000, 1.000000000000000000 ) ) ;
#781 = CARTESIAN_POINT ( 'NONE',  ( -4.676560697203335337, 0.7712909081974884673, 1.193800000000001305 ) ) ;
#782 = CARTESIAN_POINT ( 'NONE',  ( -3.560168644584834396, 0.5835502763164661655, -1.193800000000001527 ) ) ;
#783 = AXIS2_PLACEMENT_3D ( 'NONE', #2475, #2047, #2526 ) ;
#784 = CARTESIAN_POINT ( 'NONE',  ( -4.124388626720732809, 0.6549388830493787506, 1.681858922883830099 ) ) ;
#785 = ORIENTED_EDGE ( 'NONE', *, *, #2317, .F. ) ;
#786 = ADVANCED_FACE ( 'NONE', ( #2354, #661 ), #719, .T. ) ;
#787 = CARTESIAN_POINT ( 'NONE',  ( 4.570313329268308244, 0.6163538759054435490, -0.3523126958665887543 ) ) ;
#788 = EDGE_LOOP ( 'NONE', ( #104, #1738, #966 ) ) ;
#789 = ORIENTED_EDGE ( 'NONE', *, *, #1672, .F. ) ;
#790 = EDGE_CURVE ( 'NONE', #1616, #2331, #1506, .T. ) ;
#791 = VERTEX_POINT ( 'NONE', #1893 ) ;
#792 = CARTESIAN_POINT ( 'NONE',  ( -4.716004719666333500, 0.6240838123106912105, 1.193800000000001305 ) ) ;
#793 = VERTEX_POINT ( 'NONE', #2435 ) ;
#794 = EDGE_CURVE ( 'NONE', #816, #641, #1230, .T. ) ;
#795 = CARTESIAN_POINT ( 'NONE',  ( 3.850223892805035408, 0.4323744672206956685, -1.681858922883830099 ) ) ;
#796 = CARTESIAN_POINT ( 'NONE',  ( 3.725906063146265712, 0.4953388189175085832, -1.354530703175464312 ) ) ;
#797 = VERTEX_POINT ( 'NONE', #1591 ) ;
#798 = VERTEX_POINT ( 'NONE', #82 ) ;
#799 =( BOUNDED_SURFACE ( )  B_SPLINE_SURFACE ( 3, 3, ( 
 ( #1953, #759, #2164, #1939 ),
 ( #979, #336, #2407, #1572 ),
 ( #1739, #2381, #346, #611 ),
 ( #1161, #1368, #627, #1756 ) ),
 .UNSPECIFIED., .F., .F., .F. ) 
 B_SPLINE_SURFACE_WITH_KNOTS ( ( 4, 4 ),
 ( 4, 4 ),
 ( 0.000000000000000000, 1.000000000000000000 ),
 ( 0.000000000000000000, 1.000000000000000000 ),
 .UNSPECIFIED. ) 
 GEOMETRIC_REPRESENTATION_ITEM ( )  RATIONAL_B_SPLINE_SURFACE ( (
 ( 1.000000000000000000, 0.9420348673768949022, 0.9420348673768949022, 1.000000000000000000),
 ( 0.7757257530573673510, 0.7307607069022389323, 0.7307607069022389323, 0.7757257530573673510),
 ( 0.7757257530573673510, 0.7307607069022389323, 0.7307607069022389323, 0.7757257530573673510),
 ( 1.000000000000000000, 0.9420348673768949022, 0.9420348673768949022, 1.000000000000000000) ) ) 
 REPRESENTATION_ITEM ( '' )  SURFACE ( )  );
#800 = VERTEX_POINT ( 'NONE', #688 ) ;
#801 = DIRECTION ( 'NONE',  ( 0.000000000000000000, 0.000000000000000000, 1.000000000000000000 ) ) ;
#802 = DIRECTION ( 'NONE',  ( 0.000000000000000000, 0.000000000000000000, 1.000000000000000000 ) ) ;
#803 = EDGE_LOOP ( 'NONE', ( #1773, #1409, #1763 ) ) ;
#804 = EDGE_LOOP ( 'NONE', ( #1337, #2162, #2181, #1711 ) ) ;
#805 = ORIENTED_EDGE ( 'NONE', *, *, #131, .T. ) ;
#806 = CARTESIAN_POINT ( 'NONE',  ( -3.757499009711480209, 0.3985609353837388791, -0.3523126958665872555 ) ) ;
#807 = ADVANCED_FACE ( 'NONE', ( #670, #2374 ), #897, .T. ) ;
#808 = VERTEX_POINT ( 'NONE', #1535 ) ;
#809 = CARTESIAN_POINT ( 'NONE',  ( -3.734027761624598707, 0.3609638793111761834, 0.8501817678406038414 ) ) ;
#810 = VERTEX_POINT ( 'NONE', #912 ) ;
#811 = AXIS2_PLACEMENT_3D ( 'NONE', #2450, #1630, #249 ) ;
#812 = CARTESIAN_POINT ( 'NONE',  ( -4.473104459027870128, 0.5992748119211465108, -0.7057410771161738428 ) ) ;
#813 = CARTESIAN_POINT ( 'NONE',  ( 4.549284681807304054, 0.7159624548527880883, -1.033069296824539185 ) ) ;
#814 = VERTEX_POINT ( 'NONE', #2286 ) ;
#815 = CARTESIAN_POINT ( 'NONE',  ( 3.693148615186136130, 0.3500103450357165968, 1.473246430416945474 ) ) ;
#816 = VERTEX_POINT ( 'NONE', #1239 ) ;
#817 = AXIS2_PLACEMENT_3D ( 'NONE', #1927, #1717, #761 ) ;
#818 = DIRECTION ( 'NONE',  ( 1.000000000000000000, 1.778546870875171212E-15, 0.000000000000000000 ) ) ;
#819 = CARTESIAN_POINT ( 'NONE',  ( -4.003693176826861766, 0.6225986347202048243, 0.7057410771161728436 ) ) ;
#820 = EDGE_LOOP ( 'NONE', ( #505, #43, #2168, #88, #2140 ) ) ;
#821 =( NAMED_UNIT ( * ) SI_UNIT ( $, .STERADIAN. ) SOLID_ANGLE_UNIT ( ) );
#822 = EDGE_CURVE ( 'NONE', #1268, #839, #2383, .T. ) ;
#823 =( GEOMETRIC_REPRESENTATION_CONTEXT ( 3 ) GLOBAL_UNCERTAINTY_ASSIGNED_CONTEXT ( ( #2552 ) ) GLOBAL_UNIT_ASSIGNED_CONTEXT ( ( #2382, #838, #821 ) ) REPRESENTATION_CONTEXT ( 'NONE', 'WORKASPACE' ) );
#824 = VERTEX_POINT ( 'NONE', #1703 ) ;
#825 = DIRECTION ( 'NONE',  ( 0.2588190451025215166, 0.9659258262890680902, -0.000000000000000000 ) ) ;
#826 = DIRECTION ( 'NONE',  ( -1.000000000000000000, -0.000000000000000000, -0.000000000000000000 ) ) ;
#827 = CARTESIAN_POINT ( 'NONE',  ( -3.644180322413145046, 0.3368893305324627829, -1.333680347443140679 ) ) ;
#828 = CARTESIAN_POINT ( 'NONE',  ( -4.306734281101618933, 0.5144201287050838012, 0.6475909594381321632 ) ) ;
#829 = ORIENTED_EDGE ( 'NONE', *, *, #589, .T. ) ;
#830 = CARTESIAN_POINT ( 'NONE',  ( -1.778000000000000025, 0.1523999999999992305, 0.4064000000000012047 ) ) ;
#831 = CARTESIAN_POINT ( 'NONE',  ( 1.817444022473624798, 0.005192904073546061525, 1.981199999999999850 ) ) ;
#832 = CARTESIAN_POINT ( 'NONE',  ( 4.035404237104710745, 0.4417174625338104454, 1.744016163038533129 ) ) ;
#833 = VERTEX_POINT ( 'NONE', #1900 ) ;
#834 = DIRECTION ( 'NONE',  ( -0.9659258262890680902, -0.2588190451025216832, 0.000000000000000000 ) ) ;
#835 = CARTESIAN_POINT ( 'NONE',  ( 3.800536914235475905, 0.6426911727966156951, 1.354530703175464312 ) ) ;
#836 = ORIENTED_EDGE ( 'NONE', *, *, #1946, .F. ) ;
#837 = DIRECTION ( 'NONE',  ( -0.000000000000000000, 0.000000000000000000, 1.000000000000000000 ) ) ;
#838 =( NAMED_UNIT ( * ) PLANE_ANGLE_UNIT ( ) SI_UNIT ( $, .RADIAN. ) );
#839 = VERTEX_POINT ( 'NONE', #2071 ) ;
#840 = CARTESIAN_POINT ( 'NONE',  ( 3.588017573837864127, 0.4796166574077616596, 1.193800000000001749 ) ) ;
#841 = CARTESIAN_POINT ( 'NONE',  ( -4.663080652276603288, 0.6099028510871817854, 0.9506305858475015969 ) ) ;
#842 = VERTEX_POINT ( 'NONE', #850 ) ;
#843 = CARTESIAN_POINT ( 'NONE',  ( 3.988784936043460849, 0.4292258584627453577, -1.724819581052178918 ) ) ;
#844 = CARTESIAN_POINT ( 'NONE',  ( -3.757499009711481097, 0.3985609353837389346, 1.193800000000001527 ) ) ;
#845 = ORIENTED_EDGE ( 'NONE', *, *, #1592, .T. ) ;
#846 = EDGE_CURVE ( 'NONE', #2533, #2493, #657, .T. ) ;
#847 = CARTESIAN_POINT ( 'NONE',  ( -3.655914136631594147, 0.5344528145417050125, 0.2264086037319733569 ) ) ;
#848 = CARTESIAN_POINT ( 'NONE',  ( 3.725906063146266156, 0.4953388189175085832, 1.033069296824539185 ) ) ;
#849 = CARTESIAN_POINT ( 'NONE',  ( 3.617825581981110261, 0.4876036891177247812, -2.259023725326127163 ) ) ;
#850 = CARTESIAN_POINT ( 'NONE',  ( -1.817444022473624576, 0.005192904073546045045, 0.4064000000000009827 ) ) ;
#851 = DIRECTION ( 'NONE',  ( -0.9659258262890677571, 0.2588190451025228489, 0.000000000000000000 ) ) ;
#852 = CARTESIAN_POINT ( 'NONE',  ( -3.653733880170337400, 0.3394491986183468812, -1.367664653701723632 ) ) ;
#853 = CARTESIAN_POINT ( 'NONE',  ( -4.339601660968748220, 0.5232269165978074010, 0.6574983142059553920 ) ) ;
#854 = DIRECTION ( 'NONE',  ( -0.9659258262890679791, -0.2588190451025214611, 1.169881808018174981E-15 ) ) ;
#855 = CARTESIAN_POINT ( 'NONE',  ( 4.058062120339282153, 0.5324683299531570713, 1.567848837280679364 ) ) ;
#856 = DIRECTION ( 'NONE',  ( -0.2588190451025216832, 0.9659258262890679791, 0.000000000000000000 ) ) ;
#857 = ORIENTED_EDGE ( 'NONE', *, *, #995, .F. ) ;
#858 = CARTESIAN_POINT ( 'NONE',  ( 3.791523922764734156, 0.4649132868978995137, 1.193800000000001749 ) ) ;
#859 = ORIENTED_EDGE ( 'NONE', *, *, #218, .T. ) ;
#860 = CARTESIAN_POINT ( 'NONE',  ( 4.507670714445553450, 0.6568042413909148669, 1.193800000000001527 ) ) ;
#861 = ORIENTED_EDGE ( 'NONE', *, *, #74, .T. ) ;
#862 = CARTESIAN_POINT ( 'NONE',  ( 4.123688280727459521, 0.6231491906215772536, -1.981199999999985861 ) ) ;
#863 = ORIENTED_EDGE ( 'NONE', *, *, #1435, .F. ) ;
#864 = CARTESIAN_POINT ( 'NONE',  ( -3.588017573837864127, 0.4796166574077616596, -1.193800000000001749 ) ) ;
#865 = CARTESIAN_POINT ( 'NONE',  ( -1.778000000000000025, -0.1523999999999999522, 1.981199999999999850 ) ) ;
#866 = CARTESIAN_POINT ( 'NONE',  ( -3.627461596322116399, 0.3324095614416512356, -1.193800000000002415 ) ) ;
#867 = AXIS2_PLACEMENT_3D ( 'NONE', #1118, #2088, #1132 ) ;
#868 = AXIS2_PLACEMENT_3D ( 'NONE', #2092, #1899, #1331 ) ;
#869 = CARTESIAN_POINT ( 'NONE',  ( -4.676560697192710947, 0.7712909082371456337, -1.193800000000001749 ) ) ;
#870 = CARTESIAN_POINT ( 'NONE',  ( -4.388080280810840783, 0.5362167236346717658, -0.6764676653315665478 ) ) ;
#871 = DIRECTION ( 'NONE',  ( -0.2588190451025215166, 0.9659258262890680902, -0.000000000000000000 ) ) ;
#872 = EDGE_CURVE ( 'NONE', #1440, #978, #2363, .T. ) ;
#873 = AXIS2_PLACEMENT_3D ( 'NONE', #2376, #671, #394 ) ;
#874 = ORIENTED_EDGE ( 'NONE', *, *, #1986, .F. ) ;
#875 = CARTESIAN_POINT ( 'NONE',  ( 3.627461596311489345, 0.3324095614813079580, 1.193800000000001749 ) ) ;
#876 = CARTESIAN_POINT ( 'NONE',  ( 4.650317700844802893, 0.6064830285579928537, 0.9143535695830394827 ) ) ;
#877 = EDGE_CURVE ( 'NONE', #2498, #1633, #664, .T. ) ;
#878 =( NAMED_UNIT ( * ) SI_UNIT ( $, .STERADIAN. ) SOLID_ANGLE_UNIT ( ) );
#879 = ORIENTED_EDGE ( 'NONE', *, *, #896, .T. ) ;
#880 = DIRECTION ( 'NONE',  ( 0.9659258262890679791, -0.2588190451025215721, 0.000000000000000000 ) ) ;
#881 = CARTESIAN_POINT ( 'NONE',  ( 1.778000000000000025, 0.1523999999999999244, -0.4064000000000012047 ) ) ;
#882 = CARTESIAN_POINT ( 'NONE',  ( -4.648711767939678552, 0.8752245271458490850, -1.193800000000001527 ) ) ;
#883 = ORIENTED_EDGE ( 'NONE', *, *, #929, .T. ) ;
#884 = CARTESIAN_POINT ( 'NONE',  ( 3.655914136631592815, 0.5344528145417049014, -1.193800000000001527 ) ) ;
#885 = DIRECTION ( 'NONE',  ( 0.9659258262890679791, 0.2588190451025215166, 0.000000000000000000 ) ) ;
#886 = ORIENTED_EDGE ( 'NONE', *, *, #2325, .T. ) ;
#887 = ORIENTED_EDGE ( 'NONE', *, *, #530, .T. ) ;
#888 = CARTESIAN_POINT ( 'NONE',  ( 4.643977934190091972, 0.6047842933089226936, 0.2159924637516574264 ) ) ;
#889 = CARTESIAN_POINT ( 'NONE',  ( 4.236437919264543162, 0.2367652303237330058, -1.193800000000001527 ) ) ;
#890 = ORIENTED_EDGE ( 'NONE', *, *, #731, .F. ) ;
#891 = AXIS2_PLACEMENT_3D ( 'NONE', #324, #2119, #555 ) ;
#892 = CARTESIAN_POINT ( 'NONE',  ( -1.856888044947249128, -0.1420141918529078950, 0.4064000000000010937 ) ) ;
#893 = DIRECTION ( 'NONE',  ( -0.2588190451025215166, 0.9659258262890680902, -0.000000000000000000 ) ) ;
#894 =( BOUNDED_SURFACE ( )  B_SPLINE_SURFACE ( 3, 3, ( 
 ( #1996, #1642, #2399, #2421 ),
 ( #370, #10, #683, #1967 ),
 ( #2215, #694, #204, #2012 ),
 ( #1053, #1415, #1839, #869 ) ),
 .UNSPECIFIED., .F., .F., .F. ) 
 B_SPLINE_SURFACE_WITH_KNOTS ( ( 4, 4 ),
 ( 4, 4 ),
 ( 0.000000000000000000, 1.000000000000000000 ),
 ( 0.000000000000000000, 1.000000000000000000 ),
 .UNSPECIFIED. ) 
 GEOMETRIC_REPRESENTATION_ITEM ( )  RATIONAL_B_SPLINE_SURFACE ( (
 ( 1.000000000000000000, 0.3333333333333332038, 0.3333333333333332038, 1.000000000000000000),
 ( 0.9427141906301181873, 0.3142380635433725811, 0.3142380635433725811, 0.9427141906301181873),
 ( 0.9427141906301181873, 0.3142380635433725811, 0.3142380635433725811, 0.9427141906301181873),
 ( 1.000000000000000000, 0.3333333333333332038, 0.3333333333333332038, 1.000000000000000000) ) ) 
 REPRESENTATION_ITEM ( '' )  SURFACE ( )  );
#895 = EDGE_LOOP ( 'NONE', ( #2231, #1874, #66, #2243 ) ) ;
#896 = EDGE_CURVE ( 'NONE', #1442, #2543, #2386, .T. ) ;
#897 = PLANE ( 'NONE',  #1666 ) ;
#898 = DIRECTION ( 'NONE',  ( 0.000000000000000000, 1.000000000000000000, 0.000000000000000000 ) ) ;
#899 = CARTESIAN_POINT ( 'NONE',  ( -4.043175295705914607, 0.9580311606485925058, 1.403521421503345135 ) ) ;
#900 = ORIENTED_EDGE ( 'NONE', *, *, #289, .T. ) ;
#901 = EDGE_CURVE ( 'NONE', #1675, #816, #645, .T. ) ;
#902 = CARTESIAN_POINT ( 'NONE',  ( 4.163132303201083850, 0.4759420946951234965, -0.4063999999999710622 ) ) ;
#903 = CARTESIAN_POINT ( 'NONE',  ( -4.149597318605144025, 0.5608587641444072736, -1.193800000000001527 ) ) ;
#904 = EDGE_CURVE ( 'NONE', #1477, #1295, #1512, .T. ) ;
#905 = B_SPLINE_CURVE_WITH_KNOTS ( 'NONE', 3,
 ( #1024, #1985, #2201, #42, #1041, #1448, #1924, #742, #552, #1082, #1099, #756, #725, #1529, #150, #1908, #2101, #2059, #1663, #1113, #1864, #1680, #2031, #920, #2270, #2081, #96, #276, #674, #609 ),
 .UNSPECIFIED., .F., .F.,
 ( 4, 1, 2, 2, 2, 1, 2, 2, 2, 1, 2, 2, 2, 1, 2, 2, 4 ),
 ( 0.000000000000000000, 0.06250000000000018041, 0.09375000000000047184, 0.1250000000000007494, 0.2500000000000019984, 0.3125000000000026090, 0.3437500000000036082, 0.3750000000000046074, 0.5000000000000059952, 0.5625000000000066613, 0.5937500000000062172, 0.6250000000000058842, 0.7500000000000037748, 0.8125000000000025535, 0.8437500000000022204, 0.8750000000000018874, 1.000000000000000000 ),
 .UNSPECIFIED. ) ;
#906 = CARTESIAN_POINT ( 'NONE',  ( -3.588017573837865459, 0.4796166574077623257, -2.320742766958465708 ) ) ;
#907 = ORIENTED_EDGE ( 'NONE', *, *, #273, .F. ) ;
#908 = CARTESIAN_POINT ( 'NONE',  ( -4.150563231539367237, 0.5572539279982012816, 0.8197511627193242445 ) ) ;
#909 = ORIENTED_EDGE ( 'NONE', *, *, #822, .T. ) ;
#910 = DIRECTION ( 'NONE',  ( 1.000000000000000000, 0.000000000000000000, 0.000000000000000000 ) ) ;
#911 = ORIENTED_EDGE ( 'NONE', *, *, #1110, .T. ) ;
#912 = CARTESIAN_POINT ( 'NONE',  ( -4.923702298821094558, 0.6797362108088526034, -1.193799999999971773 ) ) ;
#913 = CARTESIAN_POINT ( 'NONE',  ( 3.588017573837866792, 0.4796166574077622147, -0.06685723304153662339 ) ) ;
#914 = CARTESIAN_POINT ( 'NONE',  ( -3.617825581981110261, 0.4876036891177247257, 1.193800000000001527 ) ) ;
#915 = CARTESIAN_POINT ( 'NONE',  ( 4.663080652276603288, 0.6099028510871823405, -0.9506305858475196935 ) ) ;
#916 = CARTESIAN_POINT ( 'NONE',  ( -1.778000000000000025, -6.776263578034402713E-17, -1.981199999999999850 ) ) ;
#917 = ORIENTED_EDGE ( 'NONE', *, *, #2472, .T. ) ;
#918 = CARTESIAN_POINT ( 'NONE',  ( -4.043175295705914607, 0.9580311606485923948, 0.9840785784966575855 ) ) ;
#919 = DIRECTION ( 'NONE',  ( 0.9659258262890680902, -0.2588190451025211836, 0.000000000000000000 ) ) ;
#920 = CARTESIAN_POINT ( 'NONE',  ( -3.725395304786846662, 0.3586508194728040277, 1.520483893310500489 ) ) ;
#921 = ORIENTED_EDGE ( 'NONE', *, *, #2536, .F. ) ;
#922 = ORIENTED_EDGE ( 'NONE', *, *, #1391, .F. ) ;
#923 = CARTESIAN_POINT ( 'NONE',  ( 1.778000000000000025, 0.000000000000000000, 0.000000000000000000 ) ) ;
#924 = AXIS2_PLACEMENT_3D ( 'NONE', #1044, #1532, #1698 ) ;
#925 = VERTEX_POINT ( 'NONE', #282 ) ;
#926 = PLANE ( 'NONE',  #867 ) ;
#927 = DIRECTION ( 'NONE',  ( 1.000000000000000000, 0.000000000000000000, 0.000000000000000000 ) ) ;
#928 = CARTESIAN_POINT ( 'NONE',  ( -3.699488381787733093, 0.3517090804830774742, 1.193800000000001527 ) ) ;
#929 = EDGE_CURVE ( 'NONE', #579, #569, #1526, .T. ) ;
#930 = ORIENTED_EDGE ( 'NONE', *, *, #1000, .T. ) ;
#931 = CARTESIAN_POINT ( 'NONE',  ( 4.003693176826861766, 0.6225986347202048243, -0.7057410771161728436 ) ) ;
#932 = CARTESIAN_POINT ( 'NONE',  ( 4.616266875627987432, 0.7680919037863578325, -1.193800000000001305 ) ) ;
#933 = CARTESIAN_POINT ( 'NONE',  ( 3.903932704389803554, 0.4064897715151690738, -0.7027842578813489061 ) ) ;
#934 = EDGE_CURVE ( 'NONE', #185, #198, #677, .T. ) ;
#935 = VERTEX_POINT ( 'NONE', #498 ) ;
#936 = ORIENTED_EDGE ( 'NONE', *, *, #268, .F. ) ;
#937 = CARTESIAN_POINT ( 'NONE',  ( -4.243064342739452321, 0.5820395260432461582, -1.567848837280679142 ) ) ;
#938 = ADVANCED_FACE ( 'NONE', ( #2377 ), #1272, .T. ) ;
#939 = ORIENTED_EDGE ( 'NONE', *, *, #8, .T. ) ;
#940 = ORIENTED_EDGE ( 'NONE', *, *, #1592, .F. ) ;
#941 = ADVANCED_FACE ( 'NONE', ( #1499 ), #1740, .F. ) ;
#942 = CARTESIAN_POINT ( 'NONE',  ( 3.699488381787733982, 0.3517090804830775297, -0.2159924637516595913 ) ) ;
#943 = CARTESIAN_POINT ( 'NONE',  ( 4.703266642683306742, 0.6206706547637030891, 1.334767301082615321 ) ) ;
#944 = DIRECTION ( 'NONE',  ( -0.9659258262890680902, 0.2588190451025214056, 0.000000000000000000 ) ) ;
#945 = ORIENTED_EDGE ( 'NONE', *, *, #1489, .T. ) ;
#946 = CARTESIAN_POINT ( 'NONE',  ( 4.245084076614604740, 0.6872791313785524547, -1.681858922883829877 ) ) ;
#947 = ORIENTED_EDGE ( 'NONE', *, *, #872, .F. ) ;
#948 = CARTESIAN_POINT ( 'NONE',  ( -1.856888044947248906, -0.1420141918529078950, 1.981199999999999850 ) ) ;
#949 = FACE_OUTER_BOUND ( 'NONE', #2504, .T. ) ;
#950 = ORIENTED_EDGE ( 'NONE', *, *, #8, .F. ) ;
#951 = EDGE_LOOP ( 'NONE', ( #480, #957 ) ) ;
#952 = CARTESIAN_POINT ( 'NONE',  ( -4.123688280727457744, 0.6231491906215796961, 0.4063999999999860502 ) ) ;
#953 = DIRECTION ( 'NONE',  ( 0.2588190451025229044, 0.9659258262890677571, 0.000000000000000000 ) ) ;
#954 = CARTESIAN_POINT ( 'NONE',  ( -4.646752689049465701, 0.7633038765271827897, 1.193800000000001083 ) ) ;
#955 = CARTESIAN_POINT ( 'NONE',  ( -4.088321254979879527, 0.7895441468817183672, 1.033069296824539185 ) ) ;
#956 = ORIENTED_EDGE ( 'NONE', *, *, #846, .F. ) ;
#957 = ORIENTED_EDGE ( 'NONE', *, *, #2448, .F. ) ;
#958 = ORIENTED_EDGE ( 'NONE', *, *, #1516, .F. ) ;
#959 = AXIS2_PLACEMENT_3D ( 'NONE', #1245, #1261, #57 ) ;
#960 = DIRECTION ( 'NONE',  ( 0.2588190451025215166, 0.9659258262890680902, -0.000000000000000000 ) ) ;
#961 = CARTESIAN_POINT ( 'NONE',  ( 1.856888044947248684, -0.1420141918529078950, -0.4064000000000010937 ) ) ;
#962 = ADVANCED_FACE ( 'NONE', ( #1517, #2349 ), #2269, .F. ) ;
#963 = CARTESIAN_POINT ( 'NONE',  ( -3.588017573848492070, 0.4796166573681051593, -1.193800000000001749 ) ) ;
#964 = ORIENTED_EDGE ( 'NONE', *, *, #379, .F. ) ;
#965 = CARTESIAN_POINT ( 'NONE',  ( -4.337631315160280110, 0.5669441899801026530, 0.8197511627193243555 ) ) ;
#966 = ORIENTED_EDGE ( 'NONE', *, *, #97, .T. ) ;
#967 = ADVANCED_FACE ( 'NONE', ( #949 ), #314, .T. ) ;
#968 = EDGE_CURVE ( 'NONE', #1394, #925, #1796, .T. ) ;
#969 = AXIS2_PLACEMENT_3D ( 'NONE', #975, #1401, #378 ) ;
#970 = CARTESIAN_POINT ( 'NONE',  ( -3.699488381787733982, 0.3517090804830775297, 0.2159924637516595913 ) ) ;
#971 = ORIENTED_EDGE ( 'NONE', *, *, #1636, .T. ) ;
#972 = CARTESIAN_POINT ( 'NONE',  ( -4.251350811753535019, 1.013811622057484874, -0.9840785784966585847 ) ) ;
#973 = CARTESIAN_POINT ( 'NONE',  ( 3.839823433188787050, 0.3893117440695086917, -1.646945970920369318 ) ) ;
#974 = CARTESIAN_POINT ( 'NONE',  ( 4.102859195065477138, 0.4597919640448730472, -0.6303957524552824543 ) ) ;
#975 = CARTESIAN_POINT ( 'NONE',  ( -4.123128303524159044, 0.6596424732529481139, 1.193800000000001527 ) ) ;
#976 = ORIENTED_EDGE ( 'NONE', *, *, #1191, .F. ) ;
#977 = CARTESIAN_POINT ( 'NONE',  ( -4.124388626720732809, 0.6549388830493787506, 0.7057410771161729546 ) ) ;
#978 = VERTEX_POINT ( 'NONE', #163 ) ;
#979 = CARTESIAN_POINT ( 'NONE',  ( 4.043175295705914607, 0.9580311606485923948, 1.403521421503344691 ) ) ;
#980 = CARTESIAN_POINT ( 'NONE',  ( 4.124388626720732809, 0.6549388830493799718, 0.7057410771161738428 ) ) ;
#981 = CARTESIAN_POINT ( 'NONE',  ( 4.417819387507435636, 0.5145929292794452214, 0.8197511627193242445 ) ) ;
#982 = CARTESIAN_POINT ( 'NONE',  ( 4.368475062229300931, 0.6675827368833644471, -1.681858922883829877 ) ) ;
#983 = ORIENTED_EDGE ( 'NONE', *, *, #1366, .F. ) ;
#984 = ORIENTED_EDGE ( 'NONE', *, *, #1328, .F. ) ;
#985 = CARTESIAN_POINT ( 'NONE',  ( -4.570313329268308244, 0.6163538759054438820, 1.193800000000001527 ) ) ;
#986 = ORIENTED_EDGE ( 'NONE', *, *, #1032, .T. ) ;
#987 = ADVANCED_FACE ( 'NONE', ( #291 ), #1195, .T. ) ;
#988 = CARTESIAN_POINT ( 'NONE',  ( -4.464175587903350007, 0.9798392801678875719, -0.9840785784966585847 ) ) ;
#989 = CARTESIAN_POINT ( 'NONE',  ( 4.240607120965420584, 0.4967014095488253012, -1.757204247544720488 ) ) ;
#990 = ORIENTED_EDGE ( 'NONE', *, *, #599, .T. ) ;
#991 =( BOUNDED_SURFACE ( )  B_SPLINE_SURFACE ( 3, 3, ( 
 ( #360, #2100, #937, #1923 ),
 ( #1011, #2521, #2550, #170 ),
 ( #1185, #334, #1406, #2080 ),
 ( #1364, #2342, #2136, #2392 ) ),
 .UNSPECIFIED., .F., .F., .F. ) 
 B_SPLINE_SURFACE_WITH_KNOTS ( ( 4, 4 ),
 ( 4, 4 ),
 ( 0.000000000000000000, 1.000000000000000000 ),
 ( 0.000000000000000000, 1.000000000000000000 ),
 .UNSPECIFIED. ) 
 GEOMETRIC_REPRESENTATION_ITEM ( )  RATIONAL_B_SPLINE_SURFACE ( (
 ( 1.000000000000000000, 0.9420348673768952352, 0.9420348673768952352, 1.000000000000000000),
 ( 0.7757257530573672399, 0.7307607069022391544, 0.7307607069022391544, 0.7757257530573672399),
 ( 0.7757257530573672399, 0.7307607069022391544, 0.7307607069022391544, 0.7757257530573672399),
 ( 1.000000000000000000, 0.9420348673768952352, 0.9420348673768952352, 1.000000000000000000) ) ) 
 REPRESENTATION_ITEM ( '' )  SURFACE ( )  );
#992 = ORIENTED_EDGE ( 'NONE', *, *, #1890, .F. ) ;
#993 = ORIENTED_EDGE ( 'NONE', *, *, #1962, .F. ) ;
#994 = DIRECTION ( 'NONE',  ( 0.9659258262890680902, -0.2588190451025211836, 0.000000000000000000 ) ) ;
#995 = EDGE_CURVE ( 'NONE', #2485, #641, #288, .T. ) ;
#996 = ORIENTED_EDGE ( 'NONE', *, *, #2046, .T. ) ;
#997 = CARTESIAN_POINT ( 'NONE',  ( 4.086425505132004865, 0.4553885700985356721, 0.6352151579701679207 ) ) ;
#998 = DIRECTION ( 'NONE',  ( -0.000000000000000000, -0.000000000000000000, -1.000000000000000000 ) ) ;
#999 = VERTEX_POINT ( 'NONE', #952 ) ;
#1000 = EDGE_CURVE ( 'NONE', #1295, #1394, #280, .T. ) ;
#1001 = CARTESIAN_POINT ( 'NONE',  ( 1.778000000000000025, -4.065758146820641628E-17, 0.4064000000000012047 ) ) ;
#1002 = CARTESIAN_POINT ( 'NONE',  ( -4.618071011244182067, 0.5978425541209299032, -1.520483893310426993 ) ) ;
#1003 = ORIENTED_EDGE ( 'NONE', *, *, #2448, .T. ) ;
#1004 = ORIENTED_EDGE ( 'NONE', *, *, #419, .F. ) ;
#1005 = CARTESIAN_POINT ( 'NONE',  ( -1.856888044947248906, -0.1420141918529078950, 1.981199999999999850 ) ) ;
#1006 = EDGE_CURVE ( 'NONE', #381, #1748, #231, .T. ) ;
#1007 = CARTESIAN_POINT ( 'NONE',  ( 4.150563231539367237, 0.5572539279982012816, -0.8197511627193242445 ) ) ;
#1008 = ORIENTED_EDGE ( 'NONE', *, *, #1824, .T. ) ;
#1009 = CARTESIAN_POINT ( 'NONE',  ( 3.734027761624587605, 0.3609638793111729638, 1.537418232159465603 ) ) ;
#1010 = ADVANCED_FACE ( 'NONE', ( #252 ), #1683, .T. ) ;
#1011 = CARTESIAN_POINT ( 'NONE',  ( -4.549284681807304054, 0.7159624548527885324, -1.354530703175464534 ) ) ;
#1012 = FILL_AREA_STYLE_COLOUR ( '', #2292 ) ;
#1013 = CARTESIAN_POINT ( 'NONE',  ( -3.570295953401414923, 0.5741520487208909840, 1.403521421503345579 ) ) ;
#1014 = CARTESIAN_POINT ( 'NONE',  ( 4.036732034929350732, 0.4420732448886344201, 0.6475909594381326073 ) ) ;
#1015 = VERTEX_POINT ( 'NONE', #1931 ) ;
#1016 = DIRECTION ( 'NONE',  ( 0.9659258262890679791, -0.2588190451025214611, 0.000000000000000000 ) ) ;
#1017 = CARTESIAN_POINT ( 'NONE',  ( -4.088321254979879527, 0.7895441468817184782, -1.033069296824539185 ) ) ;
#1018 = CARTESIAN_POINT ( 'NONE',  ( -4.663080652276597071, 0.6099028510871802311, -1.436969414152507785 ) ) ;
#1019 = ORIENTED_EDGE ( 'NONE', *, *, #295, .F. ) ;
#1020 = CARTESIAN_POINT ( 'NONE',  ( -4.163132303201082074, 0.4759420946951258280, 0.4063999999999712842 ) ) ;
#1021 = AXIS2_PLACEMENT_3D ( 'NONE', #1856, #71, #2500 ) ;
#1022 = CARTESIAN_POINT ( 'NONE',  ( -3.988784936043427098, 0.4292258584627361984, -0.6627804189478395669 ) ) ;
#1023 = CARTESIAN_POINT ( 'NONE',  ( 3.800536914235475017, 0.6426911727966158061, -1.354530703175464312 ) ) ;
#1024 = CARTESIAN_POINT ( 'NONE',  ( -4.716004719676959667, 0.6240838122710344882, 1.193800000000001083 ) ) ;
#1025 = CARTESIAN_POINT ( 'NONE',  ( 4.102859195065392761, 0.4597919640448507317, 1.757204247544734921 ) ) ;
#1026 = VERTEX_POINT ( 'NONE', #1721 ) ;
#1027 = MECHANICAL_DESIGN_GEOMETRIC_PRESENTATION_REPRESENTATION (  '', ( #581 ), #2499 ) ;
#1028 = DIRECTION ( 'NONE',  ( -0.000000000000000000, -0.000000000000000000, -1.000000000000000000 ) ) ;
#1029 = ADVANCED_FACE ( 'NONE', ( #1139 ), #1111, .T. ) ;
#1030 = CARTESIAN_POINT ( 'NONE',  ( -4.163132303201082074, 0.4759420946951258835, -1.193799999999971773 ) ) ;
#1031 = APPLICATION_PROTOCOL_DEFINITION ( 'draft international standard', 'automotive_design', 1998, #2188 ) ;
#1032 = EDGE_CURVE ( 'NONE', #598, #833, #228, .T. ) ;
#1033 = CARTESIAN_POINT ( 'NONE',  ( -4.058062120339282153, 0.5324683299531570713, -1.567848837280679364 ) ) ;
#1034 = CARTESIAN_POINT ( 'NONE',  ( -3.632238375216652493, 0.3336894954251074519, -1.282265763343175768 ) ) ;
#1035 = VERTEX_POINT ( 'NONE', #884 ) ;
#1036 = CARTESIAN_POINT ( 'NONE',  ( -4.671421450159328970, 0.6121377611440897981, 0.9697782812103826755 ) ) ;
#1037 =( BOUNDED_SURFACE ( )  B_SPLINE_SURFACE ( 3, 3, ( 
 ( #1454, #1632, #2003, #2022 ),
 ( #250, #444, #83, #471 ),
 ( #704, #2350, #615, #1914 ),
 ( #350, #140, #1943, #1560 ) ),
 .UNSPECIFIED., .F., .F., .F. ) 
 B_SPLINE_SURFACE_WITH_KNOTS ( ( 4, 4 ),
 ( 4, 4 ),
 ( 0.000000000000000000, 1.000000000000000000 ),
 ( 0.000000000000000000, 1.000000000000000000 ),
 .UNSPECIFIED. ) 
 GEOMETRIC_REPRESENTATION_ITEM ( )  RATIONAL_B_SPLINE_SURFACE ( (
 ( 1.000000000000000000, 0.3333333333333335369, 0.3333333333333335369, 1.000000000000000000),
 ( 0.9427141906301192975, 0.3142380635433733027, 0.3142380635433733027, 0.9427141906301192975),
 ( 0.9427141906301192975, 0.3142380635433733027, 0.3142380635433733027, 0.9427141906301192975),
 ( 1.000000000000000000, 0.3333333333333335369, 0.3333333333333335369, 1.000000000000000000) ) ) 
 REPRESENTATION_ITEM ( '' )  SURFACE ( )  );
#1038 = CARTESIAN_POINT ( 'NONE',  ( -4.406616775308963341, 0.5411835623659478900, -0.6851196428872716737 ) ) ;
#1039 = ORIENTED_EDGE ( 'NONE', *, *, #687, .F. ) ;
#1040 = CARTESIAN_POINT ( 'NONE',  ( 3.928775335262205459, 0.7467939465376863817, -1.354530703175464312 ) ) ;
#1041 = CARTESIAN_POINT ( 'NONE',  ( -4.689732435860616278, 0.6170441749753676763, 1.367664653701706534 ) ) ;
#1042 = DIRECTION ( 'NONE',  ( 0.2588190451025229044, 0.9659258262890676461, 0.000000000000000000 ) ) ;
#1043 = EDGE_LOOP ( 'NONE', ( #2208, #1846, #1830, #992, #859 ) ) ;
#1044 = CARTESIAN_POINT ( 'NONE',  ( 1.856888044947248906, -0.1420141918529079506, 1.981199999999999850 ) ) ;
#1045 = CARTESIAN_POINT ( 'NONE',  ( -4.163132303201082074, 0.4759420946951258835, 0.4063999999999860502 ) ) ;
#1046 = CARTESIAN_POINT ( 'NONE',  ( 4.646752689049465701, 0.7633038765271829007, -2.259023725326124943 ) ) ;
#1047 = EDGE_LOOP ( 'NONE', ( #2214, #883, #1771, #1613 ) ) ;
#1048 = APPLICATION_CONTEXT ( 'automotive_design' ) ;
#1049 = CARTESIAN_POINT ( 'NONE',  ( -4.590342470416724829, 0.7848321319641919924, -1.193800000000001749 ) ) ;
#1050 = CARTESIAN_POINT ( 'NONE',  ( -3.928775335262205903, 0.7467939465376868258, -1.033069296824539407 ) ) ;
#1051 = CARTESIAN_POINT ( 'NONE',  ( -4.703266642683307630, 0.6206706547637035332, -1.334767301082616431 ) ) ;
#1052 = ORIENTED_EDGE ( 'NONE', *, *, #2182, .F. ) ;
#1053 = CARTESIAN_POINT ( 'NONE',  ( -3.588017573837865015, 0.4796166574077622147, -1.193800000000001527 ) ) ;
#1054 = AXIS2_PLACEMENT_3D ( 'NONE', #1178, #1550, #212 ) ;
#1055 = CARTESIAN_POINT ( 'NONE',  ( 3.617825581981109373, 0.4876036891177248367, 1.193800000000001305 ) ) ;
#1056 = DIRECTION ( 'NONE',  ( 0.9659258262890680902, -0.2588190451025217942, 0.000000000000000000 ) ) ;
#1057 = PLANE ( 'NONE',  #1353 ) ;
#1058 = CARTESIAN_POINT ( 'NONE',  ( 4.716004719692899805, 0.6240838122115488495, 1.265630355999876944 ) ) ;
#1059 = EDGE_CURVE ( 'NONE', #1748, #833, #1155, .T. ) ;
#1060 = CARTESIAN_POINT ( 'NONE',  ( 4.716004719666334388, 0.6240838123106916546, 1.193800000000001749 ) ) ;
#1061 = ORIENTED_EDGE ( 'NONE', *, *, #103, .F. ) ;
#1062 = CARTESIAN_POINT ( 'NONE',  ( 3.588017573837866347, 0.4796166574077624367, -2.320742766958466152 ) ) ;
#1063 = EDGE_CURVE ( 'NONE', #1015, #99, #108, .T. ) ;
#1064 = DIRECTION ( 'NONE',  ( 0.2588190451025229044, 0.9659258262890677571, 0.000000000000000000 ) ) ;
#1065 = DIRECTION ( 'NONE',  ( 0.000000000000000000, -0.000000000000000000, -1.000000000000000000 ) ) ;
#1066 = CARTESIAN_POINT ( 'NONE',  ( -3.856180748434280048, 0.3936946734798798531, -1.655882947863081434 ) ) ;
#1067 = CARTESIAN_POINT ( 'NONE',  ( 4.716004719676959667, 0.6240838122710344882, 1.193800000000001749 ) ) ;
#1068 = DIRECTION ( 'NONE',  ( 0.9659258262890680902, -0.2588190451025214611, 0.000000000000000000 ) ) ;
#1069 = CARTESIAN_POINT ( 'NONE',  ( 4.388080280810848777, 0.5362167236346738752, 0.6764676653315652155 ) ) ;
#1070 = CARTESIAN_POINT ( 'NONE',  ( 4.163132303201083850, 0.4759420946951234410, -1.193799999999971773 ) ) ;
#1071 = DIRECTION ( 'NONE',  ( -0.2588190451025215166, 0.9659258262890680902, -0.000000000000000000 ) ) ;
#1072 = CARTESIAN_POINT ( 'NONE',  ( -1.778000000000000025, -0.1523999999999999522, -1.981199999999999850 ) ) ;
#1073 = AXIS2_PLACEMENT_3D ( 'NONE', #1871, #423, #68 ) ;
#1074 = CARTESIAN_POINT ( 'NONE',  ( 4.616266875627988320, 0.7680919037863581655, -2.202608121573945255 ) ) ;
#1075 = DIRECTION ( 'NONE',  ( -0.9659258262890677571, 0.2588190451025228489, 0.000000000000000000 ) ) ;
#1076 = CARTESIAN_POINT ( 'NONE',  ( -1.778000000000000025, -0.1523999999999999799, 1.981199999999999850 ) ) ;
#1077 = CARTESIAN_POINT ( 'NONE',  ( -3.641833057229554527, 0.5069931490689214559, 1.193800000000001527 ) ) ;
#1078 = AXIS2_PLACEMENT_3D ( 'NONE', #2462, #2441, #1653 ) ;
#1079 = CARTESIAN_POINT ( 'NONE',  ( -4.308062078926214511, 0.5147759110598959520, -0.6435838369614852450 ) ) ;
#1080 = CARTESIAN_POINT ( 'NONE',  ( -4.699285993617810853, 0.6196040430612517191, -1.053919652556901232 ) ) ;
#1081 =( BOUNDED_CURVE ( )  B_SPLINE_CURVE ( 3, ( #382, #740, #1793, #129 ),
 .UNSPECIFIED., .F., .F. ) 
 B_SPLINE_CURVE_WITH_KNOTS ( ( 4, 4 ),
 ( 0.000000000000000000, 1.000000000000000000 ),
 .UNSPECIFIED. ) 
 CURVE ( )  GEOMETRIC_REPRESENTATION_ITEM ( )  RATIONAL_B_SPLINE_CURVE ( ( 1.000000000000000000, 0.3333333333333332038, 0.3333333333333332038, 1.000000000000000000 ) ) 
 REPRESENTATION_ITEM ( '' )  );
#1082 = CARTESIAN_POINT ( 'NONE',  ( -4.487285567596560831, 0.5627987001138029521, 1.655882947863173582 ) ) ;
#1083 = EDGE_CURVE ( 'NONE', #1260, #1440, #248, .T. ) ;
#1084 = AXIS2_PLACEMENT_3D ( 'NONE', #1955, #2306, #122 ) ;
#1085 = CARTESIAN_POINT ( 'NONE',  ( 3.627461596311489789, 0.3324095614813084021, 1.193800000000001527 ) ) ;
#1086 = CIRCLE ( 'NONE', #1692, 0.1523999999999993693 ) ;
#1087 = EDGE_CURVE ( 'NONE', #814, #636, #1103, .T. ) ;
#1088 = DIRECTION ( 'NONE',  ( 0.9659258262890680902, 0.2588190451025215166, 0.000000000000000000 ) ) ;
#1089 = CARTESIAN_POINT ( 'NONE',  ( 4.088321254979879527, 0.7895441468817183672, 1.354530703175464312 ) ) ;
#1090 = FACE_OUTER_BOUND ( 'NONE', #2118, .T. ) ;
#1091 = DIRECTION ( 'NONE',  ( 0.9659258262890680902, -0.2588190451025214611, 8.965985653112926749E-16 ) ) ;
#1092 = CARTESIAN_POINT ( 'NONE',  ( 3.588017573837865903, 0.4796166574077621036, -1.193800000000001305 ) ) ;
#1093 = CARTESIAN_POINT ( 'NONE',  ( -4.616266875627988320, 0.7680919037863581655, 2.202608121573945255 ) ) ;
#1094 = CIRCLE ( 'NONE', #2444, 0.4836956981340147510 ) ;
#1095 = CARTESIAN_POINT ( 'NONE',  ( -4.163132303201082074, 0.4759420946951258835, 1.193799999999971773 ) ) ;
#1096 = FACE_OUTER_BOUND ( 'NONE', #1421, .T. ) ;
#1097 = CARTESIAN_POINT ( 'NONE',  ( 3.588017573848492070, 0.4796166573681051593, -1.193800000000001749 ) ) ;
#1098 = CARTESIAN_POINT ( 'NONE',  ( -3.560168644584834396, 0.5835502763164661655, -1.193800000000001527 ) ) ;
#1099 = CARTESIAN_POINT ( 'NONE',  ( -4.439533611641088839, 0.5500036020785281643, 1.684815742118698445 ) ) ;
#1100 = CARTESIAN_POINT ( 'NONE',  ( 3.757499009711480209, 0.3985609353837389346, 1.193800000000001527 ) ) ;
#1101 = AXIS2_PLACEMENT_3D ( 'NONE', #903, #2083, #61 ) ;
#1102 = DIRECTION ( 'NONE',  ( 0.000000000000000000, 0.000000000000000000, 1.000000000000000000 ) ) ;
#1103 = CIRCLE ( 'NONE', #959, 0.3707048575521264544 ) ;
#1104 = DIRECTION ( 'NONE',  ( 1.182917971378669595E-16, 3.169619151431774186E-17, 1.000000000000000000 ) ) ;
#1105 = EDGE_CURVE ( 'NONE', #2493, #432, #298, .T. ) ;
#1106 = DIRECTION ( 'NONE',  ( 0.2588190451025215166, 0.9659258262890680902, -0.000000000000000000 ) ) ;
#1107 = CARTESIAN_POINT ( 'NONE',  ( -3.627461596322116399, 0.3324095614416511801, 1.193800000000001305 ) ) ;
#1108 = FACE_OUTER_BOUND ( 'NONE', #788, .T. ) ;
#1109 = CARTESIAN_POINT ( 'NONE',  ( 3.588017573848492070, 0.4796166573681051593, 1.193800000000001527 ) ) ;
#1110 = EDGE_CURVE ( 'NONE', #432, #36, #1094, .T. ) ;
#1111 = CYLINDRICAL_SURFACE ( 'NONE', #487, 0.3047999999999991827 ) ;
#1112 = CARTESIAN_POINT ( 'NONE',  ( 3.791523922764734600, 0.4649132868978995692, -1.193800000000001527 ) ) ;
#1113 = CARTESIAN_POINT ( 'NONE',  ( -3.988784936043460849, 0.4292258584627453022, 1.724819581052177808 ) ) ;
#1114 = CARTESIAN_POINT ( 'NONE',  ( -3.655914136631593259, 0.5344528145417054565, -1.193800000000001527 ) ) ;
#1115 = EDGE_CURVE ( 'NONE', #1821, #626, #1126, .T. ) ;
#1116 =( BOUNDED_SURFACE ( )  B_SPLINE_SURFACE ( 3, 3, ( 
 ( #1865, #2017, #2345, #858 ),
 ( #465, #2247, #1129, #172 ),
 ( #2511, #1247, #699, #436 ),
 ( #153, #1573, #2447, #875 ) ),
 .UNSPECIFIED., .F., .F., .F. ) 
 B_SPLINE_SURFACE_WITH_KNOTS ( ( 4, 4 ),
 ( 4, 4 ),
 ( 0.000000000000000000, 1.000000000000000000 ),
 ( 0.000000000000000000, 1.000000000000000000 ),
 .UNSPECIFIED. ) 
 GEOMETRIC_REPRESENTATION_ITEM ( )  RATIONAL_B_SPLINE_SURFACE ( (
 ( 1.000000000000000000, 0.3333333333333335369, 0.3333333333333335369, 1.000000000000000000),
 ( 0.9427141906301192975, 0.3142380635433733027, 0.3142380635433733027, 0.9427141906301192975),
 ( 0.9427141906301192975, 0.3142380635433733027, 0.3142380635433733027, 0.9427141906301192975),
 ( 1.000000000000000000, 0.3333333333333335369, 0.3333333333333335369, 1.000000000000000000) ) ) 
 REPRESENTATION_ITEM ( '' )  SURFACE ( )  );
#1117 = CARTESIAN_POINT ( 'NONE',  ( 4.473104459027869240, 0.5992748119211462887, 1.681858922883829655 ) ) ;
#1118 = CARTESIAN_POINT ( 'NONE',  ( 1.778000000000000025, -0.1523999999999999799, 0.000000000000000000 ) ) ;
#1119 = CARTESIAN_POINT ( 'NONE',  ( 4.368475062229300931, 0.6675827368833644471, -0.7057410771161731766 ) ) ;
#1120 = ADVANCED_FACE ( 'NONE', ( #1993 ), #2116, .F. ) ;
#1121 = FACE_OUTER_BOUND ( 'NONE', #2155, .T. ) ;
#1122 = CARTESIAN_POINT ( 'NONE',  ( 3.627461596322116399, 0.3324095614416511246, -1.193800000000001749 ) ) ;
#1123 = CARTESIAN_POINT ( 'NONE',  ( 3.906681645934128699, 0.5438455639170631795, -0.7057410771161728436 ) ) ;
#1124 = CARTESIAN_POINT ( 'NONE',  ( 3.641833057229554971, 0.5069931490689215670, -1.193800000000001305 ) ) ;
#1125 = CARTESIAN_POINT ( 'NONE',  ( -3.641833057229554083, 0.5069931490689214559, 2.202608121573947031 ) ) ;
#1126 = CIRCLE ( 'NONE', #401, 0.3707048575521265099 ) ;
#1127 = LINE ( 'NONE', #421, #1936 ) ;
#1128 = CARTESIAN_POINT ( 'NONE',  ( 3.627461596338056093, 0.3324095613821652639, 1.121969644000317956 ) ) ;
#1129 = CARTESIAN_POINT ( 'NONE',  ( 3.757499009711480653, 0.3985609353837387125, 2.035287304133416075 ) ) ;
#1130 = AXIS2_PLACEMENT_3D ( 'NONE', #571, #953, #1536 ) ;
#1131 = CARTESIAN_POINT ( 'NONE',  ( 4.507670714445553450, 0.6568042413909148669, 1.193800000000001749 ) ) ;
#1132 = DIRECTION ( 'NONE',  ( 0.000000000000000000, 0.000000000000000000, -1.000000000000000000 ) ) ;
#1133 = DIRECTION ( 'NONE',  ( -0.000000000000000000, 0.000000000000000000, 1.000000000000000000 ) ) ;
#1134 = CIRCLE ( 'NONE', #1772, 0.3707048575521265099 ) ;
#1135 = CARTESIAN_POINT ( 'NONE',  ( -3.757499009711481985, 0.3985609353837386570, 1.193800000000001527 ) ) ;
#1136 = EDGE_CURVE ( 'NONE', #1026, #2115, #1147, .T. ) ;
#1137 = ADVANCED_FACE ( 'NONE', ( #1144 ), #259, .F. ) ;
#1138 = DIRECTION ( 'NONE',  ( 0.2588190451025217387, -0.9659258262890680902, -0.000000000000000000 ) ) ;
#1139 = FACE_OUTER_BOUND ( 'NONE', #2225, .T. ) ;
#1140 = CARTESIAN_POINT ( 'NONE',  ( -3.588017573837865903, 0.4796166574077621036, 1.193800000000001305 ) ) ;
#1141 = CARTESIAN_POINT ( 'NONE',  ( -3.983712387895432805, 0.4721118992333979136, 0.8197511627193243555 ) ) ;
#1142 = EDGE_CURVE ( 'NONE', #1768, #1834, #1975, .T. ) ;
#1143 = PRODUCT_DEFINITION_FORMATION_WITH_SPECIFIED_SOURCE ( 'ANY', '', #169, .NOT_KNOWN. ) ;
#1144 = FACE_OUTER_BOUND ( 'NONE', #895, .T. ) ;
#1145 = CARTESIAN_POINT ( 'NONE',  ( 3.791523922764735488, 0.4649132868978994026, -0.4523902848957497835 ) ) ;
#1146 = DIRECTION ( 'NONE',  ( 0.000000000000000000, 0.000000000000000000, -1.000000000000000000 ) ) ;
#1147 = LINE ( 'NONE', #2030, #1942 ) ;
#1148 = CARTESIAN_POINT ( 'NONE',  ( 4.549284681807304054, 0.7159624548527883103, 1.033069296824539185 ) ) ;
#1149 = CARTESIAN_POINT ( 'NONE',  ( 4.473104459027870128, 0.5992748119211456226, -1.681858922883829877 ) ) ;
#1150 = FACE_OUTER_BOUND ( 'NONE', #1647, .T. ) ;
#1151 = CARTESIAN_POINT ( 'NONE',  ( -3.627461596311491565, 0.3324095614813085131, 0.06685723304153835811 ) ) ;
#1152 = PRODUCT_DEFINITION_CONTEXT ( 'detailed design', #2188, 'design' ) ;
#1153 = DIRECTION ( 'NONE',  ( -1.000000000000000000, 0.000000000000000000, 0.000000000000000000 ) ) ;
#1154 = DIRECTION ( 'NONE',  ( -0.9659258262890676461, 0.2588190451025229044, 0.000000000000000000 ) ) ;
#1155 = LINE ( 'NONE', #1806, #1938 ) ;
#1156 = CARTESIAN_POINT ( 'NONE',  ( -4.616266875627987432, 0.7680919037863578325, 1.193800000000001305 ) ) ;
#1157 = CARTESIAN_POINT ( 'NONE',  ( -4.643977934190091972, 0.6047842933089226936, 2.171607536248346459 ) ) ;
#1158 = ADVANCED_FACE ( 'NONE', ( #1150 ), #1909, .T. ) ;
#1159 = CIRCLE ( 'NONE', #2380, 0.4836956981340151396 ) ;
#1160 = AXIS2_PLACEMENT_3D ( 'NONE', #2455, #1222, #1075 ) ;
#1161 = CARTESIAN_POINT ( 'NONE',  ( 4.124388626720732809, 0.6549388830493796387, 0.7057410771161738428 ) ) ;
#1162 = CARTESIAN_POINT ( 'NONE',  ( 4.150563231539367237, 0.5572539279982019478, 0.8197511627193242445 ) ) ;
#1163 = CARTESIAN_POINT ( 'NONE',  ( 4.251350811753535908, 1.013811622057485096, -1.403521421503345357 ) ) ;
#1164 = EDGE_CURVE ( 'NONE', #528, #2149, #321, .T. ) ;
#1165 = CARTESIAN_POINT ( 'NONE',  ( 4.676560697203335337, 0.7712909081974883563, -1.193800000000001305 ) ) ;
#1166 = DIRECTION ( 'NONE',  ( -0.9659258262890680902, -0.2588190451025216832, 0.000000000000000000 ) ) ;
#1167 = CARTESIAN_POINT ( 'NONE',  ( 4.247867174697553594, 0.8322943472257496866, -1.354530703175464090 ) ) ;
#1168 = LINE ( 'NONE', #196, #354 ) ;
#1169 = CARTESIAN_POINT ( 'NONE',  ( 4.243064342739452321, 0.5820395260432461582, 1.567848837280679142 ) ) ;
#1170 = EDGE_CURVE ( 'NONE', #842, #2115, #1952, .T. ) ;
#1171 = CARTESIAN_POINT ( 'NONE',  ( 3.632238375216652493, 0.3336894954251072853, 1.282265763343120035 ) ) ;
#1172 = FACE_OUTER_BOUND ( 'NONE', #89, .T. ) ;
#1173 = DIRECTION ( 'NONE',  ( -0.9659258262890677571, 0.2588190451025228489, 0.000000000000000000 ) ) ;
#1174 = ADVANCED_FACE ( 'NONE', ( #1121 ), #1240, .T. ) ;
#1175 = CARTESIAN_POINT ( 'NONE',  ( 3.697448371588544003, 0.3511624612913924470, 0.9165525692583700312 ) ) ;
#1176 = PRODUCT_CONTEXT ( 'NONE', #1048, 'mechanical' ) ;
#1177 = VECTOR ( 'NONE', #686, 1000.000000000000000 ) ;
#1178 = CARTESIAN_POINT ( 'NONE',  ( 1.778000000000000025, 0.1523999999999999244, 0.4064000000000012047 ) ) ;
#1179 = CARTESIAN_POINT ( 'NONE',  ( -4.570313329268309133, 0.6163538759054438820, -0.3523126958665883102 ) ) ;
#1180 = LINE ( 'NONE', #164, #2120 ) ;
#1181 = DIRECTION ( 'NONE',  ( -0.9659258262890680902, 0.2588190451025215166, 0.000000000000000000 ) ) ;
#1182 = CARTESIAN_POINT ( 'NONE',  ( 3.680385663754388137, 0.3465905225065417650, -1.436969414152536428 ) ) ;
#1183 = CIRCLE ( 'NONE', #779, 0.1076000000000001400 ) ;
#1184 = AXIS2_PLACEMENT_3D ( 'NONE', #831, #2153, #1398 ) ;
#1185 = CARTESIAN_POINT ( 'NONE',  ( -4.549284681807304054, 0.7159624548527883103, -1.033069296824539185 ) ) ;
#1186 = FILL_AREA_STYLE ('',( #1012 ) ) ;
#1187 = AXIS2_PLACEMENT_3D ( 'NONE', #2009, #1241, #2235 ) ;
#1188 = AXIS2_PLACEMENT_3D ( 'NONE', #2067, #1945, #176 ) ;
#1189 = CARTESIAN_POINT ( 'NONE',  ( 4.570313329268307356, 0.6163538759054438820, -1.193800000000001527 ) ) ;
#1190 = CARTESIAN_POINT ( 'NONE',  ( 3.901808633811399307, 0.4059206285190187780, 0.6983328224964155950 ) ) ;
#1191 = EDGE_CURVE ( 'NONE', #798, #1840, #1159, .T. ) ;
#1192 = CARTESIAN_POINT ( 'NONE',  ( -4.123128303524159044, 0.6596424732529487800, -1.677495698134016111 ) ) ;
#1193 = CARTESIAN_POINT ( 'NONE',  ( -3.983712387895432805, 0.4721118992333976916, -1.567848837280679364 ) ) ;
#1194 = CARTESIAN_POINT ( 'NONE',  ( -4.716004719692898917, 0.6240838122115487385, -1.265630355999878720 ) ) ;
#1195 =( BOUNDED_SURFACE ( )  B_SPLINE_SURFACE ( 3, 3, ( 
 ( #1782, #373, #2516, #1334 ),
 ( #178, #1947, #341, #331 ),
 ( #1918, #988, #972, #2152 ),
 ( #812, #1969, #2174, #12 ) ),
 .UNSPECIFIED., .F., .F., .F. ) 
 B_SPLINE_SURFACE_WITH_KNOTS ( ( 4, 4 ),
 ( 4, 4 ),
 ( 0.000000000000000000, 1.000000000000000000 ),
 ( 0.000000000000000000, 1.000000000000000000 ),
 .UNSPECIFIED. ) 
 GEOMETRIC_REPRESENTATION_ITEM ( )  RATIONAL_B_SPLINE_SURFACE ( (
 ( 1.000000000000000000, 0.9420348673768952352, 0.9420348673768952352, 1.000000000000000000),
 ( 0.7757257530573673510, 0.7307607069022392654, 0.7307607069022392654, 0.7757257530573673510),
 ( 0.7757257530573673510, 0.7307607069022392654, 0.7307607069022392654, 0.7757257530573673510),
 ( 1.000000000000000000, 0.9420348673768952352, 0.9420348673768952352, 1.000000000000000000) ) ) 
 REPRESENTATION_ITEM ( '' )  SURFACE ( )  );
#1196 = CARTESIAN_POINT ( 'NONE',  ( -4.441657682219597447, 0.5505727450747064378, 0.6983328224964410191 ) ) ;
#1197 = AXIS2_PLACEMENT_3D ( 'NONE', #1070, #1668, #834 ) ;
#1198 = CARTESIAN_POINT ( 'NONE',  ( 3.641833057229553638, 0.5069931490689220110, 1.193800000000001305 ) ) ;
#1199 = CARTESIAN_POINT ( 'NONE',  ( 3.760400852325176846, 0.3680305276663091707, -1.564878668933913142 ) ) ;
#1200 = CARTESIAN_POINT ( 'NONE',  ( 4.163132303201083850, 0.4759420946951234965, 0.4063999999999710622 ) ) ;
#1201 = CARTESIAN_POINT ( 'NONE',  ( 4.676560697203335337, 0.7712909081974883563, -1.193800000000001305 ) ) ;
#1202 = DIRECTION ( 'NONE',  ( -0.000000000000000000, -0.000000000000000000, -1.000000000000000000 ) ) ;
#1203 = CARTESIAN_POINT ( 'NONE',  ( -4.163132303201082074, 0.4759420946951258835, -1.193799999999971773 ) ) ;
#1204 = FILL_AREA_STYLE_COLOUR ( '', #2422 ) ;
#1205 = CARTESIAN_POINT ( 'NONE',  ( 3.641833057229553194, 0.5069931490689213449, 1.193800000000001971 ) ) ;
#1206 = CARTESIAN_POINT ( 'NONE',  ( -1.778000000000000025, 0.1523999999999992305, 2.777088509435713615 ) ) ;
#1207 = DIRECTION ( 'NONE',  ( 0.000000000000000000, 0.000000000000000000, -1.000000000000000000 ) ) ;
#1208 = AXIS2_PLACEMENT_3D ( 'NONE', #316, #333, #1316 ) ;
#1209 = CARTESIAN_POINT ( 'NONE',  ( -3.697448371588597293, 0.3511624612914066024, -0.9165525692582638939 ) ) ;
#1210 = CARTESIAN_POINT ( 'NONE',  ( 4.058062120339282153, 0.5324683299531571823, -0.8197511627193243555 ) ) ;
#1211 = DIRECTION ( 'NONE',  ( -0.2588190451025215166, 0.9659258262890680902, -0.000000000000000000 ) ) ;
#1212 = CARTESIAN_POINT ( 'NONE',  ( -3.791523922764734600, 0.4649132868978995692, 1.193800000000001527 ) ) ;
#1213 = AXIS2_PLACEMENT_3D ( 'NONE', #2476, #1071, #1869 ) ;
#1214 = DIRECTION ( 'NONE',  ( 0.9659258262890680902, 0.2588190451025214056, 0.000000000000000000 ) ) ;
#1215 = FACE_OUTER_BOUND ( 'NONE', #11, .T. ) ;
#1216 = DIRECTION ( 'NONE',  ( 0.9659258262890679791, -0.2588190451025214611, -1.169881808018174981E-15 ) ) ;
#1217 = CARTESIAN_POINT ( 'NONE',  ( 4.676560697192710059, 0.7712909082371457448, -2.320742766958468817 ) ) ;
#1218 = EDGE_LOOP ( 'NONE', ( #1370, #493, #950, #1803, #110 ) ) ;
#1219 = CARTESIAN_POINT ( 'NONE',  ( 1.778000000000000025, 0.1523999999999999244, 1.981199999999999850 ) ) ;
#1220 = EDGE_CURVE ( 'NONE', #519, #1762, #1081, .T. ) ;
#1221 = CARTESIAN_POINT ( 'NONE',  ( 3.693148615186131245, 0.3500103450357150425, -0.9143535695830953269 ) ) ;
#1222 = DIRECTION ( 'NONE',  ( -0.2588190451025229044, -0.9659258262890677571, -0.000000000000000000 ) ) ;
#1223 = CARTESIAN_POINT ( 'NONE',  ( 3.655914136631592815, 0.5344528145417054565, 1.193800000000001749 ) ) ;
#1224 = CARTESIAN_POINT ( 'NONE',  ( -4.716004719676959667, 0.6240838122710344882, -1.193800000000002415 ) ) ;
#1225 = ORIENTED_EDGE ( 'NONE', *, *, #2427, .T. ) ;
#1226 = CARTESIAN_POINT ( 'NONE',  ( -3.936849540721989005, 0.4153098112277656129, 0.6851196428872534661 ) ) ;
#1227 = EDGE_CURVE ( 'NONE', #381, #1834, #1997, .T. ) ;
#1228 = FACE_OUTER_BOUND ( 'NONE', #146, .T. ) ;
#1229 = ORIENTED_EDGE ( 'NONE', *, *, #1788, .F. ) ;
#1230 =( BOUNDED_CURVE ( )  B_SPLINE_CURVE ( 3, ( #2319, #1863, #1262, #781 ),
 .UNSPECIFIED., .F., .F. ) 
 B_SPLINE_CURVE_WITH_KNOTS ( ( 4, 4 ),
 ( 0.000000000000000000, 1.000000000000000000 ),
 .UNSPECIFIED. ) 
 CURVE ( )  GEOMETRIC_REPRESENTATION_ITEM ( )  RATIONAL_B_SPLINE_CURVE ( ( 1.000000000000000000, 0.3333333333333335369, 0.3333333333333335369, 1.000000000000000000 ) ) 
 REPRESENTATION_ITEM ( '' )  );
#1231 = CARTESIAN_POINT ( 'NONE',  ( 4.646017944442341729, 0.6053309123023031812, 1.471047430741672990 ) ) ;
#1232 = DIRECTION ( 'NONE',  ( -0.000000000000000000, -0.000000000000000000, -1.000000000000000000 ) ) ;
#1233 = ORIENTED_EDGE ( 'NONE', *, *, #2143, .T. ) ;
#1234 = CARTESIAN_POINT ( 'NONE',  ( 3.588017573848492070, 0.4796166573681051593, -1.193800000000001749 ) ) ;
#1235 = VECTOR ( 'NONE', #111, 1000.000000000000114 ) ;
#1236 = DIRECTION ( 'NONE',  ( -0.9659258262890677571, 0.2588190451025228489, 0.000000000000000000 ) ) ;
#1237 = ORIENTED_EDGE ( 'NONE', *, *, #238, .F. ) ;
#1238 = VECTOR ( 'NONE', #1878, 1000.000000000000114 ) ;
#1239 = CARTESIAN_POINT ( 'NONE',  ( -3.588017573848492070, 0.4796166573681051593, 1.193800000000001527 ) ) ;
#1240 =( BOUNDED_SURFACE ( )  B_SPLINE_SURFACE ( 3, 3, ( 
 ( #1112, #1712, #58, #2489 ),
 ( #77, #696, #1581, #1189 ),
 ( #1407, #647, #306, #2161 ),
 ( #1754, #1951, #1277, #1602 ) ),
 .UNSPECIFIED., .F., .F., .F. ) 
 B_SPLINE_SURFACE_WITH_KNOTS ( ( 4, 4 ),
 ( 4, 4 ),
 ( 0.000000000000000000, 1.000000000000000000 ),
 ( 0.000000000000000000, 1.000000000000000000 ),
 .UNSPECIFIED. ) 
 GEOMETRIC_REPRESENTATION_ITEM ( )  RATIONAL_B_SPLINE_SURFACE ( (
 ( 1.000000000000000000, 0.3333333333333332038, 0.3333333333333332038, 1.000000000000000000),
 ( 0.9427141906301195196, 0.3142380635433730252, 0.3142380635433730252, 0.9427141906301195196),
 ( 0.9427141906301195196, 0.3142380635433730252, 0.3142380635433730252, 0.9427141906301195196),
 ( 1.000000000000000000, 0.3333333333333332038, 0.3333333333333332038, 1.000000000000000000) ) ) 
 REPRESENTATION_ITEM ( '' )  SURFACE ( )  );
#1241 = DIRECTION ( 'NONE',  ( 0.2588190451025229044, 0.9659258262890677571, 0.000000000000000000 ) ) ;
#1242 = CARTESIAN_POINT ( 'NONE',  ( -4.306734281101749495, 0.5144201287051183291, -1.740009040561872666 ) ) ;
#1243 = CARTESIAN_POINT ( 'NONE',  ( 4.163132303201083850, 0.4759420946951233855, -0.4063999999999857171 ) ) ;
#1244 = VECTOR ( 'NONE', #1640, 1000.000000000000000 ) ;
#1245 = CARTESIAN_POINT ( 'NONE',  ( 4.149597318605144025, 0.5608587641444072736, 1.193800000000001527 ) ) ;
#1246 = CARTESIAN_POINT ( 'NONE',  ( 4.243064342739452321, 0.5820395260432456030, -0.8197511627193243555 ) ) ;
#1247 = CARTESIAN_POINT ( 'NONE',  ( 4.643977934190091972, 0.6047842933089222495, 2.171607536248343351 ) ) ;
#1248 = AXIS2_PLACEMENT_3D ( 'NONE', #2104, #1913, #944 ) ;
#1249 = CARTESIAN_POINT ( 'NONE',  ( 4.570313329268306468, 0.6163538759054439931, 1.193800000000001527 ) ) ;
#1250 = CARTESIAN_POINT ( 'NONE',  ( 3.588017573848492070, 0.4796166573681051593, -1.193800000000001749 ) ) ;
#1251 = FACE_OUTER_BOUND ( 'NONE', #1047, .T. ) ;
#1252 = EDGE_CURVE ( 'NONE', #793, #1821, #221, .T. ) ;
#1253 = DIRECTION ( 'NONE',  ( 0.2588190451025229044, 0.9659258262890677571, 0.000000000000000000 ) ) ;
#1254 = CIRCLE ( 'NONE', #2130, 0.3707048575521264544 ) ;
#1255 = CARTESIAN_POINT ( 'NONE',  ( -4.676560697192710059, 0.7712909082371454117, -1.193800000000001749 ) ) ;
#1256 = CARTESIAN_POINT ( 'NONE',  ( 3.641833057229553638, 0.5069931490689214559, 2.202608121573947031 ) ) ;
#1257 = CARTESIAN_POINT ( 'NONE',  ( -3.617825581981110261, 0.4876036891177247812, 2.259023725326127163 ) ) ;
#1258 = CARTESIAN_POINT ( 'NONE',  ( -4.150563231539367237, 0.5572539279982015037, 0.8197511627193243555 ) ) ;
#1259 = LINE ( 'NONE', #923, #2001 ) ;
#1260 = VERTEX_POINT ( 'NONE', #892 ) ;
#1261 = DIRECTION ( 'NONE',  ( -0.2588190451025215166, 0.9659258262890680902, -0.000000000000000000 ) ) ;
#1262 = CARTESIAN_POINT ( 'NONE',  ( -4.676560697192709171, 0.7712909082371457448, 0.06685723304153726176 ) ) ;
#1263 = LINE ( 'NONE', #700, #1287 ) ;
#1264 = DIRECTION ( 'NONE',  ( -0.000000000000000000, -0.000000000000000000, 1.000000000000000000 ) ) ;
#1265 = CARTESIAN_POINT ( 'NONE',  ( -3.906681645934128699, 0.5438455639170636235, -1.681858922883829210 ) ) ;
#1266 = FACE_OUTER_BOUND ( 'NONE', #2517, .T. ) ;
#1267 = CARTESIAN_POINT ( 'NONE',  ( 4.716004719676959667, 0.6240838122710344882, -1.193800000000001305 ) ) ;
#1268 = VERTEX_POINT ( 'NONE', #491 ) ;
#1269 = CARTESIAN_POINT ( 'NONE',  ( -1.817444022473624798, 0.005192904073546169945, 1.981199999999999850 ) ) ;
#1270 = CIRCLE ( 'NONE', #365, 0.6523999999999999799 ) ;
#1271 = FACE_OUTER_BOUND ( 'NONE', #188, .T. ) ;
#1272 = PLANE ( 'NONE',  #1021 ) ;
#1273 = CARTESIAN_POINT ( 'NONE',  ( -4.149597318605144025, 0.5608587641444072736, -1.193800000000001527 ) ) ;
#1274 = DIRECTION ( 'NONE',  ( 0.000000000000000000, -0.000000000000000000, -1.000000000000000000 ) ) ;
#1275 = CARTESIAN_POINT ( 'NONE',  ( -3.725906063146265712, 0.4953388189175085832, 1.354530703175464312 ) ) ;
#1276 = VECTOR ( 'NONE', #1549, 1000.000000000000114 ) ;
#1277 = CARTESIAN_POINT ( 'NONE',  ( 4.716004719666333500, 0.6240838123106917656, -2.320742766958465264 ) ) ;
#1278 = DIRECTION ( 'NONE',  ( 0.000000000000000000, 0.000000000000000000, 1.000000000000000000 ) ) ;
#1279 = EDGE_CURVE ( 'NONE', #626, #2509, #1956, .T. ) ;
#1280 = CIRCLE ( 'NONE', #1313, 0.1075999999999997098 ) ;
#1281 = CARTESIAN_POINT ( 'NONE',  ( 4.123128303524159932, 0.6596424732529483359, -1.677495698134016777 ) ) ;
#1282 = EDGE_CURVE ( 'NONE', #2070, #1457, #1987, .T. ) ;
#1283 = CARTESIAN_POINT ( 'NONE',  ( -4.676560697192709171, 0.7712909082371457448, -2.320742766958466152 ) ) ;
#1284 = CIRCLE ( 'NONE', #891, 0.5000000000000000000 ) ;
#1285 = DIRECTION ( 'NONE',  ( 0.000000000000000000, -1.000000000000000000, 0.000000000000000000 ) ) ;
#1286 = CARTESIAN_POINT ( 'NONE',  ( 4.124388626720732809, 0.6549388830493788616, -1.681858922883829877 ) ) ;
#1287 = VECTOR ( 'NONE', #2002, 1000.000000000000000 ) ;
#1288 = ORIENTED_EDGE ( 'NONE', *, *, #35, .F. ) ;
#1289 = FACE_OUTER_BOUND ( 'NONE', #154, .T. ) ;
#1290 = CIRCLE ( 'NONE', #1248, 0.2599999999999998979 ) ;
#1291 = DIRECTION ( 'NONE',  ( 0.2588190451025216277, -0.9659258262890680902, 0.000000000000000000 ) ) ;
#1292 = CARTESIAN_POINT ( 'NONE',  ( 3.617825581981111593, 0.4876036891177245591, -1.193800000000001305 ) ) ;
#1293 = DIRECTION ( 'NONE',  ( -0.9659258262890680902, -0.2588190451025211836, 0.000000000000000000 ) ) ;
#1294 = CARTESIAN_POINT ( 'NONE',  ( -3.641833057229554971, 0.5069931490689215670, 1.193800000000001305 ) ) ;
#1295 = VERTEX_POINT ( 'NONE', #862 ) ;
#1296 = CARTESIAN_POINT ( 'NONE',  ( -4.464175587903350007, 0.9798392801678870168, 0.9840785784966578076 ) ) ;
#1297 = ORIENTED_EDGE ( 'NONE', *, *, #2361, .F. ) ;
#1298 = CYLINDRICAL_SURFACE ( 'NONE', #783, 0.3048000000000000154 ) ;
#1299 = ORIENTED_EDGE ( 'NONE', *, *, #2411, .T. ) ;
#1300 = CIRCLE ( 'NONE', #257, 0.2599999999999998979 ) ;
#1301 = CIRCLE ( 'NONE', #2309, 0.3707048575521264544 ) ;
#1302 = CARTESIAN_POINT ( 'NONE',  ( 4.236437919264543162, 0.2367652303237330058, -1.193800000000001527 ) ) ;
#1303 = VERTEX_POINT ( 'NONE', #1072 ) ;
#1304 = CARTESIAN_POINT ( 'NONE',  ( 1.778000000000000025, 0.000000000000000000, 1.981199999999999850 ) ) ;
#1305 = ORIENTED_EDGE ( 'NONE', *, *, #2433, .T. ) ;
#1306 = FACE_OUTER_BOUND ( 'NONE', #2491, .T. ) ;
#1307 = LINE ( 'NONE', #1807, #2160 ) ;
#1308 = ORIENTED_EDGE ( 'NONE', *, *, #1400, .T. ) ;
#1309 = ORIENTED_EDGE ( 'NONE', *, *, #1614, .T. ) ;
#1310 = CIRCLE ( 'NONE', #2102, 0.1075999999999997098 ) ;
#1311 = VERTEX_POINT ( 'NONE', #1045 ) ;
#1312 = AXIS2_PLACEMENT_3D ( 'NONE', #2050, #1638, #1091 ) ;
#1313 = AXIS2_PLACEMENT_3D ( 'NONE', #662, #1104, #775 ) ;
#1314 = CARTESIAN_POINT ( 'NONE',  ( -1.778000000000000025, 0.1523999999999992305, 1.981199999999999850 ) ) ;
#1315 = DIRECTION ( 'NONE',  ( -0.9659258262890679791, -0.2588190451025216832, -1.589339925513297956E-16 ) ) ;
#1316 = DIRECTION ( 'NONE',  ( 0.9659258262890680902, -0.2588190451025214611, 0.000000000000000000 ) ) ;
#1317 = CARTESIAN_POINT ( 'NONE',  ( 3.813298688107296108, 0.3822044600454819752, -0.7679574616856027491 ) ) ;
#1318 = ORIENTED_EDGE ( 'NONE', *, *, #273, .T. ) ;
#1319 = ADVANCED_FACE ( 'NONE', ( #1972 ), #2432, .F. ) ;
#1320 = CARTESIAN_POINT ( 'NONE',  ( -1.856888044947248684, -0.1420141918529080616, 1.981199999999999850 ) ) ;
#1321 = VERTEX_POINT ( 'NONE', #2035 ) ;
#1322 = CIRCLE ( 'NONE', #156, 0.4836956981340151396 ) ;
#1323 = ORIENTED_EDGE ( 'NONE', *, *, #1400, .F. ) ;
#1324 = ADVANCED_FACE ( 'NONE', ( #272, #225 ), #65, .T. ) ;
#1325 = ORIENTED_EDGE ( 'NONE', *, *, #904, .T. ) ;
#1326 = CIRCLE ( 'NONE', #1667, 0.7874000000000007660 ) ;
#1327 = CARTESIAN_POINT ( 'NONE',  ( 3.725395304786667694, 0.3586508194727560661, 0.8671161066896744263 ) ) ;
#1328 = EDGE_CURVE ( 'NONE', #1321, #2238, #1134, .T. ) ;
#1329 = ORIENTED_EDGE ( 'NONE', *, *, #2016, .T. ) ;
#1330 = CIRCLE ( 'NONE', #63, 0.4836956981340151396 ) ;
#1331 = DIRECTION ( 'NONE',  ( -1.000000000000000000, 0.000000000000000000, 0.000000000000000000 ) ) ;
#1332 = ORIENTED_EDGE ( 'NONE', *, *, #1220, .F. ) ;
#1333 = CIRCLE ( 'NONE', #1197, 0.7874000000000005439 ) ;
#1334 = CARTESIAN_POINT ( 'NONE',  ( -4.124388626720731921, 0.6549388830493791946, -1.681858922883829655 ) ) ;
#1335 = CARTESIAN_POINT ( 'NONE',  ( -3.655914136631592370, 0.5344528145417047904, 2.161191396268032250 ) ) ;
#1336 = CARTESIAN_POINT ( 'NONE',  ( 4.337631315160280998, 0.5669441899801030971, 1.567848837280679142 ) ) ;
#1337 = ORIENTED_EDGE ( 'NONE', *, *, #1227, .F. ) ;
#1338 = LINE ( 'NONE', #393, #2202 ) ;
#1339 = ORIENTED_EDGE ( 'NONE', *, *, #137, .F. ) ;
#1340 = VERTEX_POINT ( 'NONE', #1881 ) ;
#1341 = CARTESIAN_POINT ( 'NONE',  ( -4.590342470416725718, 0.7848321319641917704, -1.193800000000001749 ) ) ;
#1342 = LINE ( 'NONE', #1941, #2131 ) ;
#1343 = DIRECTION ( 'NONE',  ( 0.9659258262890680902, -0.2588190451025213501, 0.000000000000000000 ) ) ;
#1344 = ORIENTED_EDGE ( 'NONE', *, *, #2433, .F. ) ;
#1345 = VERTEX_POINT ( 'NONE', #2451 ) ;
#1346 = AXIS2_PLACEMENT_3D ( 'NONE', #1954, #1102, #927 ) ;
#1347 = CARTESIAN_POINT ( 'NONE',  ( 4.644640375030336443, 0.8620217688892441998, 1.403521421503345357 ) ) ;
#1348 = CARTESIAN_POINT ( 'NONE',  ( 4.043175295705914607, 0.9580311606485925058, -0.9840785784966579186 ) ) ;
#1349 = LINE ( 'NONE', #1304, #440 ) ;
#1350 = ORIENTED_EDGE ( 'NONE', *, *, #2538, .T. ) ;
#1351 = DIRECTION ( 'NONE',  ( 0.000000000000000000, 0.000000000000000000, 1.000000000000000000 ) ) ;
#1352 = ORIENTED_EDGE ( 'NONE', *, *, #303, .T. ) ;
#1353 = AXIS2_PLACEMENT_3D ( 'NONE', #463, #2404, #17 ) ;
#1354 = SHAPE_DEFINITION_REPRESENTATION ( #2069, #2024 ) ;
#1355 = ORIENTED_EDGE ( 'NONE', *, *, #2506, .F. ) ;
#1356 = ORIENTED_EDGE ( 'NONE', *, *, #2189, .F. ) ;
#1357 = CARTESIAN_POINT ( 'NONE',  ( 4.417819387507435636, 0.5145929292794452214, 1.567848837280678920 ) ) ;
#1358 = ORIENTED_EDGE ( 'NONE', *, *, #1444, .F. ) ;
#1359 = CARTESIAN_POINT ( 'NONE',  ( -4.716004719666333500, 0.6240838123106917656, 2.320742766958465264 ) ) ;
#1360 = EDGE_CURVE ( 'NONE', #1026, #115, #1086, .T. ) ;
#1361 = FACE_OUTER_BOUND ( 'NONE', #1218, .T. ) ;
#1362 = ORIENTED_EDGE ( 'NONE', *, *, #2113, .F. ) ;
#1363 = ORIENTED_EDGE ( 'NONE', *, *, #2068, .T. ) ;
#1364 = CARTESIAN_POINT ( 'NONE',  ( -4.417819387507435636, 0.5145929292794452214, -0.8197511627193242445 ) ) ;
#1365 = CARTESIAN_POINT ( 'NONE',  ( 3.588017573837865459, 0.4796166574077623257, -0.06685723304153748381 ) ) ;
#1366 = EDGE_CURVE ( 'NONE', #1379, #81, #1127, .T. ) ;
#1367 = VECTOR ( 'NONE', #2072, 1000.000000000000000 ) ;
#1368 = CARTESIAN_POINT ( 'NONE',  ( 4.003693176826861766, 0.6225986347202058235, 0.7057410771161739538 ) ) ;
#1369 = EDGE_LOOP ( 'NONE', ( #1237, #456, #1629, #863, #1759, #1891, #1885, #490 ) ) ;
#1370 = ORIENTED_EDGE ( 'NONE', *, *, #2020, .F. ) ;
#1371 = CARTESIAN_POINT ( 'NONE',  ( 4.251350811753535908, 1.013811622057485096, -0.9840785784966578076 ) ) ;
#1372 = ADVANCED_FACE ( 'NONE', ( #1090 ), #1037, .T. ) ;
#1373 = VERTEX_POINT ( 'NONE', #294 ) ;
#1374 = DIRECTION ( 'NONE',  ( -1.000000000000000000, 0.000000000000000000, 0.000000000000000000 ) ) ;
#1375 = ORIENTED_EDGE ( 'NONE', *, *, #295, .T. ) ;
#1376 = ORIENTED_EDGE ( 'NONE', *, *, #409, .T. ) ;
#1377 = CARTESIAN_POINT ( 'NONE',  ( -1.778000000000000025, 0.1523999999999992305, -0.4064000000000009827 ) ) ;
#1378 = CARTESIAN_POINT ( 'NONE',  ( 3.640199673347646492, 0.3358227188300107469, -1.334767301082711244 ) ) ;
#1379 = VERTEX_POINT ( 'NONE', #515 ) ;
#1380 = EDGE_LOOP ( 'NONE', ( #1679, #805, #2522 ) ) ;
#1381 = ORIENTED_EDGE ( 'NONE', *, *, #1574, .F. ) ;
#1382 = CIRCLE ( 'NONE', #811, 0.2599999999999998979 ) ;
#1383 = ORIENTED_EDGE ( 'NONE', *, *, #1915, .T. ) ;
#1384 = EDGE_LOOP ( 'NONE', ( #984, #1383, #1004 ) ) ;
#1385 = ORIENTED_EDGE ( 'NONE', *, *, #1279, .T. ) ;
#1386 = CARTESIAN_POINT ( 'NONE',  ( 3.627461596322116399, 0.3324095614416511801, 1.193800000000001527 ) ) ;
#1387 = ORIENTED_EDGE ( 'NONE', *, *, #1252, .F. ) ;
#1388 = ORIENTED_EDGE ( 'NONE', *, *, #1544, .F. ) ;
#1389 = ORIENTED_EDGE ( 'NONE', *, *, #2276, .T. ) ;
#1390 = CARTESIAN_POINT ( 'NONE',  ( -3.791523922764734600, 0.4649132868978996247, -1.193800000000001527 ) ) ;
#1391 = EDGE_CURVE ( 'NONE', #1682, #99, #1950, .T. ) ;
#1392 = ORIENTED_EDGE ( 'NONE', *, *, #1758, .F. ) ;
#1393 = CARTESIAN_POINT ( 'NONE',  ( -3.856180748434271610, 0.3936946734798779102, 0.7317170521368889791 ) ) ;
#1394 = VERTEX_POINT ( 'NONE', #2044 ) ;
#1395 = ORIENTED_EDGE ( 'NONE', *, *, #1700, .T. ) ;
#1396 = ADVANCED_FACE ( 'NONE', ( #1096 ), #1810, .F. ) ;
#1397 = DIRECTION ( 'NONE',  ( 1.000000000000000000, 0.000000000000000000, -0.000000000000000000 ) ) ;
#1398 = DIRECTION ( 'NONE',  ( 0.9659258262890679791, 0.2588190451025215166, 0.000000000000000000 ) ) ;
#1399 = EDGE_LOOP ( 'NONE', ( #861, #1318, #930, #55 ) ) ;
#1400 = EDGE_CURVE ( 'NONE', #800, #1477, #245, .T. ) ;
#1401 = DIRECTION ( 'NONE',  ( 0.2588190451025215166, 0.9659258262890680902, -0.000000000000000000 ) ) ;
#1402 = EDGE_LOOP ( 'NONE', ( #151, #1008, #1671, #789 ) ) ;
#1403 = VECTOR ( 'NONE', #107, 1000.000000000000000 ) ;
#1404 = ORIENTED_EDGE ( 'NONE', *, *, #1115, .F. ) ;
#1405 = VERTEX_POINT ( 'NONE', #339 ) ;
#1406 = CARTESIAN_POINT ( 'NONE',  ( -4.247867174697553594, 0.8322943472257501307, -1.033069296824538963 ) ) ;
#1407 = CARTESIAN_POINT ( 'NONE',  ( 3.699488381787732205, 0.3517090804830773076, -1.193800000000001527 ) ) ;
#1408 = CARTESIAN_POINT ( 'NONE',  ( 4.003864655062217892, 0.4332664569959094325, 0.6574983142059560581 ) ) ;
#1409 = ORIENTED_EDGE ( 'NONE', *, *, #1105, .T. ) ;
#1410 = ORIENTED_EDGE ( 'NONE', *, *, #2512, .T. ) ;
#1411 = CARTESIAN_POINT ( 'NONE',  ( 3.617825581981109817, 0.4876036891177241150, 1.193800000000001971 ) ) ;
#1412 = CARTESIAN_POINT ( 'NONE',  ( -4.206170139490536641, 0.4874740481728644936, -1.757304951446492458 ) ) ;
#1413 = LINE ( 'NONE', #270, #621 ) ;
#1414 = ORIENTED_EDGE ( 'NONE', *, *, #1915, .F. ) ;
#1415 = CARTESIAN_POINT ( 'NONE',  ( -3.588017573837865015, 0.4796166574077622147, -0.06685723304153554092 ) ) ;
#1416 = ORIENTED_EDGE ( 'NONE', *, *, #1220, .T. ) ;
#1417 = ORIENTED_EDGE ( 'NONE', *, *, #1115, .T. ) ;
#1418 = LINE ( 'NONE', #1901, #1367 ) ;
#1419 = CARTESIAN_POINT ( 'NONE',  ( 4.616266875627990096, 0.7680919037863583876, 1.193800000000001749 ) ) ;
#1420 = DIRECTION ( 'NONE',  ( -0.9659258262890677571, 0.2588190451025228489, 0.000000000000000000 ) ) ;
#1421 = EDGE_LOOP ( 'NONE', ( #1414, #538, #608 ) ) ;
#1422 = ORIENTED_EDGE ( 'NONE', *, *, #2317, .T. ) ;
#1423 = CARTESIAN_POINT ( 'NONE',  ( -3.699488381787732205, 0.3517090804830772521, 2.171607536248346904 ) ) ;
#1424 = EDGE_LOOP ( 'NONE', ( #886, #900 ) ) ;
#1425 = ADVANCED_FACE ( 'NONE', ( #1108 ), #2015, .T. ) ;
#1426 = ORIENTED_EDGE ( 'NONE', *, *, #1590, .T. ) ;
#1427 = ORIENTED_EDGE ( 'NONE', *, *, #2182, .T. ) ;
#1428 = CARTESIAN_POINT ( 'NONE',  ( 1.817444022473624798, 0.005192904073546061525, 0.4064000000000009827 ) ) ;
#1429 = CARTESIAN_POINT ( 'NONE',  ( 4.088321254979879527, 0.7895441468817184782, 1.033069296824539185 ) ) ;
#1430 = EDGE_LOOP ( 'NONE', ( #592, #2125, #2142, #148, #2237 ) ) ;
#1431 = CIRCLE ( 'NONE', #2173, 0.7874000000000005439 ) ;
#1432 = CARTESIAN_POINT ( 'NONE',  ( 4.149597318605144025, 0.5608587641444070515, -1.193800000000001527 ) ) ;
#1433 = ORIENTED_EDGE ( 'NONE', *, *, #2452, .T. ) ;
#1434 = EDGE_LOOP ( 'NONE', ( #553, #585, #2283 ) ) ;
#1435 = EDGE_CURVE ( 'NONE', #569, #1026, #256, .T. ) ;
#1436 = CIRCLE ( 'NONE', #70, 0.1524000000000000077 ) ;
#1437 = CARTESIAN_POINT ( 'NONE',  ( 4.676560697192710059, 0.7712909082371454117, 1.193800000000001749 ) ) ;
#1438 = CARTESIAN_POINT ( 'NONE',  ( -4.035404237104739167, 0.4417174625338189387, -1.744016163038520029 ) ) ;
#1439 = FACE_OUTER_BOUND ( 'NONE', #1753, .T. ) ;
#1440 = VERTEX_POINT ( 'NONE', #1928 ) ;
#1441 = DIRECTION ( 'NONE',  ( 0.000000000000000000, 0.000000000000000000, 1.000000000000000000 ) ) ;
#1442 = VERTEX_POINT ( 'NONE', #563 ) ;
#1443 = VECTOR ( 'NONE', #2103, 1000.000000000000227 ) ;
#1444 = EDGE_CURVE ( 'NONE', #2285, #1379, #1963, .T. ) ;
#1445 = CARTESIAN_POINT ( 'NONE',  ( -3.672044865871627373, 0.3443556124496250370, -0.9697782812103497019 ) ) ;
#1446 = CARTESIAN_POINT ( 'NONE',  ( 3.940443110512620972, 0.3866803413729079653, -0.8197511627193243555 ) ) ;
#1447 = ORIENTED_EDGE ( 'NONE', *, *, #2532, .F. ) ;
#1448 = CARTESIAN_POINT ( 'NONE',  ( -4.684658685618955154, 0.6156846676955172182, 1.383201936456029069 ) ) ;
#1449 = CARTESIAN_POINT ( 'NONE',  ( -4.570313329268307356, 0.6163538759054436600, 2.035287304133412967 ) ) ;
#1450 = FACE_OUTER_BOUND ( 'NONE', #2234, .T. ) ;
#1451 = LINE ( 'NONE', #1606, #2343 ) ;
#1452 = ORIENTED_EDGE ( 'NONE', *, *, #1990, .T. ) ;
#1453 = CARTESIAN_POINT ( 'NONE',  ( 1.778000000000000025, 0.1523999999999999244, -0.4064000000000012047 ) ) ;
#1454 = CARTESIAN_POINT ( 'NONE',  ( -4.507670714445552562, 0.6568042413909150889, -1.193800000000001749 ) ) ;
#1455 = VECTOR ( 'NONE', #255, 1000.000000000000114 ) ;
#1456 = CIRCLE ( 'NONE', #728, 0.7874000000000007660 ) ;
#1457 = VERTEX_POINT ( 'NONE', #1469 ) ;
#1458 =( BOUNDED_SURFACE ( )  B_SPLINE_SURFACE ( 3, 3, ( 
 ( #1390, #1657, #2010, #1858 ),
 ( #2027, #806, #1179, #2236 ),
 ( #1596, #2420, #1775, #1966 ),
 ( #2167, #2397, #226, #1622 ) ),
 .UNSPECIFIED., .F., .F., .F. ) 
 B_SPLINE_SURFACE_WITH_KNOTS ( ( 4, 4 ),
 ( 4, 4 ),
 ( 0.000000000000000000, 1.000000000000000000 ),
 ( 0.000000000000000000, 1.000000000000000000 ),
 .UNSPECIFIED. ) 
 GEOMETRIC_REPRESENTATION_ITEM ( )  RATIONAL_B_SPLINE_SURFACE ( (
 ( 1.000000000000000000, 0.3333333333333332038, 0.3333333333333332038, 1.000000000000000000),
 ( 0.9427141906301194085, 0.3142380635433730252, 0.3142380635433730252, 0.9427141906301194085),
 ( 0.9427141906301194085, 0.3142380635433730252, 0.3142380635433730252, 0.9427141906301194085),
 ( 1.000000000000000000, 0.3333333333333332038, 0.3333333333333332038, 1.000000000000000000) ) ) 
 REPRESENTATION_ITEM ( '' )  SURFACE ( )  );
#1459 = FACE_OUTER_BOUND ( 'NONE', #1384, .T. ) ;
#1460 = CARTESIAN_POINT ( 'NONE',  ( -4.646752689049465701, 0.7633038765271822346, -2.259023725326124499 ) ) ;
#1461 = CARTESIAN_POINT ( 'NONE',  ( 4.646752689049465701, 0.7633038765271822346, 2.259023725326124499 ) ) ;
#1462 = CARTESIAN_POINT ( 'NONE',  ( -4.583065463705811027, 0.5884628459274141576, -1.564878668933880723 ) ) ;
#1463 = CIRCLE ( 'NONE', #2034, 0.4836956981340147510 ) ;
#1464 = VERTEX_POINT ( 'NONE', #2296 ) ;
#1465 = LINE ( 'NONE', #2426, #714 ) ;
#1466 = CIRCLE ( 'NONE', #318, 0.3707048575521264544 ) ;
#1467 = AXIS2_PLACEMENT_3D ( 'NONE', #2534, #1948, #1420 ) ;
#1468 = DIRECTION ( 'NONE',  ( 0.9659258262890676461, -0.2588190451025228489, 0.000000000000000000 ) ) ;
#1469 = CARTESIAN_POINT ( 'NONE',  ( 1.817444022473624576, 0.005192904073546007748, 1.981200000000000738 ) ) ;
#1470 = EDGE_LOOP ( 'NONE', ( #2267, #1742, #1416, #1019, #956 ) ) ;
#1471 = DIRECTION ( 'NONE',  ( 0.2588190451025215166, 0.9659258262890680902, -0.000000000000000000 ) ) ;
#1472 = CARTESIAN_POINT ( 'NONE',  ( 4.441657682219734227, 0.5505727450747429641, 1.689267177503451123 ) ) ;
#1473 = CIRCLE ( 'NONE', #219, 0.6523999999999999799 ) ;
#1474 = DIRECTION ( 'NONE',  ( -1.000000000000000000, 0.000000000000000000, 0.000000000000000000 ) ) ;
#1475 =( BOUNDED_SURFACE ( )  B_SPLINE_SURFACE ( 3, 3, ( 
 ( #2385, #1917, #1563, #340 ),
 ( #985, #2544, #595, #1135 ),
 ( #539, #2351, #970, #928 ),
 ( #792, #192, #1151, #2107 ) ),
 .UNSPECIFIED., .F., .F., .F. ) 
 B_SPLINE_SURFACE_WITH_KNOTS ( ( 4, 4 ),
 ( 4, 4 ),
 ( 0.000000000000000000, 1.000000000000000000 ),
 ( 0.000000000000000000, 1.000000000000000000 ),
 .UNSPECIFIED. ) 
 GEOMETRIC_REPRESENTATION_ITEM ( )  RATIONAL_B_SPLINE_SURFACE ( (
 ( 1.000000000000000000, 0.3333333333333335369, 0.3333333333333335369, 1.000000000000000000),
 ( 0.9427141906301195196, 0.3142380635433733582, 0.3142380635433733582, 0.9427141906301195196),
 ( 0.9427141906301195196, 0.3142380635433733582, 0.3142380635433733582, 0.9427141906301195196),
 ( 1.000000000000000000, 0.3333333333333335369, 0.3333333333333335369, 1.000000000000000000) ) ) 
 REPRESENTATION_ITEM ( '' )  SURFACE ( )  );
#1476 = AXIS2_PLACEMENT_3D ( 'NONE', #1851, #265, #45 ) ;
#1477 = VERTEX_POINT ( 'NONE', #507 ) ;
#1478 = CARTESIAN_POINT ( 'NONE',  ( 3.627461596322116399, 0.3324095614416511246, -1.193800000000001749 ) ) ;
#1479 = CARTESIAN_POINT ( 'NONE',  ( -4.149597318605144025, 0.5608587641444070515, 1.193800000000001527 ) ) ;
#1480 = CIRCLE ( 'NONE', #1188, 0.2599999999999998979 ) ;
#1481 = FACE_OUTER_BOUND ( 'NONE', #1402, .T. ) ;
#1482 = CARTESIAN_POINT ( 'NONE',  ( 4.616266875627990096, 0.7680919037863582766, -1.193800000000001083 ) ) ;
#1483 = EDGE_CURVE ( 'NONE', #1035, #1340, #264, .T. ) ;
#1484 = CYLINDRICAL_SURFACE ( 'NONE', #263, 0.7874000000000005439 ) ;
#1485 = DIRECTION ( 'NONE',  ( 0.9659258262890679791, 0.2588190451025215166, 0.000000000000000000 ) ) ;
#1486 = CARTESIAN_POINT ( 'NONE',  ( -4.150563231539367237, 0.5572539279982013927, -1.567848837280678920 ) ) ;
#1487 = CARTESIAN_POINT ( 'NONE',  ( -4.441657682219731562, 0.5505727450747420759, -1.689267177503425144 ) ) ;
#1488 = CARTESIAN_POINT ( 'NONE',  ( -3.632238375216652049, 0.3336894954251075629, 1.105334236656840163 ) ) ;
#1489 = EDGE_CURVE ( 'NONE', #2331, #800, #389, .T. ) ;
#1490 = LINE ( 'NONE', #2479, #616 ) ;
#1491 = VECTOR ( 'NONE', #1065, 1000.000000000000000 ) ;
#1492 = DIRECTION ( 'NONE',  ( -0.2588190451025215166, 0.9659258262890680902, -0.000000000000000000 ) ) ;
#1493 = CARTESIAN_POINT ( 'NONE',  ( 4.337631315160280110, 0.5669441899801026530, -0.8197511627193243555 ) ) ;
#1494 = LINE ( 'NONE', #260, #1515 ) ;
#1495 = CARTESIAN_POINT ( 'NONE',  ( 4.699285993617810853, 0.6196040430612513861, 1.053919652556888797 ) ) ;
#1496 = VECTOR ( 'NONE', #733, 1000.000000000000000 ) ;
#1497 = DIRECTION ( 'NONE',  ( -0.9659258262890679791, -0.2588190451025214611, 0.000000000000000000 ) ) ;
#1498 = CIRCLE ( 'NONE', #2144, 0.7874000000000007660 ) ;
#1499 = FACE_OUTER_BOUND ( 'NONE', #550, .T. ) ;
#1500 = CARTESIAN_POINT ( 'NONE',  ( -1.817444022473624798, 0.005192904073546169945, 1.981199999999999850 ) ) ;
#1501 = FACE_OUTER_BOUND ( 'NONE', #1430, .T. ) ;
#1502 = CARTESIAN_POINT ( 'NONE',  ( -4.616266875627990096, 0.7680919037863582766, 1.193800000000001083 ) ) ;
#1503 = VECTOR ( 'NONE', #2463, 1000.000000000000114 ) ;
#1504 = DIRECTION ( 'NONE',  ( 0.000000000000000000, 0.000000000000000000, 1.000000000000000000 ) ) ;
#1505 = AXIS2_PLACEMENT_3D ( 'NONE', #1453, #2459, #2481 ) ;
#1506 = CIRCLE ( 'NONE', #1850, 0.1523999999999993693 ) ;
#1507 = DIRECTION ( 'NONE',  ( 0.9659258262890680902, -0.2588190451025214611, 0.000000000000000000 ) ) ;
#1508 = DIRECTION ( 'NONE',  ( -0.2588190451025215166, 0.9659258262890680902, -0.000000000000000000 ) ) ;
#1509 = AXIS2_PLACEMENT_3D ( 'NONE', #1601, #755, #818 ) ;
#1510 = CIRCLE ( 'NONE', #764, 0.3048000000000000154 ) ;
#1511 = CARTESIAN_POINT ( 'NONE',  ( 1.856888044947248240, -0.1420141918529079506, 0.4064000000000013157 ) ) ;
#1512 = LINE ( 'NONE', #106, #652 ) ;
#1513 = CARTESIAN_POINT ( 'NONE',  ( 4.123688280727459521, 0.6231491906215772536, 0.4063999999999860502 ) ) ;
#1514 = DIRECTION ( 'NONE',  ( -0.000000000000000000, 0.000000000000000000, 1.000000000000000000 ) ) ;
#1515 = VECTOR ( 'NONE', #685, 1000.000000000000114 ) ;
#1516 = EDGE_CURVE ( 'NONE', #99, #1015, #2365, .T. ) ;
#1517 = FACE_OUTER_BOUND ( 'NONE', #2134, .T. ) ;
#1518 = CARTESIAN_POINT ( 'NONE',  ( 1.778000000000000025, -0.1523999999999999799, 1.981199999999999850 ) ) ;
#1519 = CARTESIAN_POINT ( 'NONE',  ( -4.590342470416724829, 0.7848321319641918814, -2.161191396268030029 ) ) ;
#1520 = DIRECTION ( 'NONE',  ( -0.2588190451025215166, 0.9659258262890680902, -0.000000000000000000 ) ) ;
#1521 = CARTESIAN_POINT ( 'NONE',  ( 4.689732435860617166, 0.6170441749753671212, -1.367664653701712973 ) ) ;
#1522 = CYLINDRICAL_SURFACE ( 'NONE', #1130, 0.7874000000000007660 ) ;
#1523 = CARTESIAN_POINT ( 'NONE',  ( 4.410976291918440317, 0.8062579110749243938, 1.354530703175464312 ) ) ;
#1524 = EDGE_CURVE ( 'NONE', #598, #1440, #2097, .T. ) ;
#1525 = ADVANCED_FACE ( 'NONE', ( #2117 ), #1458, .T. ) ;
#1526 = LINE ( 'NONE', #707, #672 ) ;
#1527 = CARTESIAN_POINT ( 'NONE',  ( -3.570295953401414923, 0.5741520487208909840, 0.9840785784966575855 ) ) ;
#1528 = DIRECTION ( 'NONE',  ( -0.9659258262890680902, -0.2588190451025214611, 0.000000000000000000 ) ) ;
#1529 = CARTESIAN_POINT ( 'NONE',  ( -4.308062078926061744, 0.5147759110598545407, 1.744016163038533351 ) ) ;
#1530 = CARTESIAN_POINT ( 'NONE',  ( 4.716004719676959667, 0.6240838122710344882, 1.193800000000001749 ) ) ;
#1531 = DIRECTION ( 'NONE',  ( -0.000000000000000000, 0.000000000000000000, 1.000000000000000000 ) ) ;
#1532 = DIRECTION ( 'NONE',  ( 0.2588190451025216277, -0.9659258262890680902, 0.000000000000000000 ) ) ;
#1533 = CARTESIAN_POINT ( 'NONE',  ( 4.644640375030336443, 0.8620217688892435337, -1.403521421503345135 ) ) ;
#1534 = DIRECTION ( 'NONE',  ( -0.9659258262890680902, -0.2588190451025216832, 0.000000000000000000 ) ) ;
#1535 = CARTESIAN_POINT ( 'NONE',  ( -4.507670714445553450, 0.6568042413909148669, -1.193800000000001749 ) ) ;
#1536 = DIRECTION ( 'NONE',  ( -0.9659258262890677571, 0.2588190451025228489, 0.000000000000000000 ) ) ;
#1537 = DIRECTION ( 'NONE',  ( 0.2588190451025204619, 0.9659258262890684232, 0.000000000000000000 ) ) ;
#1538 = CARTESIAN_POINT ( 'NONE',  ( -3.617825581981112038, 0.4876036891177246702, 0.1285762746738806916 ) ) ;
#1539 = AXIS2_PLACEMENT_3D ( 'NONE', #2416, #2251, #1974 ) ;
#1540 = CARTESIAN_POINT ( 'NONE',  ( -4.124388626720732809, 0.6549388830493788616, 0.7057410771161731766 ) ) ;
#1541 = CARTESIAN_POINT ( 'NONE',  ( -1.778000000000000025, 0.1523999999999992305, 0.4064000000000012047 ) ) ;
#1542 = CARTESIAN_POINT ( 'NONE',  ( -1.778000000000000025, 0.1523999999999992305, 0.3894885094357133370 ) ) ;
#1543 = ADVANCED_FACE ( 'NONE', ( #1251 ), #2106, .F. ) ;
#1544 = EDGE_CURVE ( 'NONE', #1394, #2322, #2062, .T. ) ;
#1545 = ADVANCED_FACE ( 'NONE', ( #411 ), #369, .F. ) ;
#1546 = CARTESIAN_POINT ( 'NONE',  ( 3.699488381787732205, 0.3517090804830771966, 1.193800000000001527 ) ) ;
#1547 = CARTESIAN_POINT ( 'NONE',  ( 4.671421450159328081, 0.6121377611440892430, 1.417821718789616936 ) ) ;
#1548 = EDGE_CURVE ( 'NONE', #1035, #528, #400, .T. ) ;
#1549 = DIRECTION ( 'NONE',  ( 0.9659258262890679791, 0.2588190451025215166, 0.000000000000000000 ) ) ;
#1550 = DIRECTION ( 'NONE',  ( 0.000000000000000000, 0.000000000000000000, 1.000000000000000000 ) ) ;
#1551 = CARTESIAN_POINT ( 'NONE',  ( -1.778000000000000025, 0.1523999999999992305, 0.4064000000000012047 ) ) ;
#1552 = CARTESIAN_POINT ( 'NONE',  ( 1.817444022473624798, 0.005192904073546061525, -0.4064000000000007606 ) ) ;
#1553 = DIRECTION ( 'NONE',  ( 0.000000000000000000, 0.000000000000000000, 1.000000000000000000 ) ) ;
#1554 = CARTESIAN_POINT ( 'NONE',  ( 4.618071011244198942, 0.5978425541209343441, -0.8671161066896242442 ) ) ;
#1555 = CARTESIAN_POINT ( 'NONE',  ( -3.800536914235475017, 0.6426911727966158061, 1.354530703175464312 ) ) ;
#1556 = FACE_OUTER_BOUND ( 'NONE', #2241, .T. ) ;
#1557 = CARTESIAN_POINT ( 'NONE',  ( 3.672044865871628261, 0.3443556124496250925, 0.9697782812103390437 ) ) ;
#1558 =( BOUNDED_SURFACE ( )  B_SPLINE_SURFACE ( 3, 3, ( 
 ( #1994, #2260, #2287, #1223 ),
 ( #428, #2465, #1256, #1205 ),
 ( #2442, #1461, #2430, #1411 ),
 ( #1437, #405, #1639, #840 ) ),
 .UNSPECIFIED., .F., .F., .F. ) 
 B_SPLINE_SURFACE_WITH_KNOTS ( ( 4, 4 ),
 ( 4, 4 ),
 ( 0.000000000000000000, 1.000000000000000000 ),
 ( 0.000000000000000000, 1.000000000000000000 ),
 .UNSPECIFIED. ) 
 GEOMETRIC_REPRESENTATION_ITEM ( )  RATIONAL_B_SPLINE_SURFACE ( (
 ( 1.000000000000000000, 0.3333333333333335369, 0.3333333333333335369, 1.000000000000000000),
 ( 0.9427141906301176322, 0.3142380635433727476, 0.3142380635433727476, 0.9427141906301176322),
 ( 0.9427141906301176322, 0.3142380635433727476, 0.3142380635433727476, 0.9427141906301176322),
 ( 1.000000000000000000, 0.3333333333333335369, 0.3333333333333335369, 1.000000000000000000) ) ) 
 REPRESENTATION_ITEM ( '' )  SURFACE ( )  );
#1559 = CARTESIAN_POINT ( 'NONE',  ( 4.464175587903348230, 0.9798392801678873498, 1.403521421503345579 ) ) ;
#1560 = CARTESIAN_POINT ( 'NONE',  ( -3.627461596311489345, 0.3324095614813079580, -1.193800000000001749 ) ) ;
#1561 = ADVANCED_FACE ( 'NONE', ( #1266 ), #2004, .F. ) ;
#1562 = VECTOR ( 'NONE', #1624, 1000.000000000000000 ) ;
#1563 = CARTESIAN_POINT ( 'NONE',  ( -3.791523922764735488, 0.4649132868978994026, 0.4523902848957497835 ) ) ;
#1564 = AXIS2_PLACEMENT_3D ( 'NONE', #130, #2220, #2014 ) ;
#1565 = CARTESIAN_POINT ( 'NONE',  ( 4.124388626720732809, 0.6549388830493787506, -1.681858922883830099 ) ) ;
#1566 = CARTESIAN_POINT ( 'NONE',  ( -4.590342470416725718, 0.7848321319641913263, 1.193800000000001305 ) ) ;
#1567 = CARTESIAN_POINT ( 'NONE',  ( -4.616266875627988320, 0.7680919037863578325, 0.1849918784260582705 ) ) ;
#1568 = CARTESIAN_POINT ( 'NONE',  ( 3.588017573837865459, 0.4796166574077623257, 2.320742766958465708 ) ) ;
#1569 = EDGE_CURVE ( 'NONE', #808, #1015, #2114, .T. ) ;
#1570 = LINE ( 'NONE', #309, #1443 ) ;
#1571 = CARTESIAN_POINT ( 'NONE',  ( 1.817444022473624798, 0.005192904073546061525, -2.777088509435713615 ) ) ;
#1572 = CARTESIAN_POINT ( 'NONE',  ( 3.570295953401415812, 0.5741520487208915391, 1.403521421503344691 ) ) ;
#1573 = CARTESIAN_POINT ( 'NONE',  ( 4.716004719666333500, 0.6240838123106912105, 2.320742766958464820 ) ) ;
#1574 = EDGE_CURVE ( 'NONE', #424, #814, #305, .T. ) ;
#1575 = CARTESIAN_POINT ( 'NONE',  ( 4.251350811753535019, 1.013811622057484874, 0.9840785784966585847 ) ) ;
#1576 = CARTESIAN_POINT ( 'NONE',  ( -4.088321254979879527, 0.7895441468817185893, 1.033069296824539185 ) ) ;
#1577 = ADVANCED_FACE ( 'NONE', ( #1228 ), #726, .F. ) ;
#1578 = DIRECTION ( 'NONE',  ( -0.000000000000000000, -0.000000000000000000, -1.000000000000000000 ) ) ;
#1579 = CARTESIAN_POINT ( 'NONE',  ( 4.549284681807304054, 0.7159624548527885324, 1.354530703175464534 ) ) ;
#1580 = CARTESIAN_POINT ( 'NONE',  ( 1.778000000000000025, 0.1523999999999999244, -1.981199999999999850 ) ) ;
#1581 = CARTESIAN_POINT ( 'NONE',  ( 4.570313329268307356, 0.6163538759054436600, -2.035287304133412967 ) ) ;
#1582 = CARTESIAN_POINT ( 'NONE',  ( 3.791523922764735044, 0.4649132868978992916, -1.193800000000001305 ) ) ;
#1583 = SURFACE_SIDE_STYLE ('',( #2434 ) ) ;
#1584 = AXIS2_PLACEMENT_3D ( 'NONE', #2290, #1595, #1978 ) ;
#1585 = ORIENTED_EDGE ( 'NONE', *, *, #194, .F. ) ;
#1586 = CARTESIAN_POINT ( 'NONE',  ( -1.778000000000000025, -6.776263578034402713E-17, 0.4064000000000010937 ) ) ;
#1587 = AXIS2_PLACEMENT_3D ( 'NONE', #782, #801, #994 ) ;
#1588 = CARTESIAN_POINT ( 'NONE',  ( 4.308062078926099048, 0.5147759110598640886, -1.744016163038518918 ) ) ;
#1589 = CARTESIAN_POINT ( 'NONE',  ( 3.644180322413144602, 0.3368893305324626164, 1.333680347443096714 ) ) ;
#1590 = EDGE_CURVE ( 'NONE', #1641, #1321, #407, .T. ) ;
#1591 = CARTESIAN_POINT ( 'NONE',  ( 1.856888044947248462, -0.1420141918529080061, 1.981199999999999850 ) ) ;
#1592 = EDGE_CURVE ( 'NONE', #193, #814, #1254, .T. ) ;
#1593 = CARTESIAN_POINT ( 'NONE',  ( 4.716004719666333500, 0.6240838123106912105, -1.193800000000001305 ) ) ;
#1594 =( BOUNDED_SURFACE ( )  B_SPLINE_SURFACE ( 3, 3, ( 
 ( #1357, #1336, #1169, #1933 ),
 ( #1579, #1523, #536, #2371 ),
 ( #1148, #2542, #1774, #2396 ),
 ( #981, #762, #2527, #1162 ) ),
 .UNSPECIFIED., .F., .F., .F. ) 
 B_SPLINE_SURFACE_WITH_KNOTS ( ( 4, 4 ),
 ( 4, 4 ),
 ( 0.000000000000000000, 1.000000000000000000 ),
 ( 0.000000000000000000, 1.000000000000000000 ),
 .UNSPECIFIED. ) 
 GEOMETRIC_REPRESENTATION_ITEM ( )  RATIONAL_B_SPLINE_SURFACE ( (
 ( 1.000000000000000000, 0.9420348673768952352, 0.9420348673768952352, 1.000000000000000000),
 ( 0.7757257530573672399, 0.7307607069022391544, 0.7307607069022391544, 0.7757257530573672399),
 ( 0.7757257530573672399, 0.7307607069022391544, 0.7307607069022391544, 0.7757257530573672399),
 ( 1.000000000000000000, 0.9420348673768952352, 0.9420348673768952352, 1.000000000000000000) ) ) 
 REPRESENTATION_ITEM ( '' )  SURFACE ( )  );
#1595 = DIRECTION ( 'NONE',  ( 0.2588190451025215166, 0.9659258262890680902, -0.000000000000000000 ) ) ;
#1596 = CARTESIAN_POINT ( 'NONE',  ( -3.699488381787732205, 0.3517090804830771966, -1.193800000000001527 ) ) ;
#1597 = CARTESIAN_POINT ( 'NONE',  ( -3.644180322413145934, 0.3368893305324627829, 1.053919652556873698 ) ) ;
#1598 = CARTESIAN_POINT ( 'NONE',  ( 4.036732034929325863, 0.4420732448886278698, -1.740009040561870668 ) ) ;
#1599 = DIRECTION ( 'NONE',  ( 0.000000000000000000, -0.000000000000000000, -1.000000000000000000 ) ) ;
#1600 = CARTESIAN_POINT ( 'NONE',  ( 3.813298688107277012, 0.3822044600454768126, 1.619642538314365776 ) ) ;
#1601 = CARTESIAN_POINT ( 'NONE',  ( 1.778000000000000025, 0.1523999999999999244, 1.981199999999999850 ) ) ;
#1602 = CARTESIAN_POINT ( 'NONE',  ( 4.716004719666333500, 0.6240838123106916546, -1.193800000000001305 ) ) ;
#1603 = AXIS2_PLACEMENT_3D ( 'NONE', #1625, #1843, #1507 ) ;
#1604 = CARTESIAN_POINT ( 'NONE',  ( 4.643977934190091972, 0.6047842933089228046, -1.193800000000001527 ) ) ;
#1605 = APPLICATION_PROTOCOL_DEFINITION ( 'draft international standard', 'automotive_design', 1998, #1048 ) ;
#1606 = CARTESIAN_POINT ( 'NONE',  ( -1.817444022473624798, 0.005192904073546007748, 2.777088509435713615 ) ) ;
#1607 = DIRECTION ( 'NONE',  ( -0.2588190451025229044, -0.9659258262890677571, -0.000000000000000000 ) ) ;
#1608 = CARTESIAN_POINT ( 'NONE',  ( -1.778000000000000025, -0.1523999999999999799, 1.981199999999999850 ) ) ;
#1609 = AXIS2_PLACEMENT_3D ( 'NONE', #2425, #1211, #2436 ) ;
#1610 = CARTESIAN_POINT ( 'NONE',  ( -4.257040810898968353, 0.5011048034951834929, 0.6352151579701674766 ) ) ;
#1611 = CARTESIAN_POINT ( 'NONE',  ( 3.588017573837865015, 0.4796166574077622147, 0.06685723304153554092 ) ) ;
#1612 = CARTESIAN_POINT ( 'NONE',  ( 4.150563231539367237, 0.5572539279982012816, -1.567848837280678920 ) ) ;
#1613 = ORIENTED_EDGE ( 'NONE', *, *, #1282, .F. ) ;
#1614 = EDGE_CURVE ( 'NONE', #36, #2533, #322, .T. ) ;
#1615 = CARTESIAN_POINT ( 'NONE',  ( -4.643977934190092860, 0.6047842933089228046, 1.193800000000001527 ) ) ;
#1616 = VERTEX_POINT ( 'NONE', #2095 ) ;
#1617 = CARTESIAN_POINT ( 'NONE',  ( 4.676560697192708282, 0.7712909082371458558, -2.320742766958466152 ) ) ;
#1618 = DIRECTION ( 'NONE',  ( -0.9659258262890679791, -0.2588190451025214611, 0.000000000000000000 ) ) ;
#1619 = DIRECTION ( 'NONE',  ( 0.000000000000000000, -1.000000000000000000, 0.000000000000000000 ) ) ;
#1620 = EDGE_LOOP ( 'NONE', ( #15, #1039, #890, #1388, #25, #1894 ) ) ;
#1621 = DIRECTION ( 'NONE',  ( -0.000000000000000000, -0.000000000000000000, -1.000000000000000000 ) ) ;
#1622 = CARTESIAN_POINT ( 'NONE',  ( -4.716004719666334388, 0.6240838123106916546, -1.193800000000001749 ) ) ;
#1623 = CLOSED_SHELL ( 'NONE', ( #2301, #1577, #1120, #1944, #182, #2379, #1925, #1425, #1372, #2133, #2529, #1906, #16, #2334, #564, #1736, #396, #1720, #1973, #1805, #2163, #1029, #2364, #160, #597, #2090, #938, #967, #2194, #352, #214, #666, #1137, #1545, #1543, #1561, #1957, #335, #1735, #962, #648, #941, #771, #559, #2109, #623, #2413, #749, #1324, #987, #786, #1158, #372, #200, #807, #1010, #1525, #2398, #1776, #1174, #600, #1396, #1319, #1755 ) ) ;
#1624 = DIRECTION ( 'NONE',  ( 0.000000000000000000, -0.000000000000000000, -1.000000000000000000 ) ) ;
#1625 = CARTESIAN_POINT ( 'NONE',  ( -4.123128303524159044, 0.6596424732529486690, -1.193800000000001527 ) ) ;
#1626 = CARTESIAN_POINT ( 'NONE',  ( 3.672044865871627817, 0.3443556124496249815, -1.417821718789593177 ) ) ;
#1627 = ORIENTED_EDGE ( 'NONE', *, *, #74, .F. ) ;
#1628 = CARTESIAN_POINT ( 'NONE',  ( -4.570313329268307356, 0.6163538759054438820, 1.193800000000001527 ) ) ;
#1629 = ORIENTED_EDGE ( 'NONE', *, *, #1136, .F. ) ;
#1630 = DIRECTION ( 'NONE',  ( 0.000000000000000000, 0.000000000000000000, 1.000000000000000000 ) ) ;
#1631 = AXIS2_PLACEMENT_3D ( 'NONE', #2400, #1138, #1166 ) ;
#1632 = CARTESIAN_POINT ( 'NONE',  ( -4.507670714445552562, 0.6568042413909149779, -1.935209715104253325 ) ) ;
#1633 = VERTEX_POINT ( 'NONE', #271 ) ;
#1634 = CARTESIAN_POINT ( 'NONE',  ( 4.590342470416725718, 0.7848321319641913263, -1.193800000000001305 ) ) ;
#1635 = VERTEX_POINT ( 'NONE', #477 ) ;
#1636 = EDGE_CURVE ( 'NONE', #935, #1442, #1270, .T. ) ;
#1637 = CARTESIAN_POINT ( 'NONE',  ( 3.734027761624549413, 0.3609638793111629718, -0.8501817678406079493 ) ) ;
#1638 = DIRECTION ( 'NONE',  ( 0.2588190451025215166, 0.9659258262890680902, -0.000000000000000000 ) ) ;
#1639 = CARTESIAN_POINT ( 'NONE',  ( 3.588017573837864571, 0.4796166574077618261, 2.320742766958470149 ) ) ;
#1640 = DIRECTION ( 'NONE',  ( 0.000000000000000000, -0.000000000000000000, -1.000000000000000000 ) ) ;
#1641 = VERTEX_POINT ( 'NONE', #2466 ) ;
#1642 = CARTESIAN_POINT ( 'NONE',  ( -3.655914136631593259, 0.5344528145417056786, -0.2264086037319718026 ) ) ;
#1643 = VERTEX_POINT ( 'NONE', #109 ) ;
#1644 = EDGE_CURVE ( 'NONE', #2543, #1741, #1183, .T. ) ;
#1645 = CARTESIAN_POINT ( 'NONE',  ( -3.760400852325120447, 0.3680305276662941272, -0.8227213310661016799 ) ) ;
#1646 = CARTESIAN_POINT ( 'NONE',  ( 1.817444022473624798, 0.005192904073546061525, 1.981199999999999850 ) ) ;
#1647 = EDGE_LOOP ( 'NONE', ( #785, #502, #2478 ) ) ;
#1648 = DIRECTION ( 'NONE',  ( 0.9659258262890679791, 0.2588190451025217387, 0.000000000000000000 ) ) ;
#1649 = ORIENTED_EDGE ( 'NONE', *, *, #790, .T. ) ;
#1650 = ORIENTED_EDGE ( 'NONE', *, *, #1087, .T. ) ;
#1651 = CARTESIAN_POINT ( 'NONE',  ( -4.163132303201082074, 0.4759420946951258835, -1.193799999999971773 ) ) ;
#1652 = DIRECTION ( 'NONE',  ( -0.2588190451025215166, 0.9659258262890680902, -0.000000000000000000 ) ) ;
#1653 = DIRECTION ( 'NONE',  ( -0.9659258262890680902, -0.2588190451025217942, 0.000000000000000000 ) ) ;
#1654 = VERTEX_POINT ( 'NONE', #283 ) ;
#1655 = CARTESIAN_POINT ( 'NONE',  ( 4.163132303201083850, 0.4759420946951233855, 1.981199999999999850 ) ) ;
#1656 = CARTESIAN_POINT ( 'NONE',  ( -3.940443110512620972, 0.3866803413729077432, -1.567848837280678920 ) ) ;
#1657 = CARTESIAN_POINT ( 'NONE',  ( -3.791523922764734156, 0.4649132868978996247, -0.4523902848957483402 ) ) ;
#1658 = VERTEX_POINT ( 'NONE', #1107 ) ;
#1659 = CARTESIAN_POINT ( 'NONE',  ( -3.658807630412009182, 0.3408087058981996709, 1.004398063543944675 ) ) ;
#1660 = AXIS2_PLACEMENT_3D ( 'NONE', #1206, #1820, #1995 ) ;
#1661 = CARTESIAN_POINT ( 'NONE',  ( 4.590342470416725718, 0.7848321319641919924, 0.2264086037319712197 ) ) ;
#1662 = CARTESIAN_POINT ( 'NONE',  ( -1.778000000000000025, 0.1523999999999992305, -1.981199999999999850 ) ) ;
#1663 = CARTESIAN_POINT ( 'NONE',  ( -4.003864655062187694, 0.4332664569959018275, 1.730101685794040556 ) ) ;
#1664 = CARTESIAN_POINT ( 'NONE',  ( -4.676560697192708282, 0.7712909082371458558, 2.320742766958466152 ) ) ;
#1665 = CARTESIAN_POINT ( 'NONE',  ( 4.308062078926180760, 0.5147759110598859600, 0.6435838369614848009 ) ) ;
#1666 = AXIS2_PLACEMENT_3D ( 'NONE', #679, #1291, #520 ) ;
#1667 = AXIS2_PLACEMENT_3D ( 'NONE', #1030, #1253, #48 ) ;
#1668 = DIRECTION ( 'NONE',  ( -0.2588190451025217387, 0.9659258262890680902, 0.000000000000000000 ) ) ;
#1669 = CARTESIAN_POINT ( 'NONE',  ( 3.928775335262205903, 0.7467939465376868258, 1.033069296824539407 ) ) ;
#1670 = DIRECTION ( 'NONE',  ( 0.9659258262890680902, -0.2588190451025214611, 0.000000000000000000 ) ) ;
#1671 = ORIENTED_EDGE ( 'NONE', *, *, #379, .T. ) ;
#1672 = EDGE_CURVE ( 'NONE', #606, #824, #1180, .T. ) ;
#1673 = CARTESIAN_POINT ( 'NONE',  ( -3.655914136631592815, 0.5344528145417054565, -1.193800000000001749 ) ) ;
#1674 = CARTESIAN_POINT ( 'NONE',  ( -4.676560697192710059, 0.7712909082371456337, 1.193800000000001305 ) ) ;
#1675 = VERTEX_POINT ( 'NONE', #721 ) ;
#1676 = CARTESIAN_POINT ( 'NONE',  ( -4.150563231539367237, 0.5572539279982015037, 1.567848837280678920 ) ) ;
#1677 = CARTESIAN_POINT ( 'NONE',  ( 3.641833057229554083, 0.5069931490689220110, 0.1849918784260573823 ) ) ;
#1678 = DIRECTION ( 'NONE',  ( -1.000000000000000000, 0.000000000000000000, 0.000000000000000000 ) ) ;
#1679 = ORIENTED_EDGE ( 'NONE', *, *, #97, .F. ) ;
#1680 = CARTESIAN_POINT ( 'NONE',  ( -3.839823433188769286, 0.3893117440695043063, 1.646945970920352442 ) ) ;
#1681 = CARTESIAN_POINT ( 'NONE',  ( 4.149597318605144913, 0.5608587641444071625, -1.564504857552128314 ) ) ;
#1682 = VERTEX_POINT ( 'NONE', #2519 ) ;
#1683 =( BOUNDED_SURFACE ( )  B_SPLINE_SURFACE ( 3, 3, ( 
 ( #795, #1747, #1959, #1565 ),
 ( #1764, #1733, #355, #2414 ),
 ( #570, #2545, #26, #750 ),
 ( #601, #1123, #931, #637 ) ),
 .UNSPECIFIED., .F., .F., .F. ) 
 B_SPLINE_SURFACE_WITH_KNOTS ( ( 4, 4 ),
 ( 4, 4 ),
 ( 0.000000000000000000, 1.000000000000000000 ),
 ( 0.000000000000000000, 1.000000000000000000 ),
 .UNSPECIFIED. ) 
 GEOMETRIC_REPRESENTATION_ITEM ( )  RATIONAL_B_SPLINE_SURFACE ( (
 ( 1.000000000000000000, 0.9420348673768947911, 0.9420348673768947911, 1.000000000000000000),
 ( 0.7757257530573664628, 0.7307607069022380442, 0.7307607069022380442, 0.7757257530573664628),
 ( 0.7757257530573664628, 0.7307607069022380442, 0.7307607069022380442, 0.7757257530573664628),
 ( 1.000000000000000000, 0.9420348673768947911, 0.9420348673768947911, 1.000000000000000000) ) ) 
 REPRESENTATION_ITEM ( '' )  SURFACE ( )  );
#1684 = DIRECTION ( 'NONE',  ( 0.2588190451025229044, 0.9659258262890676461, 0.000000000000000000 ) ) ;
#1685 = DIRECTION ( 'NONE',  ( -0.9659258262890679791, 0.2588190451025215721, -0.000000000000000000 ) ) ;
#1686 = EDGE_LOOP ( 'NONE', ( #983, #887, #1749, #1779 ) ) ;
#1687 = CARTESIAN_POINT ( 'NONE',  ( -3.641833057229553194, 0.5069931490689213449, -1.193800000000001971 ) ) ;
#1688 = DIRECTION ( 'NONE',  ( -0.9659258262890680902, -0.2588190451025214611, 0.000000000000000000 ) ) ;
#1689 = CARTESIAN_POINT ( 'NONE',  ( 4.684658685618958707, 0.6156846676955176623, -1.383201936456026404 ) ) ;
#1690 = EDGE_LOOP ( 'NONE', ( #2291, #534 ) ) ;
#1691 = CARTESIAN_POINT ( 'NONE',  ( -4.716004719676959667, 0.6240838122710344882, 1.193800000000001083 ) ) ;
#1692 = AXIS2_PLACEMENT_3D ( 'NONE', #235, #1202, #102 ) ;
#1693 = DIRECTION ( 'NONE',  ( 0.000000000000000000, 0.000000000000000000, 1.000000000000000000 ) ) ;
#1694 = EDGE_CURVE ( 'NONE', #2285, #1643, #2066, .T. ) ;
#1695 = CARTESIAN_POINT ( 'NONE',  ( 4.530167627923642470, 0.5742889135482274199, 0.7679574616856003066 ) ) ;
#1696 = EDGE_LOOP ( 'NONE', ( #1305, #1352, #2218, #448 ) ) ;
#1697 = CARTESIAN_POINT ( 'NONE',  ( -4.884258276347471117, 0.8269433067353063604, -1.193799999999971773 ) ) ;
#1698 = DIRECTION ( 'NONE',  ( 0.9659258262890679791, 0.2588190451025215721, 0.000000000000000000 ) ) ;
#1699 = CARTESIAN_POINT ( 'NONE',  ( 4.464175587903350007, 0.9798392801678870168, -0.9840785784966578076 ) ) ;
#1700 = EDGE_CURVE ( 'NONE', #2501, #2498, #308, .T. ) ;
#1701 = DIRECTION ( 'NONE',  ( -0.2588190451025217387, 0.9659258262890680902, 0.000000000000000000 ) ) ;
#1702 = ORIENTED_EDGE ( 'NONE', *, *, #1986, .T. ) ;
#1703 = CARTESIAN_POINT ( 'NONE',  ( -4.123688280727458633, 0.6231491906215782528, -1.981200000000000294 ) ) ;
#1704 = CARTESIAN_POINT ( 'NONE',  ( 4.163132303201083850, 0.4759420946951233855, -0.4064000000000007051 ) ) ;
#1705 = CARTESIAN_POINT ( 'NONE',  ( 1.778000000000000025, -0.1523999999999999799, -0.4064000000000012047 ) ) ;
#1706 = CARTESIAN_POINT ( 'NONE',  ( 4.035404237104797787, 0.4417174625338339822, -0.6435838369614843568 ) ) ;
#1707 = EDGE_CURVE ( 'NONE', #371, #2146, #743, .T. ) ;
#1708 = ORIENTED_EDGE ( 'NONE', *, *, #682, .F. ) ;
#1709 = ORIENTED_EDGE ( 'NONE', *, *, #167, .T. ) ;
#1710 = CARTESIAN_POINT ( 'NONE',  ( -3.940443110512620972, 0.3866803413729079653, 0.8197511627193243555 ) ) ;
#1711 = ORIENTED_EDGE ( 'NONE', *, *, #1142, .T. ) ;
#1712 = CARTESIAN_POINT ( 'NONE',  ( 3.791523922764734156, 0.4649132868978995137, -1.935209715104254435 ) ) ;
#1713 = ORIENTED_EDGE ( 'NONE', *, *, #1644, .F. ) ;
#1714 = CARTESIAN_POINT ( 'NONE',  ( 3.627461596311489789, 0.3324095614813084021, 0.06685723304153554092 ) ) ;
#1715 = CARTESIAN_POINT ( 'NONE',  ( -3.588017573848492070, 0.4796166573681051593, 1.193800000000001527 ) ) ;
#1716 = ORIENTED_EDGE ( 'NONE', *, *, #242, .F. ) ;
#1717 = DIRECTION ( 'NONE',  ( -0.2588190451025215166, 0.9659258262890680902, -0.000000000000000000 ) ) ;
#1718 = CARTESIAN_POINT ( 'NONE',  ( -1.856888044947248684, -8.131516293641283255E-17, 1.981199999999999850 ) ) ;
#1719 = DIRECTION ( 'NONE',  ( 0.000000000000000000, 0.000000000000000000, -1.000000000000000000 ) ) ;
#1720 = ADVANCED_FACE ( 'NONE', ( #1172 ), #395, .T. ) ;
#1721 = CARTESIAN_POINT ( 'NONE',  ( -1.778000000000000025, -6.776263578034402713E-17, 1.981199999999999850 ) ) ;
#1722 = CARTESIAN_POINT ( 'NONE',  ( 4.676560697192710059, 0.7712909082371453007, -0.06685723304153640134 ) ) ;
#1723 = CARTESIAN_POINT ( 'NONE',  ( -3.655914136631592815, 0.5344528145417049014, 1.193800000000001527 ) ) ;
#1724 = CARTESIAN_POINT ( 'NONE',  ( -4.058062120339282153, 0.5324683299531571823, 0.8197511627193243555 ) ) ;
#1725 = ORIENTED_EDGE ( 'NONE', *, *, #2230, .F. ) ;
#1726 = EDGE_LOOP ( 'NONE', ( #2281, #435, #100, #1427 ) ) ;
#1727 = EDGE_CURVE ( 'NONE', #1654, #606, #1168, .T. ) ;
#1728 = CARTESIAN_POINT ( 'NONE',  ( 3.640199673347647824, 0.3358227188300109134, 1.052832698917579135 ) ) ;
#1729 = DIRECTION ( 'NONE',  ( -0.9659258262890680902, -0.2588190451025213501, 0.000000000000000000 ) ) ;
#1730 = CARTESIAN_POINT ( 'NONE',  ( 4.644640375030336443, 0.8620217688892441998, 0.9840785784966584737 ) ) ;
#1731 = DIRECTION ( 'NONE',  ( 0.2588190451025229044, 0.9659258262890676461, 0.000000000000000000 ) ) ;
#1732 = ORIENTED_EDGE ( 'NONE', *, *, #38, .T. ) ;
#1733 = CARTESIAN_POINT ( 'NONE',  ( 3.667674287902615848, 0.7664174000623504845, -1.403521421503345801 ) ) ;
#1734 = DIRECTION ( 'NONE',  ( -0.9659258262890680902, 0.2588190451025214056, 0.000000000000000000 ) ) ;
#1735 = ADVANCED_FACE ( 'NONE', ( #351, #2008 ), #1984, .F. ) ;
#1736 = ADVANCED_FACE ( 'NONE', ( #363 ), #644, .F. ) ;
#1737 = ORIENTED_EDGE ( 'NONE', *, *, #2224, .F. ) ;
#1738 = ORIENTED_EDGE ( 'NONE', *, *, #1191, .T. ) ;
#1739 = CARTESIAN_POINT ( 'NONE',  ( 4.043175295705914607, 0.9580311606485923948, 0.9840785784966583627 ) ) ;
#1740 =( BOUNDED_SURFACE ( )  B_SPLINE_SURFACE ( 3, 3, ( 
 ( #1049, #1519, #450, #1673 ),
 ( #2025, #427, #2259, #1687 ),
 ( #2311, #1460, #1886, #299 ),
 ( #1255, #2480, #691, #864 ) ),
 .UNSPECIFIED., .F., .F., .F. ) 
 B_SPLINE_SURFACE_WITH_KNOTS ( ( 4, 4 ),
 ( 4, 4 ),
 ( 0.000000000000000000, 1.000000000000000000 ),
 ( 0.000000000000000000, 1.000000000000000000 ),
 .UNSPECIFIED. ) 
 GEOMETRIC_REPRESENTATION_ITEM ( )  RATIONAL_B_SPLINE_SURFACE ( (
 ( 1.000000000000000000, 0.3333333333333335369, 0.3333333333333335369, 1.000000000000000000),
 ( 0.9427141906301176322, 0.3142380635433727476, 0.3142380635433727476, 0.9427141906301176322),
 ( 0.9427141906301176322, 0.3142380635433727476, 0.3142380635433727476, 0.9427141906301176322),
 ( 1.000000000000000000, 0.3333333333333335369, 0.3333333333333335369, 1.000000000000000000) ) ) 
 REPRESENTATION_ITEM ( '' )  SURFACE ( )  );
#1741 = VERTEX_POINT ( 'NONE', #367 ) ;
#1742 = ORIENTED_EDGE ( 'NONE', *, *, #35, .T. ) ;
#1743 = CARTESIAN_POINT ( 'NONE',  ( 4.043175295705914607, 0.9580311606485928388, 0.9840785784966584737 ) ) ;
#1744 = CARTESIAN_POINT ( 'NONE',  ( -4.549284681807304054, 0.7159624548527880883, 1.033069296824539185 ) ) ;
#1745 = ORIENTED_EDGE ( 'NONE', *, *, #2390, .F. ) ;
#1746 = AXIS2_PLACEMENT_3D ( 'NONE', #117, #1693, #919 ) ;
#1747 = CARTESIAN_POINT ( 'NONE',  ( 3.906681645934128699, 0.5438455639170630684, -1.681858922883829877 ) ) ;
#1748 = VERTEX_POINT ( 'NONE', #1992 ) ;
#1749 = ORIENTED_EDGE ( 'NONE', *, *, #2276, .F. ) ;
#1750 = DIRECTION ( 'NONE',  ( 1.000000000000000000, 0.000000000000000000, 0.000000000000000000 ) ) ;
#1751 = EDGE_CURVE ( 'NONE', #1345, #1798, #380, .T. ) ;
#1752 = ORIENTED_EDGE ( 'NONE', *, *, #1794, .T. ) ;
#1753 = EDGE_LOOP ( 'NONE', ( #857, #452, #1745, #84, #75 ) ) ;
#1754 = CARTESIAN_POINT ( 'NONE',  ( 3.627461596311489789, 0.3324095614813084021, -1.193800000000001527 ) ) ;
#1755 = ADVANCED_FACE ( 'NONE', ( #1215 ), #189, .F. ) ;
#1756 = CARTESIAN_POINT ( 'NONE',  ( 3.850223892805034964, 0.4323744672206967232, 0.7057410771161738428 ) ) ;
#1757 = CARTESIAN_POINT ( 'NONE',  ( 0.000000000000000000, 0.000000000000000000, 0.000000000000000000 ) ) ;
#1758 = EDGE_CURVE ( 'NONE', #1682, #2344, #2023, .T. ) ;
#1759 = ORIENTED_EDGE ( 'NONE', *, *, #929, .F. ) ;
#1760 = CARTESIAN_POINT ( 'NONE',  ( -4.088321254979879527, 0.7895441468817185893, 1.354530703175464534 ) ) ;
#1761 = CARTESIAN_POINT ( 'NONE',  ( 1.817444022473624576, 0.005192904073546007748, 0.4064000000000010937 ) ) ;
#1762 = VERTEX_POINT ( 'NONE', #744 ) ;
#1763 = ORIENTED_EDGE ( 'NONE', *, *, #2224, .T. ) ;
#1764 = CARTESIAN_POINT ( 'NONE',  ( 3.570295953401414923, 0.5741520487208909840, -1.403521421503345579 ) ) ;
#1765 = CARTESIAN_POINT ( 'NONE',  ( 4.410976291918441206, 0.8062579110749241718, -1.354530703175464090 ) ) ;
#1766 = ORIENTED_EDGE ( 'NONE', *, *, #1990, .F. ) ;
#1767 = CARTESIAN_POINT ( 'NONE',  ( 3.627461596338056093, 0.3324095613821652084, 1.229536805106911102 ) ) ;
#1768 = VERTEX_POINT ( 'NONE', #98 ) ;
#1769 = CARTESIAN_POINT ( 'NONE',  ( -3.667674287902615848, 0.7664174000623504845, 0.9840785784966578076 ) ) ;
#1770 = CARTESIAN_POINT ( 'NONE',  ( 3.680385663754305536, 0.3465905225065199491, 0.9506305858475452286 ) ) ;
#1771 = ORIENTED_EDGE ( 'NONE', *, *, #2538, .F. ) ;
#1772 = AXIS2_PLACEMENT_3D ( 'NONE', #1479, #2279, #1216 ) ;
#1773 = ORIENTED_EDGE ( 'NONE', *, *, #846, .T. ) ;
#1774 = CARTESIAN_POINT ( 'NONE',  ( 4.247867174697553594, 0.8322943472257501307, 1.033069296824538963 ) ) ;
#1775 = CARTESIAN_POINT ( 'NONE',  ( -4.643977934190091972, 0.6047842933089226936, -0.2159924637516574264 ) ) ;
#1776 = ADVANCED_FACE ( 'NONE', ( #2091 ), #2176, .T. ) ;
#1777 = CARTESIAN_POINT ( 'NONE',  ( -3.813298688107271239, 0.3822044600454753693, 0.7679574616856041924 ) ) ;
#1778 = ORIENTED_EDGE ( 'NONE', *, *, #1006, .F. ) ;
#1779 = ORIENTED_EDGE ( 'NONE', *, *, #13, .T. ) ;
#1780 = AXIS2_PLACEMENT_3D ( 'NONE', #64, #2428, #1214 ) ;
#1781 = AXIS2_PLACEMENT_3D ( 'NONE', #2497, #1374, #765 ) ;
#1782 = CARTESIAN_POINT ( 'NONE',  ( -4.473104459027869240, 0.5992748119211462887, -1.681858922883829655 ) ) ;
#1783 = CARTESIAN_POINT ( 'NONE',  ( 4.150563231539367237, 0.5572539279982015037, -0.8197511627193243555 ) ) ;
#1784 = CARTESIAN_POINT ( 'NONE',  ( -1.778000000000000025, -0.1523999999999999799, -0.4064000000000009827 ) ) ;
#1785 = EDGE_LOOP ( 'NONE', ( #408, #1061, #53, #1355 ) ) ;
#1786 = ORIENTED_EDGE ( 'NONE', *, *, #2230, .T. ) ;
#1787 = CARTESIAN_POINT ( 'NONE',  ( 3.856180748434282268, 0.3936946734798803527, 1.655882947863055898 ) ) ;
#1788 = EDGE_CURVE ( 'NONE', #1440, #2115, #313, .T. ) ;
#1789 = AXIS2_PLACEMENT_3D ( 'NONE', #2061, #2324, #1729 ) ;
#1790 = EDGE_LOOP ( 'NONE', ( #829, #470, #377, #34, #2082, #1877 ) ) ;
#1791 = CARTESIAN_POINT ( 'NONE',  ( -3.850223892805034964, 0.4323744672206962791, -1.681858922883829210 ) ) ;
#1792 = EDGE_LOOP ( 'NONE', ( #1847, #996, #1003, #1713, #135 ) ) ;
#1793 = CARTESIAN_POINT ( 'NONE',  ( -3.588017573837866347, 0.4796166574077624367, -0.06685723304153726176 ) ) ;
#1794 = EDGE_CURVE ( 'NONE', #1643, #579, #1259, .T. ) ;
#1795 = CARTESIAN_POINT ( 'NONE',  ( 4.643977934190091972, 0.6047842933089224715, -0.2159924637516595913 ) ) ;
#1796 = LINE ( 'NONE', #1552, #277 ) ;
#1797 = ORIENTED_EDGE ( 'NONE', *, *, #2472, .F. ) ;
#1798 = VERTEX_POINT ( 'NONE', #1511 ) ;
#1799 = CARTESIAN_POINT ( 'NONE',  ( 4.149597318605144913, 0.5608587641444073846, 1.564504857552128092 ) ) ;
#1800 = CARTESIAN_POINT ( 'NONE',  ( -3.800536914235475905, 0.6426911727966156951, -1.354530703175464312 ) ) ;
#1801 = CARTESIAN_POINT ( 'NONE',  ( -3.813298688107275680, 0.3822044600454765906, -1.619642538314381985 ) ) ;
#1802 = CARTESIAN_POINT ( 'NONE',  ( -3.693148615186122363, 0.3500103450357126000, 0.9143535695831519483 ) ) ;
#1803 = ORIENTED_EDGE ( 'NONE', *, *, #599, .F. ) ;
#1804 = ORIENTED_EDGE ( 'NONE', *, *, #1937, .T. ) ;
#1805 = ADVANCED_FACE ( 'NONE', ( #2019 ), #2075, .T. ) ;
#1806 = CARTESIAN_POINT ( 'NONE',  ( -4.163132303201082074, 0.4759420946951258835, 1.981199999999999850 ) ) ;
#1807 = CARTESIAN_POINT ( 'NONE',  ( -1.778000000000000025, 0.000000000000000000, 1.981199999999999850 ) ) ;
#1808 = ORIENTED_EDGE ( 'NONE', *, *, #901, .F. ) ;
#1809 = DIRECTION ( 'NONE',  ( -0.9659258262890680902, -0.2588190451025216832, 0.000000000000000000 ) ) ;
#1810 =( BOUNDED_SURFACE ( )  B_SPLINE_SURFACE ( 3, 3, ( 
 ( #191, #2528, #175, #2496 ),
 ( #1760, #2477, #747, #593 ),
 ( #1576, #730, #2330, #1744 ),
 ( #908, #2514, #965, #1898 ) ),
 .UNSPECIFIED., .F., .F., .F. ) 
 B_SPLINE_SURFACE_WITH_KNOTS ( ( 4, 4 ),
 ( 4, 4 ),
 ( 0.000000000000000000, 1.000000000000000000 ),
 ( 0.000000000000000000, 1.000000000000000000 ),
 .UNSPECIFIED. ) 
 GEOMETRIC_REPRESENTATION_ITEM ( )  RATIONAL_B_SPLINE_SURFACE ( (
 ( 1.000000000000000000, 0.9420348673768951242, 0.9420348673768951242, 1.000000000000000000),
 ( 0.7757257530573672399, 0.7307607069022390434, 0.7307607069022390434, 0.7757257530573672399),
 ( 0.7757257530573672399, 0.7307607069022390434, 0.7307607069022390434, 0.7757257530573672399),
 ( 1.000000000000000000, 0.9420348673768951242, 0.9420348673768951242, 1.000000000000000000) ) ) 
 REPRESENTATION_ITEM ( '' )  SURFACE ( )  );
#1811 = ORIENTED_EDGE ( 'NONE', *, *, #2143, .F. ) ;
#1812 = DIRECTION ( 'NONE',  ( 0.2588190451025229044, 0.9659258262890677571, 0.000000000000000000 ) ) ;
#1813 = ORIENTED_EDGE ( 'NONE', *, *, #242, .T. ) ;
#1814 = CARTESIAN_POINT ( 'NONE',  ( 1.817444022473624798, 0.005192904073546061525, -0.3894885094357126709 ) ) ;
#1815 = B_SPLINE_CURVE_WITH_KNOTS ( 'NONE', 3,
 ( #2171, #227, #1488, #1597, #241, #1659, #1802, #809, #1777, #1393, #24, #1226, #215, #388, #54, #1859, #1610, #828, #853, #651, #1196, #2195, #2148, #410, #667, #841, #1036, #319, #2098, #1691 ),
 .UNSPECIFIED., .F., .F.,
 ( 4, 1, 2, 2, 2, 1, 2, 2, 2, 1, 2, 2, 2, 1, 2, 2, 4 ),
 ( 0.000000000000000000, 0.06249999999999898692, 0.09374999999999858447, 0.1249999999999981959, 0.2499999999999968359, 0.3124999999999961697, 0.3437499999999961697, 0.3749999999999961142, 0.4999999999999990008, 0.5625000000000004441, 0.5937500000000003331, 0.6250000000000003331, 0.7500000000000002220, 0.8125000000000002220, 0.8437500000000002220, 0.8750000000000001110, 1.000000000000000000 ),
 .UNSPECIFIED. ) ;
#1816 = CARTESIAN_POINT ( 'NONE',  ( 3.655914136631592815, 0.5344528145417049014, -1.193800000000001527 ) ) ;
#1817 = ORIENTED_EDGE ( 'NONE', *, *, #1366, .T. ) ;
#1818 = CARTESIAN_POINT ( 'NONE',  ( 1.778000000000000025, 0.1523999999999999244, -0.4064000000000012047 ) ) ;
#1819 = CARTESIAN_POINT ( 'NONE',  ( 1.778000000000000025, -0.1524000000000000354, -1.981199999999999850 ) ) ;
#1820 = DIRECTION ( 'NONE',  ( -0.000000000000000000, -0.000000000000000000, -1.000000000000000000 ) ) ;
#1821 = VERTEX_POINT ( 'NONE', #1681 ) ;
#1822 = CARTESIAN_POINT ( 'NONE',  ( -4.123128303524159044, 0.6596424732529486690, -1.193800000000001527 ) ) ;
#1823 = CARTESIAN_POINT ( 'NONE',  ( 4.337631315160280110, 0.5669441899801026530, -1.567848837280678920 ) ) ;
#1824 = EDGE_CURVE ( 'NONE', #810, #198, #2079, .T. ) ;
#1825 = AXIS2_PLACEMENT_3D ( 'NONE', #1320, #1504, #2468 ) ;
#1826 = ORIENTED_EDGE ( 'NONE', *, *, #1788, .T. ) ;
#1827 = CARTESIAN_POINT ( 'NONE',  ( 4.306734281101728179, 0.5144201287051123339, 1.740009040561860454 ) ) ;
#1828 = EDGE_CURVE ( 'NONE', #978, #2266, #2085, .T. ) ;
#1829 = CARTESIAN_POINT ( 'NONE',  ( 3.644180322413145934, 0.3368893305324625609, -1.053919652556894571 ) ) ;
#1830 = ORIENTED_EDGE ( 'NONE', *, *, #2452, .F. ) ;
#1831 = CARTESIAN_POINT ( 'NONE',  ( 4.058062120339282153, 0.5324683299531571823, 0.8197511627193243555 ) ) ;
#1832 = ORIENTED_EDGE ( 'NONE', *, *, #218, .F. ) ;
#1833 = PLANE ( 'NONE',  #653 ) ;
#1834 = VERTEX_POINT ( 'NONE', #261 ) ;
#1835 = EDGE_LOOP ( 'NONE', ( #62, #1052, #464, #29, #2078, #1649, #945, #1308, #1325, #907, #776, #180 ) ) ;
#1836 = CARTESIAN_POINT ( 'NONE',  ( -1.778000000000000025, -0.1523999999999999799, 1.981199999999999850 ) ) ;
#1837 = CARTESIAN_POINT ( 'NONE',  ( -3.725906063146266156, 0.4953388189175085832, -1.354530703175464312 ) ) ;
#1838 = CARTESIAN_POINT ( 'NONE',  ( -3.955386035220112451, 0.4202766499590422367, -1.711132334668438837 ) ) ;
#1839 = CARTESIAN_POINT ( 'NONE',  ( -4.676560697192710947, 0.7712909082371457448, -0.06685723304153270985 ) ) ;
#1840 = VERTEX_POINT ( 'NONE', #1281 ) ;
#1841 = ORIENTED_EDGE ( 'NONE', *, *, #1884, .F. ) ;
#1842 = B_SPLINE_CURVE_WITH_KNOTS ( 'NONE', 3,
 ( #2157, #1767, #1171, #1589, #14, #206, #815, #1009, #1600, #1787, #2180, #28, #220, #832, #1025, #2203, #745, #1827, #325, #2000, #1472, #2223, #586, #557, #1231, #533, #1547, #943, #1058, #2084 ),
 .UNSPECIFIED., .F., .F.,
 ( 4, 1, 2, 2, 2, 1, 2, 2, 2, 1, 2, 2, 2, 1, 2, 2, 4 ),
 ( 0.000000000000000000, 0.06250000000000056899, 0.09375000000000065226, 0.1250000000000007494, 0.2500000000000010547, 0.3125000000000012768, 0.3437500000000009992, 0.3750000000000007216, 0.4999999999999993894, 0.5624999999999986677, 0.5937499999999991118, 0.6249999999999994449, 0.7500000000000001110, 0.8125000000000004441, 0.8437500000000003331, 0.8750000000000003331, 1.000000000000000000 ),
 .UNSPECIFIED. ) ;
#1843 = DIRECTION ( 'NONE',  ( 0.2588190451025215166, 0.9659258262890680902, -0.000000000000000000 ) ) ;
#1844 = DIRECTION ( 'NONE',  ( 0.2588190451025215721, -0.9659258262890680902, 0.000000000000000000 ) ) ;
#1845 = DIRECTION ( 'NONE',  ( -0.000000000000000000, -1.000000000000000000, 0.000000000000000000 ) ) ;
#1846 = ORIENTED_EDGE ( 'NONE', *, *, #2113, .T. ) ;
#1847 = ORIENTED_EDGE ( 'NONE', *, *, #2474, .F. ) ;
#1848 = CARTESIAN_POINT ( 'NONE',  ( 4.711227940814302073, 0.6228038781686067171, 1.105334236656859703 ) ) ;
#1849 = ORIENTED_EDGE ( 'NONE', *, *, #1083, .T. ) ;
#1850 = AXIS2_PLACEMENT_3D ( 'NONE', #1662, #1278, #307 ) ;
#1851 = CARTESIAN_POINT ( 'NONE',  ( -1.856888044947248906, -0.1420141918529078950, 1.981199999999999850 ) ) ;
#1852 = ORIENTED_EDGE ( 'NONE', *, *, #546, .F. ) ;
#1853 = CARTESIAN_POINT ( 'NONE',  ( -4.123128303524159044, 0.6596424732529481139, 1.193800000000001527 ) ) ;
#1854 = AXIS2_PLACEMENT_3D ( 'NONE', #2508, #184, #149 ) ;
#1855 = ORIENTED_EDGE ( 'NONE', *, *, #383, .T. ) ;
#1856 = CARTESIAN_POINT ( 'NONE',  ( 1.856888044947248240, -0.1420141918529080338, -1.981199999999999850 ) ) ;
#1857 = CARTESIAN_POINT ( 'NONE',  ( -4.088321254979879527, 0.7895441468817183672, -1.354530703175464312 ) ) ;
#1858 = CARTESIAN_POINT ( 'NONE',  ( -4.507670714445553450, 0.6568042413909148669, -1.193800000000001527 ) ) ;
#1859 = CARTESIAN_POINT ( 'NONE',  ( -4.206170139490443383, 0.4874740481728395691, 0.6302950485535123715 ) ) ;
#1860 = EDGE_LOOP ( 'NONE', ( #22, #1882, #2158, #2193 ) ) ;
#1861 = EDGE_CURVE ( 'NONE', #797, #1268, #2129, .T. ) ;
#1862 = CARTESIAN_POINT ( 'NONE',  ( -4.240607120965420584, 0.4967014095488256342, -0.6303957524552830094 ) ) ;
#1863 = CARTESIAN_POINT ( 'NONE',  ( -3.588017573837865459, 0.4796166574077623257, 0.06685723304153748381 ) ) ;
#1864 = CARTESIAN_POINT ( 'NONE',  ( -3.901808633811354454, 0.4059206285190071206, 1.689267177503557260 ) ) ;
#1865 = CARTESIAN_POINT ( 'NONE',  ( 4.507670714445552562, 0.6568042413909150889, 1.193800000000001749 ) ) ;
#1866 = ORIENTED_EDGE ( 'NONE', *, *, #1391, .T. ) ;
#1867 = CARTESIAN_POINT ( 'NONE',  ( 4.240607120965385057, 0.4967014095488157532, 0.6303957524552821212 ) ) ;
#1868 = CARTESIAN_POINT ( 'NONE',  ( -4.003693176826861766, 0.6225986347202057125, -1.681858922883829210 ) ) ;
#1869 = DIRECTION ( 'NONE',  ( -0.9659258262890680902, -0.2588190451025214611, 0.000000000000000000 ) ) ;
#1870 = ORIENTED_EDGE ( 'NONE', *, *, #1861, .T. ) ;
#1871 = CARTESIAN_POINT ( 'NONE',  ( -4.149597318605144025, 0.5608587641444072736, -1.193800000000001527 ) ) ;
#1872 = CARTESIAN_POINT ( 'NONE',  ( -3.928775335262205903, 0.7467939465376867147, -1.354530703175464312 ) ) ;
#1873 = CARTESIAN_POINT ( 'NONE',  ( 4.716004719676959667, 0.6240838122710344882, -1.193800000000001305 ) ) ;
#1874 = ORIENTED_EDGE ( 'NONE', *, *, #238, .T. ) ;
#1875 = CARTESIAN_POINT ( 'NONE',  ( -3.680385663754339287, 0.3465905225065288864, -0.9506305858474778381 ) ) ;
#1876 = CARTESIAN_POINT ( 'NONE',  ( 3.940443110512620972, 0.3866803413729077432, 1.567848837280678920 ) ) ;
#1877 = ORIENTED_EDGE ( 'NONE', *, *, #624, .F. ) ;
#1878 = DIRECTION ( 'NONE',  ( 0.2588190451025229044, 0.9659258262890676461, 0.000000000000000000 ) ) ;
#1879 = AXIS2_PLACEMENT_3D ( 'NONE', #1651, #1812, #2277 ) ;
#1880 = CARTESIAN_POINT ( 'NONE',  ( -1.817444022473624576, 0.005192904073546088413, 1.981199999999999850 ) ) ;
#1881 = CARTESIAN_POINT ( 'NONE',  ( 4.123128303524159932, 0.6596424732529483359, -0.7101043018659864980 ) ) ;
#1882 = ORIENTED_EDGE ( 'NONE', *, *, #1170, .F. ) ;
#1883 = CARTESIAN_POINT ( 'NONE',  ( -4.236437919264543162, 0.2367652303237330058, -1.193800000000001527 ) ) ;
#1884 = EDGE_CURVE ( 'NONE', #2307, #594, #278, .T. ) ;
#1885 = ORIENTED_EDGE ( 'NONE', *, *, #197, .F. ) ;
#1886 = CARTESIAN_POINT ( 'NONE',  ( -3.617825581981110705, 0.4876036891177242816, -2.259023725326126275 ) ) ;
#1887 = CARTESIAN_POINT ( 'NONE',  ( 4.590342470416725718, 0.7848321319641917704, 1.193800000000001749 ) ) ;
#1888 = CARTESIAN_POINT ( 'NONE',  ( 4.716004719692898917, 0.6240838122115487385, -1.121969644000126776 ) ) ;
#1889 = CARTESIAN_POINT ( 'NONE',  ( 4.676560697192709171, 0.7712909082371457448, 2.320742766958466152 ) ) ;
#1890 = EDGE_CURVE ( 'NONE', #636, #594, #1300, .T. ) ;
#1891 = ORIENTED_EDGE ( 'NONE', *, *, #1794, .F. ) ;
#1892 = DIRECTION ( 'NONE',  ( -0.2588190451025215166, 0.9659258262890680902, -0.000000000000000000 ) ) ;
#1893 = CARTESIAN_POINT ( 'NONE',  ( -4.149597318605144913, 0.5608587641444071625, 0.8230951424478750722 ) ) ;
#1894 = ORIENTED_EDGE ( 'NONE', *, *, #494, .T. ) ;
#1895 = CARTESIAN_POINT ( 'NONE',  ( 4.417819387507435636, 0.5145929292794445553, -0.8197511627193242445 ) ) ;
#1896 = CARTESIAN_POINT ( 'NONE',  ( -3.834999779658292862, 0.9022506992397001380, -1.403521421503344691 ) ) ;
#1897 = SURFACE_SIDE_STYLE ('',( #2308 ) ) ;
#1898 = CARTESIAN_POINT ( 'NONE',  ( -4.417819387507435636, 0.5145929292794445553, 0.8197511627193242445 ) ) ;
#1899 = DIRECTION ( 'NONE',  ( -0.000000000000000000, -0.000000000000000000, -1.000000000000000000 ) ) ;
#1900 = CARTESIAN_POINT ( 'NONE',  ( -1.856888044947248240, -0.1420141918529080061, 1.981199999999999850 ) ) ;
#1901 = CARTESIAN_POINT ( 'NONE',  ( -1.778000000000000025, 0.000000000000000000, 1.981199999999999850 ) ) ;
#1902 = DIRECTION ( 'NONE',  ( 0.000000000000000000, 0.000000000000000000, 1.000000000000000000 ) ) ;
#1903 = CARTESIAN_POINT ( 'NONE',  ( 4.703266642683307630, 0.6206706547637030891, -1.052832698917388177 ) ) ;
#1904 = CARTESIAN_POINT ( 'NONE',  ( -4.368475062229300931, 0.6675827368833644471, 0.7057410771161731766 ) ) ;
#1905 = AXIS2_PLACEMENT_3D ( 'NONE', #2323, #1232, #1474 ) ;
#1906 = ADVANCED_FACE ( 'NONE', ( #1289 ), #2055, .T. ) ;
#1907 = CARTESIAN_POINT ( 'NONE',  ( -3.906681645934128699, 0.5438455639170631795, 0.7057410771161728436 ) ) ;
#1908 = CARTESIAN_POINT ( 'NONE',  ( -4.137296176540492532, 0.4690193254208694373, 1.757304951446483354 ) ) ;
#1909 =( BOUNDED_SURFACE ( )  B_SPLINE_SURFACE ( 3, 3, ( 
 ( #2488, #2406, #199, #784 ),
 ( #1013, #2341, #723, #2318 ),
 ( #1527, #1769, #286, #918 ),
 ( #2185, #1907, #819, #977 ) ),
 .UNSPECIFIED., .F., .F., .F. ) 
 B_SPLINE_SURFACE_WITH_KNOTS ( ( 4, 4 ),
 ( 4, 4 ),
 ( 0.000000000000000000, 1.000000000000000000 ),
 ( 0.000000000000000000, 1.000000000000000000 ),
 .UNSPECIFIED. ) 
 GEOMETRIC_REPRESENTATION_ITEM ( )  RATIONAL_B_SPLINE_SURFACE ( (
 ( 1.000000000000000000, 0.9420348673768947911, 0.9420348673768947911, 1.000000000000000000),
 ( 0.7757257530573664628, 0.7307607069022380442, 0.7307607069022380442, 0.7757257530573664628),
 ( 0.7757257530573664628, 0.7307607069022380442, 0.7307607069022380442, 0.7757257530573664628),
 ( 1.000000000000000000, 0.9420348673768947911, 0.9420348673768947911, 1.000000000000000000) ) ) 
 REPRESENTATION_ITEM ( '' )  SURFACE ( )  );
#1910 = AXIS2_PLACEMENT_3D ( 'NONE', #1541, #802, #2507 ) ;
#1911 = AXIS2_PLACEMENT_3D ( 'NONE', #1269, #2429, #880 ) ;
#1912 = CARTESIAN_POINT ( 'NONE',  ( 4.149597318605144913, 0.5608587641444071625, -0.8230951424478750722 ) ) ;
#1913 = DIRECTION ( 'NONE',  ( -1.182917971378669595E-16, 3.169619151431774186E-17, -1.000000000000000000 ) ) ;
#1914 = CARTESIAN_POINT ( 'NONE',  ( -3.699488381787732205, 0.3517090804830770301, -1.193800000000001749 ) ) ;
#1915 = EDGE_CURVE ( 'NONE', #1321, #791, #1284, .T. ) ;
#1916 =( GEOMETRIC_REPRESENTATION_CONTEXT ( 3 ) GLOBAL_UNCERTAINTY_ASSIGNED_CONTEXT ( ( #323 ) ) GLOBAL_UNIT_ASSIGNED_CONTEXT ( ( #224, #237, #612 ) ) REPRESENTATION_CONTEXT ( 'NONE', 'WORKASPACE' ) );
#1917 = CARTESIAN_POINT ( 'NONE',  ( -4.507670714445553450, 0.6568042413909145338, 0.4523902848957480627 ) ) ;
#1918 = CARTESIAN_POINT ( 'NONE',  ( -4.644640375030336443, 0.8620217688892441998, -0.9840785784966584737 ) ) ;
#1919 = CARTESIAN_POINT ( 'NONE',  ( -4.590342470416725718, 0.7848321319641915483, 2.161191396268032250 ) ) ;
#1920 = CARTESIAN_POINT ( 'NONE',  ( -3.641833057229554971, 0.5069931490689216780, 0.1849918784260599913 ) ) ;
#1921 = EDGE_CURVE ( 'NONE', #2344, #808, #439, .T. ) ;
#1922 = CARTESIAN_POINT ( 'NONE',  ( -4.058062120339282153, 0.5324683299531571823, 1.567848837280679364 ) ) ;
#1923 = CARTESIAN_POINT ( 'NONE',  ( -4.150563231539367237, 0.5572539279982019478, -1.567848837280678920 ) ) ;
#1924 = CARTESIAN_POINT ( 'NONE',  ( -4.650317700844802005, 0.6064830285579929647, 1.473246430416964126 ) ) ;
#1925 = ADVANCED_FACE ( 'NONE', ( #472 ), #799, .T. ) ;
#1926 = CARTESIAN_POINT ( 'NONE',  ( -4.149597318605144913, 0.5608587641444073846, -0.8230951424478751832 ) ) ;
#1927 = CARTESIAN_POINT ( 'NONE',  ( 4.123128303524159044, 0.6596424732529481139, -1.193800000000001527 ) ) ;
#1928 = CARTESIAN_POINT ( 'NONE',  ( -1.778000000000000025, -0.1523999999999999522, 0.4064000000000012047 ) ) ;
#1929 = DIRECTION ( 'NONE',  ( 0.9659258262890679791, -0.2588190451025215721, 0.000000000000000000 ) ) ;
#1930 = VECTOR ( 'NONE', #2439, 1000.000000000000000 ) ;
#1931 = CARTESIAN_POINT ( 'NONE',  ( -4.716004719676959667, 0.6240838122710344882, -1.193800000000002415 ) ) ;
#1932 = CARTESIAN_POINT ( 'NONE',  ( -3.588017573837865015, 0.4796166574077622147, 2.320742766958467929 ) ) ;
#1933 = CARTESIAN_POINT ( 'NONE',  ( 4.150563231539367237, 0.5572539279982019478, 1.567848837280678920 ) ) ;
#1934 = AXIS2_PLACEMENT_3D ( 'NONE', #2057, #116, #1173 ) ;
#1935 = CARTESIAN_POINT ( 'NONE',  ( -3.699488381787732205, 0.3517090804830773076, 1.193800000000001527 ) ) ;
#1936 = VECTOR ( 'NONE', #1514, 1000.000000000000000 ) ;
#1937 = EDGE_CURVE ( 'NONE', #2485, #18, #1322, .T. ) ;
#1938 = VECTOR ( 'NONE', #1468, 1000.000000000000227 ) ;
#1939 = CARTESIAN_POINT ( 'NONE',  ( 3.850223892805034964, 0.4323744672206962791, 1.681858922883829210 ) ) ;
#1940 = EDGE_CURVE ( 'NONE', #808, #2515, #445, .T. ) ;
#1941 = CARTESIAN_POINT ( 'NONE',  ( -1.778000000000000025, -0.1523999999999999799, -1.981199999999999850 ) ) ;
#1942 = VECTOR ( 'NONE', #2457, 1000.000000000000000 ) ;
#1943 = CARTESIAN_POINT ( 'NONE',  ( -3.627461596311489345, 0.3324095614813080135, -2.320742766958468817 ) ) ;
#1944 = ADVANCED_FACE ( 'NONE', ( #2166 ), #441, .F. ) ;
#1945 = DIRECTION ( 'NONE',  ( 1.182917971378669595E-16, 3.169619151431774186E-17, 1.000000000000000000 ) ) ;
#1946 = EDGE_CURVE ( 'NONE', #2509, #793, #2159, .T. ) ;
#1947 = CARTESIAN_POINT ( 'NONE',  ( -4.464175587903348230, 0.9798392801678873498, -1.403521421503345579 ) ) ;
#1948 = DIRECTION ( 'NONE',  ( 0.2588190451025229044, 0.9659258262890677571, 0.000000000000000000 ) ) ;
#1949 = CARTESIAN_POINT ( 'NONE',  ( 4.163132303201083850, 0.4759420946951234410, 1.193799999999971773 ) ) ;
#1950 = CIRCLE ( 'NONE', #285, 0.2599999999999998979 ) ;
#1951 = CARTESIAN_POINT ( 'NONE',  ( 3.627461596311489789, 0.3324095614813084021, -2.320742766958467929 ) ) ;
#1952 = CIRCLE ( 'NONE', #1910, 0.1523999999999993693 ) ;
#1953 = CARTESIAN_POINT ( 'NONE',  ( 4.124388626720732809, 0.6549388830493794167, 1.681858922883829210 ) ) ;
#1954 = CARTESIAN_POINT ( 'NONE',  ( 1.778000000000000025, 0.1523999999999999244, -1.981199999999999850 ) ) ;
#1955 = CARTESIAN_POINT ( 'NONE',  ( -1.778000000000000025, 0.1523999999999992305, -1.981199999999999850 ) ) ;
#1956 = CIRCLE ( 'NONE', #1, 0.3707048575521265099 ) ;
#1957 = ADVANCED_FACE ( 'NONE', ( #467, #2170 ), #690, .F. ) ;
#1958 = AXIS2_PLACEMENT_3D ( 'NONE', #881, #1553, #720 ) ;
#1959 = CARTESIAN_POINT ( 'NONE',  ( 4.003693176826861766, 0.6225986347202048243, -1.681858922883829877 ) ) ;
#1960 = CARTESIAN_POINT ( 'NONE',  ( 4.088321254979879527, 0.7895441468817185893, -1.033069296824539185 ) ) ;
#1961 = DIRECTION ( 'NONE',  ( -0.9659258262890680902, -0.2588190451025216832, 0.000000000000000000 ) ) ;
#1962 = EDGE_CURVE ( 'NONE', #626, #2146, #459, .T. ) ;
#1963 = LINE ( 'NONE', #763, #1965 ) ;
#1964 = EDGE_CURVE ( 'NONE', #606, #810, #1326, .T. ) ;
#1965 = VECTOR ( 'NONE', #1133, 1000.000000000000000 ) ;
#1966 = CARTESIAN_POINT ( 'NONE',  ( -4.643977934190091084, 0.6047842933089225825, -1.193800000000001749 ) ) ;
#1967 = CARTESIAN_POINT ( 'NONE',  ( -4.616266875627990096, 0.7680919037863583876, -1.193800000000001749 ) ) ;
#1968 = VECTOR ( 'NONE', #329, 1000.000000000000000 ) ;
#1969 = CARTESIAN_POINT ( 'NONE',  ( -4.368475062229300931, 0.6675827368833653352, -0.7057410771161738428 ) ) ;
#1970 = CARTESIAN_POINT ( 'NONE',  ( 4.088321254979879527, 0.7895441468817185893, -1.354530703175464534 ) ) ;
#1971 = CARTESIAN_POINT ( 'NONE',  ( 4.163132303201083850, 0.4759420946951234410, -1.193799999999971773 ) ) ;
#1972 = FACE_OUTER_BOUND ( 'NONE', #2546, .T. ) ;
#1973 = ADVANCED_FACE ( 'NONE', ( #2135 ), #1833, .T. ) ;
#1974 = DIRECTION ( 'NONE',  ( 1.000000000000000000, 0.000000000000000000, 0.000000000000000000 ) ) ;
#1975 = CIRCLE ( 'NONE', #1934, 0.7874000000000007660 ) ;
#1976 = CARTESIAN_POINT ( 'NONE',  ( 3.699488381787733093, 0.3517090804830774742, -1.193800000000001527 ) ) ;
#1977 = CARTESIAN_POINT ( 'NONE',  ( 3.655914136631593259, 0.5344528145417054565, 1.193800000000001527 ) ) ;
#1978 = DIRECTION ( 'NONE',  ( 0.9659258262890679791, -0.2588190451025214611, 0.000000000000000000 ) ) ;
#1979 = CARTESIAN_POINT ( 'NONE',  ( -3.725906063146266156, 0.4953388189175085832, -1.033069296824539185 ) ) ;
#1980 = DIRECTION ( 'NONE',  ( 1.000000000000000000, -0.000000000000000000, 0.000000000000000000 ) ) ;
#1981 = DIRECTION ( 'NONE',  ( 0.9659258262890680902, -0.2588190451025215166, 0.000000000000000000 ) ) ;
#1982 = AXIS2_PLACEMENT_3D ( 'NONE', #1542, #483, #1678 ) ;
#1983 = DIRECTION ( 'NONE',  ( -1.000000000000000000, 0.000000000000000000, 0.000000000000000000 ) ) ;
#1984 = PLANE ( 'NONE',  #1184 ) ;
#1985 = CARTESIAN_POINT ( 'NONE',  ( -4.716004719692898917, 0.6240838122115488495, 1.229536805106924202 ) ) ;
#1986 = EDGE_CURVE ( 'NONE', #622, #2285, #2178, .T. ) ;
#1987 = LINE ( 'NONE', #1814, #1930 ) ;
#1988 = CARTESIAN_POINT ( 'NONE',  ( -4.149597318605144025, 0.5608587641444070515, 1.193800000000001527 ) ) ;
#1989 = CARTESIAN_POINT ( 'NONE',  ( 3.725906063146266156, 0.4953388189175085832, 1.354530703175464312 ) ) ;
#1990 = EDGE_CURVE ( 'NONE', #798, #2149, #1310, .T. ) ;
#1991 = CARTESIAN_POINT ( 'NONE',  ( 3.617825581981110261, 0.4876036891177247257, -1.193800000000001527 ) ) ;
#1992 = CARTESIAN_POINT ( 'NONE',  ( -4.163132303201082074, 0.4759420946951258835, 1.981199999999985861 ) ) ;
#1993 = FACE_OUTER_BOUND ( 'NONE', #1792, .T. ) ;
#1994 = CARTESIAN_POINT ( 'NONE',  ( 4.590342470416724829, 0.7848321319641919924, 1.193800000000001749 ) ) ;
#1995 = DIRECTION ( 'NONE',  ( -1.000000000000000000, 0.000000000000000000, 0.000000000000000000 ) ) ;
#1996 = CARTESIAN_POINT ( 'NONE',  ( -3.655914136631593259, 0.5344528145417056786, -1.193800000000001527 ) ) ;
#1997 = LINE ( 'NONE', #33, #281 ) ;
#1998 = DIRECTION ( 'NONE',  ( 0.2588190451025215166, 0.9659258262890680902, -0.000000000000000000 ) ) ;
#1999 = CARTESIAN_POINT ( 'NONE',  ( -4.716004719692898028, 0.6240838122115488495, -1.158063194893087955 ) ) ;
#2000 = CARTESIAN_POINT ( 'NONE',  ( 4.354681379987459522, 0.5272675151309595964, 1.724819581052204009 ) ) ;
#2001 = VECTOR ( 'NONE', #1264, 1000.000000000000000 ) ;
#2002 = DIRECTION ( 'NONE',  ( 0.000000000000000000, -0.000000000000000000, -1.000000000000000000 ) ) ;
#2003 = CARTESIAN_POINT ( 'NONE',  ( -3.791523922764734156, 0.4649132868978996247, -1.935209715104254879 ) ) ;
#2004 = CYLINDRICAL_SURFACE ( 'NONE', #675, 0.1524000000000000077 ) ;
#2005 = AXIS2_PLACEMENT_3D ( 'NONE', #510, #2045, #2300 ) ;
#2006 = CARTESIAN_POINT ( 'NONE',  ( 3.588017573837865015, 0.4796166574077622147, -1.193800000000001527 ) ) ;
#2007 = DIRECTION ( 'NONE',  ( -0.000000000000000000, 0.000000000000000000, 1.000000000000000000 ) ) ;
#2008 = FACE_BOUND ( 'NONE', #951, .T. ) ;
#2009 = CARTESIAN_POINT ( 'NONE',  ( -4.163132303201082074, 0.4759420946951258835, -1.193799999999971773 ) ) ;
#2010 = CARTESIAN_POINT ( 'NONE',  ( -4.507670714445554339, 0.6568042413909148669, -0.4523902848957475631 ) ) ;
#2011 = AXIS2_PLACEMENT_3D ( 'NONE', #293, #1285, #2460 ) ;
#2012 = CARTESIAN_POINT ( 'NONE',  ( -4.646752689049464813, 0.7633038765271825676, -1.193800000000001749 ) ) ;
#2013 = CARTESIAN_POINT ( 'NONE',  ( -3.640199673347648268, 0.3358227188300111354, -1.052832698917543164 ) ) ;
#2014 = DIRECTION ( 'NONE',  ( -0.9659258262890677571, 0.2588190451025228489, 0.000000000000000000 ) ) ;
#2015 =( BOUNDED_SURFACE ( )  B_SPLINE_SURFACE ( 3, 3, ( 
 ( #1286, #946, #982, #1149 ),
 ( #312, #1163, #2145, #1533 ),
 ( #1348, #1371, #1699, #2064 ),
 ( #537, #2089, #1119, #157 ) ),
 .UNSPECIFIED., .F., .F., .F. ) 
 B_SPLINE_SURFACE_WITH_KNOTS ( ( 4, 4 ),
 ( 4, 4 ),
 ( 0.000000000000000000, 1.000000000000000000 ),
 ( 0.000000000000000000, 1.000000000000000000 ),
 .UNSPECIFIED. ) 
 GEOMETRIC_REPRESENTATION_ITEM ( )  RATIONAL_B_SPLINE_SURFACE ( (
 ( 1.000000000000000000, 0.9420348673768949022, 0.9420348673768949022, 1.000000000000000000),
 ( 0.7757257530573667959, 0.7307607069022384882, 0.7307607069022384882, 0.7757257530573667959),
 ( 0.7757257530573667959, 0.7307607069022384882, 0.7307607069022384882, 0.7757257530573667959),
 ( 1.000000000000000000, 0.9420348673768949022, 0.9420348673768949022, 1.000000000000000000) ) ) 
 REPRESENTATION_ITEM ( '' )  SURFACE ( )  );
#2016 = EDGE_CURVE ( 'NONE', #810, #1405, #2156, .T. ) ;
#2017 = CARTESIAN_POINT ( 'NONE',  ( 4.507670714445552562, 0.6568042413909149779, 1.935209715104253325 ) ) ;
#2018 = CARTESIAN_POINT ( 'NONE',  ( 4.684658685618955154, 0.6156846676955169961, 1.004398063543973985 ) ) ;
#2019 = FACE_OUTER_BOUND ( 'NONE', #1726, .T. ) ;
#2020 = EDGE_CURVE ( 'NONE', #115, #1768, #2124, .T. ) ;
#2021 = CARTESIAN_POINT ( 'NONE',  ( -4.149597318605144025, 0.5608587641444070515, 1.193800000000001527 ) ) ;
#2022 = CARTESIAN_POINT ( 'NONE',  ( -3.791523922764734156, 0.4649132868978995137, -1.193800000000001749 ) ) ;
#2023 = CIRCLE ( 'NONE', #1101, 0.3707048575521264544 ) ;
#2024 = ADVANCED_BREP_SHAPE_REPRESENTATION ( 'keystone-PN112TR', ( #345, #2042 ), #1916 ) ;
#2025 = CARTESIAN_POINT ( 'NONE',  ( -4.616266875627988320, 0.7680919037863581655, -1.193800000000001971 ) ) ;
#2026 = CARTESIAN_POINT ( 'NONE',  ( -4.150563231539367237, 0.5572539279982015037, -0.8197511627193243555 ) ) ;
#2027 = CARTESIAN_POINT ( 'NONE',  ( -3.757499009711480209, 0.3985609353837389346, -1.193800000000001527 ) ) ;
#2028 = DIRECTION ( 'NONE',  ( -0.9659258262890677571, 0.2588190451025228489, 0.000000000000000000 ) ) ;
#2029 = CARTESIAN_POINT ( 'NONE',  ( -4.036732034929324975, 0.4420732448886280364, -0.6475909594381338286 ) ) ;
#2030 = CARTESIAN_POINT ( 'NONE',  ( -1.778000000000000025, 0.000000000000000000, 1.981199999999999850 ) ) ;
#2031 = CARTESIAN_POINT ( 'NONE',  ( -3.760400852325186172, 0.3680305276663114467, 1.564878668933922468 ) ) ;
#2032 = CARTESIAN_POINT ( 'NONE',  ( 4.137296176540523618, 0.4690193254208778195, 0.6302950485535125935 ) ) ;
#2033 = DIRECTION ( 'NONE',  ( 0.9659258262890679791, -0.2588190451025214611, 0.000000000000000000 ) ) ;
#2034 = AXIS2_PLACEMENT_3D ( 'NONE', #767, #1520, #1688 ) ;
#2035 = CARTESIAN_POINT ( 'NONE',  ( -4.149597318605144913, 0.5608587641444071625, 1.564504857552128314 ) ) ;
#2036 = CARTESIAN_POINT ( 'NONE',  ( 3.588017573837865015, 0.4796166574077622147, -2.320742766958467929 ) ) ;
#2037 = EDGE_CURVE ( 'NONE', #2344, #2515, #422, .T. ) ;
#2038 = DIRECTION ( 'NONE',  ( -0.2588190451025216832, -0.9659258262890680902, 0.000000000000000000 ) ) ;
#2039 = DIRECTION ( 'NONE',  ( -0.2588190451025215166, 0.9659258262890680902, -0.000000000000000000 ) ) ;
#2040 = CARTESIAN_POINT ( 'NONE',  ( 4.711227940814301185, 0.6228038781686067171, -1.282265763343156673 ) ) ;
#2041 = DIRECTION ( 'NONE',  ( 0.2588190451025229044, 0.9659258262890677571, 0.000000000000000000 ) ) ;
#2042 = AXIS2_PLACEMENT_3D ( 'NONE', #1757, #201, #3 ) ;
#2043 = CARTESIAN_POINT ( 'NONE',  ( -4.487285567596678071, 0.5627987001138347045, -0.7317170521369243952 ) ) ;
#2044 = CARTESIAN_POINT ( 'NONE',  ( 4.123688280727459521, 0.6231491906215772536, -0.4063999999999859392 ) ) ;
#2045 = DIRECTION ( 'NONE',  ( -0.000000000000000000, -0.000000000000000000, -1.000000000000000000 ) ) ;
#2046 = EDGE_CURVE ( 'NONE', #738, #114, #1280, .T. ) ;
#2047 = DIRECTION ( 'NONE',  ( 0.000000000000000000, 0.000000000000000000, 1.000000000000000000 ) ) ;
#2048 = CARTESIAN_POINT ( 'NONE',  ( 4.150563231539367237, 0.5572539279982015037, 0.8197511627193243555 ) ) ;
#2049 = DIRECTION ( 'NONE',  ( 0.9659258262890680902, -0.2588190451025215166, 0.000000000000000000 ) ) ;
#2050 = CARTESIAN_POINT ( 'NONE',  ( -4.123128303524159044, 0.6596424732529486690, -1.193800000000001527 ) ) ;
#2051 = CARTESIAN_POINT ( 'NONE',  ( 3.655914136631594147, 0.5344528145417050125, -0.2264086037319733569 ) ) ;
#2052 = DIRECTION ( 'NONE',  ( 1.000000000000000000, 0.000000000000000000, 0.000000000000000000 ) ) ;
#2053 = CARTESIAN_POINT ( 'NONE',  ( 4.339601660968780195, 0.5232269165978158387, -0.6574983142059561692 ) ) ;
#2054 = CARTESIAN_POINT ( 'NONE',  ( -4.124388626720732809, 0.6549388830493788616, 1.681858922883829877 ) ) ;
#2055 =( BOUNDED_SURFACE ( )  B_SPLINE_SURFACE ( 3, 3, ( 
 ( #2367, #2187, #1145, #1582 ),
 ( #2523, #787, #2540, #186 ),
 ( #1604, #1795, #942, #1976 ),
 ( #1593, #2510, #152, #2 ) ),
 .UNSPECIFIED., .F., .F., .F. ) 
 B_SPLINE_SURFACE_WITH_KNOTS ( ( 4, 4 ),
 ( 4, 4 ),
 ( 0.000000000000000000, 1.000000000000000000 ),
 ( 0.000000000000000000, 1.000000000000000000 ),
 .UNSPECIFIED. ) 
 GEOMETRIC_REPRESENTATION_ITEM ( )  RATIONAL_B_SPLINE_SURFACE ( (
 ( 1.000000000000000000, 0.3333333333333335369, 0.3333333333333335369, 1.000000000000000000),
 ( 0.9427141906301195196, 0.3142380635433733582, 0.3142380635433733582, 0.9427141906301195196),
 ( 0.9427141906301195196, 0.3142380635433733582, 0.3142380635433733582, 0.9427141906301195196),
 ( 1.000000000000000000, 0.3333333333333335369, 0.3333333333333335369, 1.000000000000000000) ) ) 
 REPRESENTATION_ITEM ( '' )  SURFACE ( )  );
#2056 = VECTOR ( 'NONE', #1274, 1000.000000000000000 ) ;
#2057 = CARTESIAN_POINT ( 'NONE',  ( -4.123688280727457744, 0.6231491906215796961, 1.193799999999971773 ) ) ;
#2058 = DIRECTION ( 'NONE',  ( 0.2588190451025216832, -0.9659258262890679791, -0.000000000000000000 ) ) ;
#2059 = CARTESIAN_POINT ( 'NONE',  ( -4.036732034929306323, 0.4420732448886228738, 1.740009040561860232 ) ) ;
#2060 = ORIENTED_EDGE ( 'NONE', *, *, #659, .T. ) ;
#2061 = CARTESIAN_POINT ( 'NONE',  ( 4.149597318605144025, 0.5608587641444072736, 1.193800000000001527 ) ) ;
#2062 = LINE ( 'NONE', #902, #384 ) ;
#2063 = CARTESIAN_POINT ( 'NONE',  ( 4.676560697203335337, 0.7712909081974883563, 1.193800000000001749 ) ) ;
#2064 = CARTESIAN_POINT ( 'NONE',  ( 4.644640375030336443, 0.8620217688892435337, -0.9840785784966579186 ) ) ;
#2065 = EDGE_LOOP ( 'NONE', ( #511, #1811, #443, #482, #964 ) ) ;
#2066 = LINE ( 'NONE', #1705, #417 ) ;
#2067 = CARTESIAN_POINT ( 'NONE',  ( 4.648711767939678552, 0.8752245271458490850, 1.193800000000001527 ) ) ;
#2068 = EDGE_CURVE ( 'NONE', #1373, #1635, #2141, .T. ) ;
#2069 = PRODUCT_DEFINITION_SHAPE ( 'NONE', 'NONE',  #2362 ) ;
#2070 = VERTEX_POINT ( 'NONE', #1761 ) ;
#2071 = CARTESIAN_POINT ( 'NONE',  ( 4.123688280727459521, 0.6231491906215772536, 1.981200000000000738 ) ) ;
#2072 = DIRECTION ( 'NONE',  ( 0.000000000000000000, -0.000000000000000000, -1.000000000000000000 ) ) ;
#2073 = CARTESIAN_POINT ( 'NONE',  ( 4.487285567596557279, 0.5627987001138027301, -1.655882947863173360 ) ) ;
#2074 = CARTESIAN_POINT ( 'NONE',  ( 4.441657682219698700, 0.5505727450747334162, -0.6983328224965159592 ) ) ;
#2075 = CYLINDRICAL_SURFACE ( 'NONE', #1905, 0.3047999999999991827 ) ;
#2076 = CARTESIAN_POINT ( 'NONE',  ( -4.473104459027870128, 0.5992748119211456226, 0.7057410771161731766 ) ) ;
#2077 = AXIS2_PLACEMENT_3D ( 'NONE', #889, #1088, #222 ) ;
#2078 = ORIENTED_EDGE ( 'NONE', *, *, #2150, .T. ) ;
#2079 = LINE ( 'NONE', #290, #1238 ) ;
#2080 = CARTESIAN_POINT ( 'NONE',  ( -4.088321254979879527, 0.7895441468817187003, -1.033069296824539185 ) ) ;
#2081 = CARTESIAN_POINT ( 'NONE',  ( -3.680385663754395686, 0.3465905225065439299, 1.436969414152543534 ) ) ;
#2082 = ORIENTED_EDGE ( 'NONE', *, *, #530, .F. ) ;
#2083 = DIRECTION ( 'NONE',  ( 0.2588190451025215166, 0.9659258262890680902, -0.000000000000000000 ) ) ;
#2084 = CARTESIAN_POINT ( 'NONE',  ( 4.716004719676959667, 0.6240838122710344882, 1.193800000000001749 ) ) ;
#2085 = CIRCLE ( 'NONE', #2005, 0.3047999999999991827 ) ;
#2086 = ORIENTED_EDGE ( 'NONE', *, *, #1110, .F. ) ;
#2087 = DIRECTION ( 'NONE',  ( 1.000000000000000000, 0.000000000000000000, 0.000000000000000000 ) ) ;
#2088 = DIRECTION ( 'NONE',  ( 1.000000000000000000, -0.000000000000000000, 0.000000000000000000 ) ) ;
#2089 = CARTESIAN_POINT ( 'NONE',  ( 4.245084076614604740, 0.6872791313785524547, -0.7057410771161731766 ) ) ;
#2090 = ADVANCED_FACE ( 'NONE', ( #1306 ), #701, .T. ) ;
#2091 = FACE_OUTER_BOUND ( 'NONE', #2335, .T. ) ;
#2092 = CARTESIAN_POINT ( 'NONE',  ( -1.778000000000000025, 0.1523999999999992305, -0.4064000000000009827 ) ) ;
#2093 = CARTESIAN_POINT ( 'NONE',  ( -4.648711767939678552, 0.8752245271458490850, 1.193800000000001527 ) ) ;
#2094 = CARTESIAN_POINT ( 'NONE',  ( 4.123688280727459521, 0.6231491906215772536, 1.193799999999971773 ) ) ;
#2095 = CARTESIAN_POINT ( 'NONE',  ( -1.817444022473624576, 0.005192904073546045045, -1.981200000000000738 ) ) ;
#2096 = CARTESIAN_POINT ( 'NONE',  ( 4.257040810899034966, 0.5011048034952007013, -0.6352151579701674766 ) ) ;
#2097 = LINE ( 'NONE', #1608, #1244 ) ;
#2098 = CARTESIAN_POINT ( 'NONE',  ( -4.716004719692899805, 0.6240838122115490716, 1.121969644000141209 ) ) ;
#2099 = AXIS2_PLACEMENT_3D ( 'NONE', #2431, #240, #2213 ) ;
#2100 = CARTESIAN_POINT ( 'NONE',  ( -4.337631315160280998, 0.5669441899801030971, -1.567848837280679142 ) ) ;
#2101 = CARTESIAN_POINT ( 'NONE',  ( -4.086425505131950686, 0.4553885700985213503, 1.752384842029822476 ) ) ;
#2102 = AXIS2_PLACEMENT_3D ( 'NONE', #267, #105, #223 ) ;
#2103 = DIRECTION ( 'NONE',  ( 0.9659258262890676461, -0.2588190451025229599, 1.589339925513298943E-16 ) ) ;
#2104 = CARTESIAN_POINT ( 'NONE',  ( -4.648711767939678552, 0.8752245271458490850, 1.193800000000001527 ) ) ;
#2105 = EDGE_CURVE ( 'NONE', #1748, #1768, #656, .T. ) ;
#2106 = CYLINDRICAL_SURFACE ( 'NONE', #2423, 0.1524000000000000077 ) ;
#2107 = CARTESIAN_POINT ( 'NONE',  ( -3.627461596311490677, 0.3324095614813083466, 1.193800000000001305 ) ) ;
#2108 = ORIENTED_EDGE ( 'NONE', *, *, #2105, .F. ) ;
#2109 = ADVANCED_FACE ( 'NONE', ( #2410 ), #1484, .T. ) ;
#2110 = CARTESIAN_POINT ( 'NONE',  ( -1.778000000000000025, 0.1523999999999992305, 2.777088509435713615 ) ) ;
#2111 = CARTESIAN_POINT ( 'NONE',  ( 4.137296176540506742, 0.4690193254208731011, -1.757304951446490682 ) ) ;
#2112 = CARTESIAN_POINT ( 'NONE',  ( 4.671421450159327193, 0.6121377611440893540, -0.9697782812103863392 ) ) ;
#2113 = EDGE_CURVE ( 'NONE', #193, #2307, #1480, .T. ) ;
#2114 = CIRCLE ( 'NONE', #187, 0.2599999999999998979 ) ;
#2115 = VERTEX_POINT ( 'NONE', #1586 ) ;
#2116 =( BOUNDED_SURFACE ( )  B_SPLINE_SURFACE ( 3, 3, ( 
 ( #94, #433, #1661, #390 ),
 ( #1198, #1677, #2295, #1419 ),
 ( #1055, #76, #2470, #274 ),
 ( #712, #1611, #684, #2244 ) ),
 .UNSPECIFIED., .F., .F., .F. ) 
 B_SPLINE_SURFACE_WITH_KNOTS ( ( 4, 4 ),
 ( 4, 4 ),
 ( 0.000000000000000000, 1.000000000000000000 ),
 ( 0.000000000000000000, 1.000000000000000000 ),
 .UNSPECIFIED. ) 
 GEOMETRIC_REPRESENTATION_ITEM ( )  RATIONAL_B_SPLINE_SURFACE ( (
 ( 1.000000000000000000, 0.3333333333333332038, 0.3333333333333332038, 1.000000000000000000),
 ( 0.9427141906301181873, 0.3142380635433725811, 0.3142380635433725811, 0.9427141906301181873),
 ( 0.9427141906301181873, 0.3142380635433725811, 0.3142380635433725811, 0.9427141906301181873),
 ( 1.000000000000000000, 0.3333333333333332038, 0.3333333333333332038, 1.000000000000000000) ) ) 
 REPRESENTATION_ITEM ( '' )  SURFACE ( )  );
#2117 = FACE_OUTER_BOUND ( 'NONE', #2205, .T. ) ;
#2118 = EDGE_LOOP ( 'NONE', ( #67, #119, #958, #922, #112 ) ) ;
#2119 = DIRECTION ( 'NONE',  ( -0.9659258262890680902, 0.2588190451025215166, 0.000000000000000000 ) ) ;
#2120 = VECTOR ( 'NONE', #1537, 1000.000000000000000 ) ;
#2121 = CIRCLE ( 'NONE', #1854, 0.1075999999999997098 ) ;
#2122 = CARTESIAN_POINT ( 'NONE',  ( 4.464175587903350007, 0.9798392801678875719, 0.9840785784966585847 ) ) ;
#2123 =( BOUNDED_SURFACE ( )  B_SPLINE_SURFACE ( 3, 3, ( 
 ( #2360, #90, #1922, #1676 ),
 ( #1275, #1555, #577, #2520 ),
 ( #770, #166, #548, #955 ),
 ( #1710, #1141, #1724, #1258 ) ),
 .UNSPECIFIED., .F., .F., .F. ) 
 B_SPLINE_SURFACE_WITH_KNOTS ( ( 4, 4 ),
 ( 4, 4 ),
 ( 0.000000000000000000, 1.000000000000000000 ),
 ( 0.000000000000000000, 1.000000000000000000 ),
 .UNSPECIFIED. ) 
 GEOMETRIC_REPRESENTATION_ITEM ( )  RATIONAL_B_SPLINE_SURFACE ( (
 ( 1.000000000000000000, 0.9420348673768949022, 0.9420348673768949022, 1.000000000000000000),
 ( 0.7757257530573673510, 0.7307607069022389323, 0.7307607069022389323, 0.7757257530573673510),
 ( 0.7757257530573673510, 0.7307607069022389323, 0.7307607069022389323, 0.7757257530573673510),
 ( 1.000000000000000000, 0.9420348673768949022, 0.9420348673768949022, 1.000000000000000000) ) ) 
 REPRESENTATION_ITEM ( '' )  SURFACE ( )  );
#2124 = LINE ( 'NONE', #1500, #453 ) ;
#2125 = ORIENTED_EDGE ( 'NONE', *, *, #137, .T. ) ;
#2126 = DIRECTION ( 'NONE',  ( -0.9659258262890678681, 0.2588190451025222383, 0.000000000000000000 ) ) ;
#2127 = CARTESIAN_POINT ( 'NONE',  ( 4.088321254979879527, 0.7895441468817183672, -1.033069296824539185 ) ) ;
#2128 = CARTESIAN_POINT ( 'NONE',  ( 3.856180748434316907, 0.3936946734798894010, -0.7317170521368858704 ) ) ;
#2129 = LINE ( 'NONE', #2473, #2147 ) ;
#2130 = AXIS2_PLACEMENT_3D ( 'NONE', #404, #2039, #87 ) ;
#2131 = VECTOR ( 'NONE', #2087, 1000.000000000000000 ) ;
#2132 = CARTESIAN_POINT ( 'NONE',  ( 4.676560697203335337, 0.7712909081974883563, 1.193800000000001749 ) ) ;
#2133 = ADVANCED_FACE ( 'NONE', ( #1501 ), #1475, .T. ) ;
#2134 = EDGE_LOOP ( 'NONE', ( #2438, #1732, #562, #2440 ) ) ;
#2135 = FACE_OUTER_BOUND ( 'NONE', #159, .T. ) ;
#2136 = CARTESIAN_POINT ( 'NONE',  ( -4.243064342739452321, 0.5820395260432461582, -0.8197511627193241335 ) ) ;
#2137 = CIRCLE ( 'NONE', #817, 0.4836956981340151396 ) ;
#2138 = AXIS2_PLACEMENT_3D ( 'NONE', #2408, #2395, #4 ) ;
#2139 = CARTESIAN_POINT ( 'NONE',  ( 3.988784936043452412, 0.4292258584627426932, 0.6627804189478326835 ) ) ;
#2140 = ORIENTED_EDGE ( 'NONE', *, *, #1727, .F. ) ;
#2141 = CIRCLE ( 'NONE', #868, 0.1523999999999993693 ) ;
#2142 = ORIENTED_EDGE ( 'NONE', *, *, #2325, .F. ) ;
#2143 = EDGE_CURVE ( 'NONE', #1635, #185, #1490, .T. ) ;
#2144 = AXIS2_PLACEMENT_3D ( 'NONE', #1095, #2041, #2028 ) ;
#2145 = CARTESIAN_POINT ( 'NONE',  ( 4.464175587903350007, 0.9798392801678870168, -1.403521421503345357 ) ) ;
#2146 = VERTEX_POINT ( 'NONE', #1122 ) ;
#2147 = VECTOR ( 'NONE', #1648, 1000.000000000000114 ) ;
#2148 = CARTESIAN_POINT ( 'NONE',  ( -4.583065463705817244, 0.5884628459274158230, 0.8227213310661294354 ) ) ;
#2149 = VERTEX_POINT ( 'NONE', #1165 ) ;
#2150 = EDGE_CURVE ( 'NONE', #824, #1616, #2347, .T. ) ;
#2151 = ORIENTED_EDGE ( 'NONE', *, *, #2020, .T. ) ;
#2152 = CARTESIAN_POINT ( 'NONE',  ( -4.043175295705914607, 0.9580311606485928388, -0.9840785784966584737 ) ) ;
#2153 = DIRECTION ( 'NONE',  ( 0.2588190451025215721, -0.9659258262890680902, 0.000000000000000000 ) ) ;
#2154 = CARTESIAN_POINT ( 'NONE',  ( 4.149597318605144025, 0.5608587641444072736, 1.193800000000001527 ) ) ;
#2155 = EDGE_LOOP ( 'NONE', ( #143, #2211, #1417, #2280, #547 ) ) ;
#2156 = CIRCLE ( 'NONE', #32, 0.7874000000000007660 ) ;
#2157 = CARTESIAN_POINT ( 'NONE',  ( 3.627461596322116399, 0.3324095614416511801, 1.193800000000001527 ) ) ;
#2158 = ORIENTED_EDGE ( 'NONE', *, *, #449, .F. ) ;
#2159 = CIRCLE ( 'NONE', #758, 0.3707048575521265099 ) ;
#2160 = VECTOR ( 'NONE', #1599, 1000.000000000000000 ) ;
#2161 = CARTESIAN_POINT ( 'NONE',  ( 4.643977934190092860, 0.6047842933089228046, -1.193800000000001527 ) ) ;
#2162 = ORIENTED_EDGE ( 'NONE', *, *, #1006, .T. ) ;
#2163 = ADVANCED_FACE ( 'NONE', ( #2303 ), #617, .T. ) ;
#2164 = CARTESIAN_POINT ( 'NONE',  ( 3.906681645934128699, 0.5438455639170636235, 1.681858922883829210 ) ) ;
#2165 = ORIENTED_EDGE ( 'NONE', *, *, #347, .F. ) ;
#2166 = FACE_OUTER_BOUND ( 'NONE', #2464, .T. ) ;
#2167 = CARTESIAN_POINT ( 'NONE',  ( -3.627461596311489789, 0.3324095614813084021, -1.193800000000001527 ) ) ;
#2168 = ORIENTED_EDGE ( 'NONE', *, *, #2016, .F. ) ;
#2169 = ORIENTED_EDGE ( 'NONE', *, *, #2046, .F. ) ;
#2170 = FACE_BOUND ( 'NONE', #2229, .T. ) ;
#2171 = CARTESIAN_POINT ( 'NONE',  ( -3.627461596322116399, 0.3324095614416511801, 1.193800000000001305 ) ) ;
#2172 = ORIENTED_EDGE ( 'NONE', *, *, #1700, .F. ) ;
#2173 = AXIS2_PLACEMENT_3D ( 'NONE', #2094, #751, #2337 ) ;
#2174 = CARTESIAN_POINT ( 'NONE',  ( -4.245084076614603852, 0.6872791313785536760, -0.7057410771161738428 ) ) ;
#2175 = CARTESIAN_POINT ( 'NONE',  ( 3.800536914235475017, 0.6426911727966159171, -1.033069296824539407 ) ) ;
#2176 =( BOUNDED_SURFACE ( )  B_SPLINE_SURFACE ( 3, 3, ( 
 ( #247, #279, #2458, #860 ),
 ( #1100, #2449, #437, #1249 ),
 ( #1546, #79, #888, #485 ),
 ( #1085, #1714, #531, #1060 ) ),
 .UNSPECIFIED., .F., .F., .F. ) 
 B_SPLINE_SURFACE_WITH_KNOTS ( ( 4, 4 ),
 ( 4, 4 ),
 ( 0.000000000000000000, 1.000000000000000000 ),
 ( 0.000000000000000000, 1.000000000000000000 ),
 .UNSPECIFIED. ) 
 GEOMETRIC_REPRESENTATION_ITEM ( )  RATIONAL_B_SPLINE_SURFACE ( (
 ( 1.000000000000000000, 0.3333333333333332038, 0.3333333333333332038, 1.000000000000000000),
 ( 0.9427141906301194085, 0.3142380635433730252, 0.3142380635433730252, 0.9427141906301194085),
 ( 0.9427141906301194085, 0.3142380635433730252, 0.3142380635433730252, 0.9427141906301194085),
 ( 1.000000000000000000, 0.3333333333333332038, 0.3333333333333332038, 1.000000000000000000) ) ) 
 REPRESENTATION_ITEM ( '' )  SURFACE ( )  );
#2177 = DIRECTION ( 'NONE',  ( 0.9659258262890680902, -0.2588190451025214611, 8.965985653112920832E-16 ) ) ;
#2178 = LINE ( 'NONE', #1518, #478 ) ;
#2179 = LINE ( 'NONE', #1571, #434 ) ;
#2180 = CARTESIAN_POINT ( 'NONE',  ( 3.903932704389777353, 0.4064897715151619129, 1.684815742118606741 ) ) ;
#2181 = ORIENTED_EDGE ( 'NONE', *, *, #2105, .T. ) ;
#2182 = EDGE_CURVE ( 'NONE', #1654, #1303, #620, .T. ) ;
#2183 = CARTESIAN_POINT ( 'NONE',  ( -4.590342470416725718, 0.7848321319641913263, 1.193800000000001305 ) ) ;
#2184 = FACE_OUTER_BOUND ( 'NONE', #1686, .T. ) ;
#2185 = CARTESIAN_POINT ( 'NONE',  ( -3.850223892805035408, 0.4323744672206957240, 0.7057410771161729546 ) ) ;
#2186 = ORIENTED_EDGE ( 'NONE', *, *, #794, .F. ) ;
#2187 = CARTESIAN_POINT ( 'NONE',  ( 4.507670714445553450, 0.6568042413909145338, -0.4523902848957480627 ) ) ;
#2188 = APPLICATION_CONTEXT ( 'automotive_design' ) ;
#2189 = EDGE_CURVE ( 'NONE', #1260, #833, #710, .T. ) ;
#2190 = FACE_OUTER_BOUND ( 'NONE', #803, .T. ) ;
#2191 = CARTESIAN_POINT ( 'NONE',  ( -3.940443110512620972, 0.3866803413729077432, -0.8197511627193243555 ) ) ;
#2192 = CARTESIAN_POINT ( 'NONE',  ( -3.693148615186158334, 0.3500103450357226476, -1.473246430416938368 ) ) ;
#2193 = ORIENTED_EDGE ( 'NONE', *, *, #1360, .F. ) ;
#2194 = ADVANCED_FACE ( 'NONE', ( #629 ), #142, .T. ) ;
#2195 = CARTESIAN_POINT ( 'NONE',  ( -4.503642882842093798, 0.5671816295241851602, 0.7406540290795533554 ) ) ;
#2196 = VECTOR ( 'NONE', #1028, 1000.000000000000000 ) ;
#2197 = ORIENTED_EDGE ( 'NONE', *, *, #682, .T. ) ;
#2198 = ORIENTED_EDGE ( 'NONE', *, *, #1083, .F. ) ;
#2199 = CARTESIAN_POINT ( 'NONE',  ( -3.839823433188896740, 0.3893117440695385012, -0.7406540290796123083 ) ) ;
#2200 = CARTESIAN_POINT ( 'NONE',  ( 3.725906063146265712, 0.4953388189175086387, -1.033069296824539185 ) ) ;
#2201 = CARTESIAN_POINT ( 'NONE',  ( -4.711227940814302073, 0.6228038781686068281, 1.282265763343144016 ) ) ;
#2202 = VECTOR ( 'NONE', #856, 1000.000000000000114 ) ;
#2203 = CARTESIAN_POINT ( 'NONE',  ( 4.206170139490520654, 0.4874740481728604413, 1.757304951446483798 ) ) ;
#2204 = ORIENTED_EDGE ( 'NONE', *, *, #1884, .T. ) ;
#2205 = EDGE_LOOP ( 'NONE', ( #2316, #2275, #121, #1866, #2505 ) ) ;
#2206 = LINE ( 'NONE', #1200, #397 ) ;
#2207 = CARTESIAN_POINT ( 'NONE',  ( 4.149597318605144025, 0.5608587641444070515, -1.193800000000001527 ) ) ;
#2208 = ORIENTED_EDGE ( 'NONE', *, *, #2532, .T. ) ;
#2209 = ORIENTED_EDGE ( 'NONE', *, *, #2352, .T. ) ;
#2210 = CARTESIAN_POINT ( 'NONE',  ( 4.716004719692899805, 0.6240838122115488495, -1.229536805106931974 ) ) ;
#2211 = ORIENTED_EDGE ( 'NONE', *, *, #1252, .T. ) ;
#2212 = CARTESIAN_POINT ( 'NONE',  ( 3.791523922764734600, 0.4649132868978994582, -1.193800000000001527 ) ) ;
#2213 = DIRECTION ( 'NONE',  ( -0.9659258262890680902, -0.2588190451025211836, 0.000000000000000000 ) ) ;
#2214 = ORIENTED_EDGE ( 'NONE', *, *, #589, .F. ) ;
#2215 = CARTESIAN_POINT ( 'NONE',  ( -3.617825581981109373, 0.4876036891177248367, -1.193800000000001305 ) ) ;
#2216 = FACE_BOUND ( 'NONE', #535, .T. ) ;
#2217 = VERTEX_POINT ( 'NONE', #330 ) ;
#2218 = ORIENTED_EDGE ( 'NONE', *, *, #739, .T. ) ;
#2219 = CARTESIAN_POINT ( 'NONE',  ( -4.003864655062202793, 0.4332664569959053247, -0.6574983142059571684 ) ) ;
#2220 = DIRECTION ( 'NONE',  ( 0.2588190451025229044, 0.9659258262890677571, 0.000000000000000000 ) ) ;
#2221 = DIRECTION ( 'NONE',  ( -0.2588190451025216832, 0.9659258262890679791, 0.000000000000000000 ) ) ;
#2222 = CIRCLE ( 'NONE', #234, 0.7874000000000007660 ) ;
#2223 = CARTESIAN_POINT ( 'NONE',  ( 4.503642882842083139, 0.5671816295241819406, 1.646945970920490332 ) ) ;
#2224 = EDGE_CURVE ( 'NONE', #432, #2533, #1473, .T. ) ;
#2225 = EDGE_LOOP ( 'NONE', ( #1849, #2289, #986, #1356 ) ) ;
#2226 = ORIENTED_EDGE ( 'NONE', *, *, #197, .T. ) ;
#2227 = CARTESIAN_POINT ( 'NONE',  ( -1.817444022473624798, 0.005192904073546007748, 0.3894885094357133370 ) ) ;
#2228 = CARTESIAN_POINT ( 'NONE',  ( 3.928775335262205903, 0.7467939465376867147, 1.354530703175464312 ) ) ;
#2229 = EDGE_LOOP ( 'NONE', ( #1585, #1332 ) ) ;
#2230 = EDGE_CURVE ( 'NONE', #999, #1311, #2339, .T. ) ;
#2231 = ORIENTED_EDGE ( 'NONE', *, *, #2068, .F. ) ;
#2232 = ORIENTED_EDGE ( 'NONE', *, *, #1328, .T. ) ;
#2233 = CIRCLE ( 'NONE', #1213, 0.4836956981340147510 ) ;
#2234 = EDGE_LOOP ( 'NONE', ( #1339, #1426, #2232, #2264, #2469 ) ) ;
#2235 = DIRECTION ( 'NONE',  ( -0.9659258262890677571, 0.2588190451025228489, 0.000000000000000000 ) ) ;
#2236 = CARTESIAN_POINT ( 'NONE',  ( -4.570313329268306468, 0.6163538759054439931, -1.193800000000001527 ) ) ;
#2237 = ORIENTED_EDGE ( 'NONE', *, *, #419, .T. ) ;
#2238 = VERTEX_POINT ( 'NONE', #431 ) ;
#2239 = CARTESIAN_POINT ( 'NONE',  ( 1.778000000000000025, -0.1524000000000000354, -0.4064000000000012047 ) ) ;
#2240 = FACE_OUTER_BOUND ( 'NONE', #2539, .T. ) ;
#2241 = EDGE_LOOP ( 'NONE', ( #1299, #1804, #1422 ) ) ;
#2242 =( BOUNDED_SURFACE ( )  B_SPLINE_SURFACE ( 3, 3, ( 
 ( #2183, #233, #847, #317 ),
 ( #1156, #1567, #1920, #1294 ),
 ( #2358, #2313, #1538, #2503 ),
 ( #778, #2483, #753, #1140 ) ),
 .UNSPECIFIED., .F., .F., .F. ) 
 B_SPLINE_SURFACE_WITH_KNOTS ( ( 4, 4 ),
 ( 4, 4 ),
 ( 0.000000000000000000, 1.000000000000000000 ),
 ( 0.000000000000000000, 1.000000000000000000 ),
 .UNSPECIFIED. ) 
 GEOMETRIC_REPRESENTATION_ITEM ( )  RATIONAL_B_SPLINE_SURFACE ( (
 ( 1.000000000000000000, 0.3333333333333335369, 0.3333333333333335369, 1.000000000000000000),
 ( 0.9427141906301189644, 0.3142380635433731917, 0.3142380635433731917, 0.9427141906301189644),
 ( 0.9427141906301189644, 0.3142380635433731917, 0.3142380635433731917, 0.9427141906301189644),
 ( 1.000000000000000000, 0.3333333333333335369, 0.3333333333333335369, 1.000000000000000000) ) ) 
 REPRESENTATION_ITEM ( '' )  SURFACE ( )  );
#2243 = ORIENTED_EDGE ( 'NONE', *, *, #173, .F. ) ;
#2244 = CARTESIAN_POINT ( 'NONE',  ( 4.676560697192710947, 0.7712909082371456337, 1.193800000000001749 ) ) ;
#2245 = CARTESIAN_POINT ( 'NONE',  ( -4.123128303524159044, 0.6596424732529481139, 1.193800000000001527 ) ) ;
#2246 = ORIENTED_EDGE ( 'NONE', *, *, #1059, .F. ) ;
#2247 = CARTESIAN_POINT ( 'NONE',  ( 4.570313329268307356, 0.6163538759054435490, 2.035287304133412523 ) ) ;
#2248 = CARTESIAN_POINT ( 'NONE',  ( 4.406616775308928702, 0.5411835623659388972, 0.6851196428872503574 ) ) ;
#2249 = ORIENTED_EDGE ( 'NONE', *, *, #1105, .F. ) ;
#2250 = ORIENTED_EDGE ( 'NONE', *, *, #769, .F. ) ;
#2251 = DIRECTION ( 'NONE',  ( 0.000000000000000000, 0.000000000000000000, 1.000000000000000000 ) ) ;
#2252 = PRESENTATION_STYLE_ASSIGNMENT (( #2304 ) ) ;
#2253 = CARTESIAN_POINT ( 'NONE',  ( 4.149597318605144025, 0.5608587641444070515, -1.193800000000001527 ) ) ;
#2254 = ORIENTED_EDGE ( 'NONE', *, *, #2536, .T. ) ;
#2255 = ORIENTED_EDGE ( 'NONE', *, *, #194, .T. ) ;
#2256 = AXIS2_PLACEMENT_3D ( 'NONE', #171, #960, #1343 ) ;
#2257 = CARTESIAN_POINT ( 'NONE',  ( -1.778000000000000025, -0.1523999999999999799, 1.981199999999999850 ) ) ;
#2258 = ORIENTED_EDGE ( 'NONE', *, *, #69, .T. ) ;
#2259 = CARTESIAN_POINT ( 'NONE',  ( -3.641833057229553638, 0.5069931490689214559, -2.202608121573947031 ) ) ;
#2260 = CARTESIAN_POINT ( 'NONE',  ( 4.590342470416724829, 0.7848321319641918814, 2.161191396268030029 ) ) ;
#2261 = CARTESIAN_POINT ( 'NONE',  ( -4.676560697192710059, 0.7712909082371457448, 2.320742766958468817 ) ) ;
#2262 = ORIENTED_EDGE ( 'NONE', *, *, #1828, .F. ) ;
#2263 = AXIS2_PLACEMENT_3D ( 'NONE', #2021, #825, #1016 ) ;
#2264 = ORIENTED_EDGE ( 'NONE', *, *, #415, .T. ) ;
#2265 = LINE ( 'NONE', #1076, #618 ) ;
#2266 = VERTEX_POINT ( 'NONE', #455 ) ;
#2267 = ORIENTED_EDGE ( 'NONE', *, *, #1614, .F. ) ;
#2268 = CARTESIAN_POINT ( 'NONE',  ( -3.627461596322116399, 0.3324095614416512356, -1.193800000000002415 ) ) ;
#2269 = PLANE ( 'NONE',  #91 ) ;
#2270 = CARTESIAN_POINT ( 'NONE',  ( -3.697448371588684779, 0.3511624612914300281, 1.471047430741767581 ) ) ;
#2271 = ORIENTED_EDGE ( 'NONE', *, *, #1890, .T. ) ;
#2272 = EDGE_CURVE ( 'NONE', #1654, #2266, #2373, .T. ) ;
#2273 = FACE_OUTER_BOUND ( 'NONE', #2340, .T. ) ;
#2274 = ORIENTED_EDGE ( 'NONE', *, *, #2506, .T. ) ;
#2275 = ORIENTED_EDGE ( 'NONE', *, *, #1940, .T. ) ;
#2276 = EDGE_CURVE ( 'NONE', #797, #1798, #625, .T. ) ;
#2277 = DIRECTION ( 'NONE',  ( -0.9659258262890677571, 0.2588190451025228489, 0.000000000000000000 ) ) ;
#2278 = CIRCLE ( 'NONE', #1505, 0.3048000000000000154 ) ;
#2279 = DIRECTION ( 'NONE',  ( 0.2588190451025215166, 0.9659258262890680902, -0.000000000000000000 ) ) ;
#2280 = ORIENTED_EDGE ( 'NONE', *, *, #1962, .T. ) ;
#2281 = ORIENTED_EDGE ( 'NONE', *, *, #69, .F. ) ;
#2282 = DIRECTION ( 'NONE',  ( -0.9659258262890679791, -0.2588190451025214611, 0.000000000000000000 ) ) ;
#2283 = ORIENTED_EDGE ( 'NONE', *, *, #2474, .T. ) ;
#2284 = LINE ( 'NONE', #1704, #587 ) ;
#2285 = VERTEX_POINT ( 'NONE', #2239 ) ;
#2286 = CARTESIAN_POINT ( 'NONE',  ( 4.149597318605144913, 0.5608587641444073846, 0.8230951424478751832 ) ) ;
#2287 = CARTESIAN_POINT ( 'NONE',  ( 3.655914136631592815, 0.5344528145417056786, 2.161191396268031806 ) ) ;
#2288 = DIRECTION ( 'NONE',  ( -0.9659258262890680902, -0.2588190451025215166, 0.000000000000000000 ) ) ;
#2289 = ORIENTED_EDGE ( 'NONE', *, *, #1524, .F. ) ;
#2290 = CARTESIAN_POINT ( 'NONE',  ( -4.149597318605144025, 0.5608587641444070515, 1.193800000000001527 ) ) ;
#2291 = ORIENTED_EDGE ( 'NONE', *, *, #546, .T. ) ;
#2292 = COLOUR_RGB ( '',0.6470588235294117974, 0.6196078431372549211, 0.5882352941176470784 ) ;
#2293 = ORIENTED_EDGE ( 'NONE', *, *, #2512, .F. ) ;
#2294 = ORIENTED_EDGE ( 'NONE', *, *, #1032, .F. ) ;
#2295 = CARTESIAN_POINT ( 'NONE',  ( 4.616266875627989208, 0.7680919037863583876, 0.1849918784260561055 ) ) ;
#2296 = CARTESIAN_POINT ( 'NONE',  ( -4.716004719676959667, 0.6240838122710344882, 1.193800000000001083 ) ) ;
#2297 = ORIENTED_EDGE ( 'NONE', *, *, #2189, .T. ) ;
#2298 = CIRCLE ( 'NONE', #2263, 0.3707048575521265099 ) ;
#2299 = EDGE_LOOP ( 'NONE', ( #1737, #911, #1309 ) ) ;
#2300 = DIRECTION ( 'NONE',  ( -1.000000000000000000, 0.000000000000000000, 0.000000000000000000 ) ) ;
#2301 = ADVANCED_FACE ( 'NONE', ( #2332 ), #894, .F. ) ;
#2302 = ORIENTED_EDGE ( 'NONE', *, *, #1227, .T. ) ;
#2303 = FACE_OUTER_BOUND ( 'NONE', #560, .T. ) ;
#2304 = SURFACE_STYLE_USAGE ( .BOTH. , #1897 ) ;
#2305 = EDGE_LOOP ( 'NONE', ( #1447, #136, #940 ) ) ;
#2306 = DIRECTION ( 'NONE',  ( 0.000000000000000000, 0.000000000000000000, 1.000000000000000000 ) ) ;
#2307 = VERTEX_POINT ( 'NONE', #1067 ) ;
#2308 = SURFACE_STYLE_FILL_AREA ( #1186 ) ;
#2309 = AXIS2_PLACEMENT_3D ( 'NONE', #2154, #376, #59 ) ;
#2310 = ORIENTED_EDGE ( 'NONE', *, *, #877, .T. ) ;
#2311 = CARTESIAN_POINT ( 'NONE',  ( -4.646752689049465701, 0.7633038765271823456, -1.193800000000001971 ) ) ;
#2312 = CARTESIAN_POINT ( 'NONE',  ( 4.646752689049465701, 0.7633038765271823456, -0.1285762746738789430 ) ) ;
#2313 = CARTESIAN_POINT ( 'NONE',  ( -4.646752689049465701, 0.7633038765271823456, 0.1285762746738789430 ) ) ;
#2314 = CARTESIAN_POINT ( 'NONE',  ( -4.251350811753535908, 1.013811622057485096, 1.403521421503345357 ) ) ;
#2315 = FACE_OUTER_BOUND ( 'NONE', #1369, .T. ) ;
#2316 = ORIENTED_EDGE ( 'NONE', *, *, #1569, .F. ) ;
#2317 = EDGE_CURVE ( 'NONE', #18, #2217, #2320, .T. ) ;
#2318 = CARTESIAN_POINT ( 'NONE',  ( -4.043175295705914607, 0.9580311606485923948, 1.403521421503345579 ) ) ;
#2319 = CARTESIAN_POINT ( 'NONE',  ( -3.588017573848492070, 0.4796166573681051593, 1.193800000000001527 ) ) ;
#2320 = CIRCLE ( 'NONE', #296, 0.6523999999999999799 ) ;
#2321 = FACE_OUTER_BOUND ( 'NONE', #2305, .T. ) ;
#2322 = VERTEX_POINT ( 'NONE', #1243 ) ;
#2323 = CARTESIAN_POINT ( 'NONE',  ( -1.778000000000000025, 0.1523999999999992305, 0.3894885094357133370 ) ) ;
#2324 = DIRECTION ( 'NONE',  ( -0.2588190451025215166, 0.9659258262890680902, -0.000000000000000000 ) ) ;
#2325 = EDGE_CURVE ( 'NONE', #1658, #1464, #1815, .T. ) ;
#2326 = CIRCLE ( 'NONE', #873, 0.4836956981340151396 ) ;
#2327 = CARTESIAN_POINT ( 'NONE',  ( -3.570295953401415812, 0.5741520487208915391, -0.9840785784966583627 ) ) ;
#2328 = FACE_OUTER_BOUND ( 'NONE', #374, .T. ) ;
#2329 = CARTESIAN_POINT ( 'NONE',  ( -4.123688280727457744, 0.6231491906215796961, -1.193799999999971773 ) ) ;
#2330 = CARTESIAN_POINT ( 'NONE',  ( -4.410976291918441206, 0.8062579110749241718, 1.033069296824538963 ) ) ;
#2331 = VERTEX_POINT ( 'NONE', #916 ) ;
#2332 = FACE_OUTER_BOUND ( 'NONE', #1470, .T. ) ;
#2333 = FACE_BOUND ( 'NONE', #610, .T. ) ;
#2334 = ADVANCED_FACE ( 'NONE', ( #1459 ), #2123, .F. ) ;
#2335 = EDGE_LOOP ( 'NONE', ( #1362, #845, #1650, #2271, #1841 ) ) ;
#2336 = CARTESIAN_POINT ( 'NONE',  ( 1.856888044947248462, -0.1420141918529080061, -1.981199999999999850 ) ) ;
#2337 = DIRECTION ( 'NONE',  ( -0.9659258262890680902, -0.2588190451025216832, 0.000000000000000000 ) ) ;
#2338 = CARTESIAN_POINT ( 'NONE',  ( 4.439533611641086175, 0.5500036020785277202, -1.684815742118698445 ) ) ;
#2339 = LINE ( 'NONE', #1020, #1455 ) ;
#2340 = EDGE_LOOP ( 'NONE', ( #2169, #2165, #1708, #474, #2209 ) ) ;
#2341 = CARTESIAN_POINT ( 'NONE',  ( -3.667674287902615848, 0.7664174000623504845, 1.403521421503345801 ) ) ;
#2342 = CARTESIAN_POINT ( 'NONE',  ( -4.337631315160280998, 0.5669441899801030971, -0.8197511627193241335 ) ) ;
#2343 = VECTOR ( 'NONE', #1621, 1000.000000000000000 ) ;
#2344 = VERTEX_POINT ( 'NONE', #113 ) ;
#2345 = CARTESIAN_POINT ( 'NONE',  ( 3.791523922764734156, 0.4649132868978996247, 1.935209715104254879 ) ) ;
#2346 = AXIS2_PLACEMENT_3D ( 'NONE', #1377, #2387, #1397 ) ;
#2347 = LINE ( 'NONE', #748, #2366 ) ;
#2348 = CARTESIAN_POINT ( 'NONE',  ( 4.368475062229300043, 0.6675827368833647801, 1.681858922883829877 ) ) ;
#2349 = FACE_BOUND ( 'NONE', #568, .T. ) ;
#2350 = CARTESIAN_POINT ( 'NONE',  ( -4.643977934190091972, 0.6047842933089222495, -2.171607536248343351 ) ) ;
#2351 = CARTESIAN_POINT ( 'NONE',  ( -4.643977934190091972, 0.6047842933089224715, 0.2159924637516595913 ) ) ;
#2352 = EDGE_CURVE ( 'NONE', #1741, #114, #2486, .T. ) ;
#2353 = FACE_OUTER_BOUND ( 'NONE', #2487, .T. ) ;
#2354 = FACE_OUTER_BOUND ( 'NONE', #572, .T. ) ;
#2355 = DIRECTION ( 'NONE',  ( -1.182917971378669595E-16, 3.169619151431774186E-17, -1.000000000000000000 ) ) ;
#2356 = DIRECTION ( 'NONE',  ( 0.9659258262890680902, -0.2588190451025213501, -1.169881808018175178E-15 ) ) ;
#2357 = CARTESIAN_POINT ( 'NONE',  ( 4.236437919264543162, 0.2367652303237330058, 1.193800000000001527 ) ) ;
#2358 = CARTESIAN_POINT ( 'NONE',  ( -4.646752689049464813, 0.7633038765271823456, 1.193800000000001305 ) ) ;
#2359 = FACE_OUTER_BOUND ( 'NONE', #1043, .T. ) ;
#2360 = CARTESIAN_POINT ( 'NONE',  ( -3.940443110512620972, 0.3866803413729078542, 1.567848837280678920 ) ) ;
#2361 = EDGE_CURVE ( 'NONE', #1311, #381, #1498, .T. ) ;
#2362 = PRODUCT_DEFINITION ( 'UNKNOWN', '', #1143, #1152 ) ;
#2363 = LINE ( 'NONE', #1836, #1491 ) ;
#2364 = ADVANCED_FACE ( 'NONE', ( #2353 ), #754, .T. ) ;
#2365 = B_SPLINE_CURVE_WITH_KNOTS ( 'NONE', 3,
 ( #866, #5, #1034, #827, #852, #451, #2192, #693, #1801, #1066, #254, #21, #1838, #1438, #406, #1412, #368, #1242, #387, #213, #1487, #52, #1462, #1002, #681, #1018, #203, #1051, #1194, #1224 ),
 .UNSPECIFIED., .F., .F.,
 ( 4, 1, 2, 2, 2, 1, 2, 2, 2, 1, 2, 2, 2, 1, 2, 2, 4 ),
 ( 0.000000000000000000, 0.06249999999999956979, 0.09374999999999954203, 0.1249999999999995282, 0.2499999999999991118, 0.3124999999999988898, 0.3437499999999983902, 0.3749999999999985012, 0.4999999999999974465, 0.5624999999999968914, 0.5937499999999972244, 0.6249999999999976685, 0.7499999999999981126, 0.8124999999999984457, 0.8437499999999986677, 0.8749999999999988898, 1.000000000000000000 ),
 .UNSPECIFIED. ) ;
#2366 = VECTOR ( 'NONE', #1929, 1000.000000000000114 ) ;
#2367 = CARTESIAN_POINT ( 'NONE',  ( 4.507670714445553450, 0.6568042413909146449, -1.193800000000001305 ) ) ;
#2368 = VECTOR ( 'NONE', #516, 1000.000000000000000 ) ;
#2369 = CARTESIAN_POINT ( 'NONE',  ( -3.667674287902615404, 0.7664174000623505956, -0.9840785784966582517 ) ) ;
#2370 = FACE_OUTER_BOUND ( 'NONE', #804, .T. ) ;
#2371 = CARTESIAN_POINT ( 'NONE',  ( 4.088321254979879527, 0.7895441468817187003, 1.354530703175464534 ) ) ;
#2372 = CARTESIAN_POINT ( 'NONE',  ( -4.163132303201082074, 0.4759420946951258835, 1.981199999999972094 ) ) ;
#2373 = LINE ( 'NONE', #1005, #697 ) ;
#2374 = FACE_BOUND ( 'NONE', #1690, .T. ) ;
#2375 = CARTESIAN_POINT ( 'NONE',  ( 3.725395304786832007, 0.3586508194728000865, -1.520483893310485612 ) ) ;
#2376 = CARTESIAN_POINT ( 'NONE',  ( -4.123128303524159044, 0.6596424732529481139, 1.193800000000001527 ) ) ;
#2377 = FACE_OUTER_BOUND ( 'NONE', #1835, .T. ) ;
#2378 = CARTESIAN_POINT ( 'NONE',  ( -4.123128303524159932, 0.6596424732529483359, 1.677495698134016777 ) ) ;
#2379 = ADVANCED_FACE ( 'NONE', ( #1556 ), #736, .T. ) ;
#2380 = AXIS2_PLACEMENT_3D ( 'NONE', #2393, #1892, #2551 ) ;
#2381 = CARTESIAN_POINT ( 'NONE',  ( 3.834999779658292862, 0.9022506992397001380, 0.9840785784966582517 ) ) ;
#2382 =( LENGTH_UNIT ( ) NAMED_UNIT ( * ) SI_UNIT ( .MILLI., .METRE. ) );
#2383 = LINE ( 'NONE', #1655, #1496 ) ;
#2384 = EDGE_CURVE ( 'NONE', #1405, #185, #1465, .T. ) ;
#2385 = CARTESIAN_POINT ( 'NONE',  ( -4.507670714445553450, 0.6568042413909146449, 1.193800000000001305 ) ) ;
#2386 = CIRCLE ( 'NONE', #31, 0.4836956981340147510 ) ;
#2387 = DIRECTION ( 'NONE',  ( 0.000000000000000000, 0.000000000000000000, 1.000000000000000000 ) ) ;
#2388 = CARTESIAN_POINT ( 'NONE',  ( 4.058062120339282153, 0.5324683299531571823, -1.567848837280679364 ) ) ;
#2389 = CARTESIAN_POINT ( 'NONE',  ( 3.955386035220100904, 0.4202766499590387950, -0.6764676653315653265 ) ) ;
#2390 = EDGE_CURVE ( 'NONE', #1675, #2217, #2326, .T. ) ;
#2391 = CARTESIAN_POINT ( 'NONE',  ( -4.716004719666333500, 0.6240838123106916546, 1.193800000000001305 ) ) ;
#2392 = CARTESIAN_POINT ( 'NONE',  ( -4.150563231539367237, 0.5572539279982019478, -0.8197511627193242445 ) ) ;
#2393 = CARTESIAN_POINT ( 'NONE',  ( 4.123128303524159044, 0.6596424732529481139, -1.193800000000001527 ) ) ;
#2394 = CARTESIAN_POINT ( 'NONE',  ( 3.839823433188974011, 0.3893117440695588183, 0.7406540290794553227 ) ) ;
#2395 = DIRECTION ( 'NONE',  ( 0.000000000000000000, 0.000000000000000000, -1.000000000000000000 ) ) ;
#2396 = CARTESIAN_POINT ( 'NONE',  ( 4.088321254979879527, 0.7895441468817187003, 1.033069296824539185 ) ) ;
#2397 = CARTESIAN_POINT ( 'NONE',  ( -3.627461596311489789, 0.3324095614813084021, -0.06685723304153554092 ) ) ;
#2398 = ADVANCED_FACE ( 'NONE', ( #1450 ), #359, .T. ) ;
#2399 = CARTESIAN_POINT ( 'NONE',  ( -4.590342470416725718, 0.7848321319641919924, -0.2264086037319712197 ) ) ;
#2400 = CARTESIAN_POINT ( 'NONE',  ( 4.123688280727459521, 0.6231491906215772536, -1.193799999999971773 ) ) ;
#2401 = CARTESIAN_POINT ( 'NONE',  ( 4.549284681807304054, 0.7159624548527880883, -1.354530703175464534 ) ) ;
#2402 = AXIS2_PLACEMENT_3D ( 'NONE', #544, #500, #752 ) ;
#2403 = CARTESIAN_POINT ( 'NONE',  ( -3.627461596311489789, 0.3324095614813084021, 1.193800000000001527 ) ) ;
#2404 = DIRECTION ( 'NONE',  ( -0.2588190451025216277, -0.9659258262890680902, 0.000000000000000000 ) ) ;
#2405 = AXIS2_PLACEMENT_3D ( 'NONE', #2531, #1351, #910 ) ;
#2406 = CARTESIAN_POINT ( 'NONE',  ( -3.906681645934128699, 0.5438455639170630684, 1.681858922883829877 ) ) ;
#2407 = CARTESIAN_POINT ( 'NONE',  ( 3.667674287902615404, 0.7664174000623505956, 1.403521421503344691 ) ) ;
#2408 = CARTESIAN_POINT ( 'NONE',  ( 1.778000000000000025, 0.1523999999999999244, 0.4064000000000009827 ) ) ;
#2409 = AXIS2_PLACEMENT_3D ( 'NONE', #2437, #773, #760 ) ;
#2410 = FACE_OUTER_BOUND ( 'NONE', #1696, .T. ) ;
#2411 = EDGE_CURVE ( 'NONE', #2217, #2485, #663, .T. ) ;
#2412 = VECTOR ( 'NONE', #1731, 1000.000000000000114 ) ;
#2413 = ADVANCED_FACE ( 'NONE', ( #639 ), #643, .T. ) ;
#2414 = CARTESIAN_POINT ( 'NONE',  ( 4.043175295705914607, 0.9580311606485923948, -1.403521421503345579 ) ) ;
#2415 = DIRECTION ( 'NONE',  ( -0.2588190451025217387, 0.9659258262890680902, 0.000000000000000000 ) ) ;
#2416 = CARTESIAN_POINT ( 'NONE',  ( 1.778000000000000025, 0.1523999999999999244, 0.4064000000000012047 ) ) ;
#2417 = DIRECTION ( 'NONE',  ( 0.2588190451025215166, 0.9659258262890680902, -0.000000000000000000 ) ) ;
#2418 = CARTESIAN_POINT ( 'NONE',  ( -4.163132303201082074, 0.4759420946951258280, -1.981199999999999850 ) ) ;
#2419 = CIRCLE ( 'NONE', #495, 0.5000000000000000000 ) ;
#2420 = CARTESIAN_POINT ( 'NONE',  ( -3.699488381787732205, 0.3517090804830772521, -0.2159924637516561496 ) ) ;
#2421 = CARTESIAN_POINT ( 'NONE',  ( -4.590342470416725718, 0.7848321319641917704, -1.193800000000001749 ) ) ;
#2422 = COLOUR_RGB ( '',0.6470588235294117974, 0.6196078431372549211, 0.5882352941176470784 ) ;
#2423 = AXIS2_PLACEMENT_3D ( 'NONE', #275, #2471, #724 ) ;
#2424 = DIRECTION ( 'NONE',  ( 0.000000000000000000, 0.000000000000000000, 1.000000000000000000 ) ) ;
#2425 = CARTESIAN_POINT ( 'NONE',  ( 4.123128303524159044, 0.6596424732529481139, -1.193800000000001527 ) ) ;
#2426 = CARTESIAN_POINT ( 'NONE',  ( -4.163132303201082074, 0.4759420946951258835, -0.4063999999999712842 ) ) ;
#2427 = EDGE_CURVE ( 'NONE', #622, #2498, #1510, .T. ) ;
#2428 = DIRECTION ( 'NONE',  ( 1.182917971378669595E-16, 3.169619151431774186E-17, 1.000000000000000000 ) ) ;
#2429 = DIRECTION ( 'NONE',  ( -0.2588190451025216277, -0.9659258262890680902, 0.000000000000000000 ) ) ;
#2430 = CARTESIAN_POINT ( 'NONE',  ( 3.617825581981110705, 0.4876036891177242816, 2.259023725326126275 ) ) ;
#2431 = CARTESIAN_POINT ( 'NONE',  ( 3.560168644584834396, 0.5835502763164661655, -1.193800000000001527 ) ) ;
#2432 =( BOUNDED_SURFACE ( )  B_SPLINE_SURFACE ( 3, 3, ( 
 ( #258, #855, #287, #1876 ),
 ( #1089, #2228, #835, #1989 ),
 ( #1429, #1669, #399, #848 ),
 ( #2048, #1831, #718, #689 ) ),
 .UNSPECIFIED., .F., .F., .F. ) 
 B_SPLINE_SURFACE_WITH_KNOTS ( ( 4, 4 ),
 ( 4, 4 ),
 ( 0.000000000000000000, 1.000000000000000000 ),
 ( 0.000000000000000000, 1.000000000000000000 ),
 .UNSPECIFIED. ) 
 GEOMETRIC_REPRESENTATION_ITEM ( )  RATIONAL_B_SPLINE_SURFACE ( (
 ( 1.000000000000000000, 0.9420348673768949022, 0.9420348673768949022, 1.000000000000000000),
 ( 0.7757257530573673510, 0.7307607069022389323, 0.7307607069022389323, 0.7757257530573673510),
 ( 0.7757257530573673510, 0.7307607069022389323, 0.7307607069022389323, 0.7757257530573673510),
 ( 1.000000000000000000, 0.9420348673768949022, 0.9420348673768949022, 1.000000000000000000) ) ) 
 REPRESENTATION_ITEM ( '' )  SURFACE ( )  );
#2433 = EDGE_CURVE ( 'NONE', #1268, #1345, #706, .T. ) ;
#2434 = SURFACE_STYLE_FILL_AREA ( #628 ) ;
#2435 = CARTESIAN_POINT ( 'NONE',  ( 4.507670714445553450, 0.6568042413909146449, -1.193800000000001305 ) ) ;
#2436 = DIRECTION ( 'NONE',  ( -0.9659258262890680902, -0.2588190451025214611, 0.000000000000000000 ) ) ;
#2437 = CARTESIAN_POINT ( 'NONE',  ( 4.123128303524159044, 0.6596424732529486690, 1.193800000000001527 ) ) ;
#2438 = ORIENTED_EDGE ( 'NONE', *, *, #904, .F. ) ;
#2439 = DIRECTION ( 'NONE',  ( 0.000000000000000000, 0.000000000000000000, 1.000000000000000000 ) ) ;
#2440 = ORIENTED_EDGE ( 'NONE', *, *, #1000, .F. ) ;
#2441 = DIRECTION ( 'NONE',  ( 0.000000000000000000, 0.000000000000000000, -1.000000000000000000 ) ) ;
#2442 = CARTESIAN_POINT ( 'NONE',  ( 4.646752689049465701, 0.7633038765271823456, 1.193800000000001971 ) ) ;
#2443 = DIRECTION ( 'NONE',  ( 0.000000000000000000, 0.000000000000000000, 1.000000000000000000 ) ) ;
#2444 = AXIS2_PLACEMENT_3D ( 'NONE', #1822, #1998, #1068 ) ;
#2445 = CARTESIAN_POINT ( 'NONE',  ( -3.725395304786733419, 0.3586508194727737742, -0.8671161066895384240 ) ) ;
#2446 = CARTESIAN_POINT ( 'NONE',  ( -4.711227940814300297, 0.6228038781686067171, -1.105334236656874358 ) ) ;
#2447 = CARTESIAN_POINT ( 'NONE',  ( 3.627461596311489345, 0.3324095614813080135, 2.320742766958468817 ) ) ;
#2448 = EDGE_CURVE ( 'NONE', #114, #1741, #698, .T. ) ;
#2449 = CARTESIAN_POINT ( 'NONE',  ( 3.757499009711480209, 0.3985609353837388791, 0.3523126958665872555 ) ) ;
#2450 = CARTESIAN_POINT ( 'NONE',  ( -3.560168644584834396, 0.5835502763164661655, 1.193800000000001527 ) ) ;
#2451 = CARTESIAN_POINT ( 'NONE',  ( 4.163132303201083850, 0.4759420946951233855, 0.4063999999999857171 ) ) ;
#2452 = EDGE_CURVE ( 'NONE', #594, #2307, #1842, .T. ) ;
#2453 = AXIS2_PLACEMENT_3D ( 'NONE', #1551, #1719, #158 ) ;
#2454 = DIRECTION ( 'NONE',  ( 0.000000000000000000, -0.000000000000000000, -1.000000000000000000 ) ) ;
#2455 = CARTESIAN_POINT ( 'NONE',  ( -4.123688280727457744, 0.6231491906215796961, -1.193799999999971773 ) ) ;
#2456 = CARTESIAN_POINT ( 'NONE',  ( -4.530167627923679774, 0.5742889135482381890, -0.7679574616856249536 ) ) ;
#2457 = DIRECTION ( 'NONE',  ( 0.000000000000000000, -0.000000000000000000, -1.000000000000000000 ) ) ;
#2458 = CARTESIAN_POINT ( 'NONE',  ( 4.507670714445554339, 0.6568042413909148669, 0.4523902848957475631 ) ) ;
#2459 = DIRECTION ( 'NONE',  ( -0.000000000000000000, -0.000000000000000000, -1.000000000000000000 ) ) ;
#2460 = DIRECTION ( 'NONE',  ( 0.000000000000000000, -0.000000000000000000, -1.000000000000000000 ) ) ;
#2461 = DIRECTION ( 'NONE',  ( -0.2588190451025215166, 0.9659258262890680902, -0.000000000000000000 ) ) ;
#2462 = CARTESIAN_POINT ( 'NONE',  ( 3.560168644584834396, 0.5835502763164661655, -1.193800000000001527 ) ) ;
#2463 = DIRECTION ( 'NONE',  ( 0.9659258262890679791, 0.2588190451025217387, 0.000000000000000000 ) ) ;
#2464 = EDGE_LOOP ( 'NONE', ( #976, #1452, #1855, #47, #512 ) ) ;
#2465 = CARTESIAN_POINT ( 'NONE',  ( 4.616266875627989208, 0.7680919037863580545, 2.202608121573945255 ) ) ;
#2466 = CARTESIAN_POINT ( 'NONE',  ( -4.507670714445553450, 0.6568042413909146449, 1.193800000000001305 ) ) ;
#2467 = CARTESIAN_POINT ( 'NONE',  ( 4.163132303201083850, 0.4759420946951233855, 0.4064000000000007051 ) ) ;
#2468 = DIRECTION ( 'NONE',  ( 1.000000000000000000, 0.000000000000000000, -0.000000000000000000 ) ) ;
#2469 = ORIENTED_EDGE ( 'NONE', *, *, #289, .F. ) ;
#2470 = CARTESIAN_POINT ( 'NONE',  ( 4.646752689049465701, 0.7633038765271826787, 0.1285762746738783047 ) ) ;
#2471 = DIRECTION ( 'NONE',  ( 0.000000000000000000, 0.000000000000000000, 1.000000000000000000 ) ) ;
#2472 = EDGE_CURVE ( 'NONE', #641, #816, #2490, .T. ) ;
#2473 = CARTESIAN_POINT ( 'NONE',  ( 1.856888044947248240, -0.1420141918529079783, 1.981199999999999850 ) ) ;
#2474 = EDGE_CURVE ( 'NONE', #738, #1442, #650, .T. ) ;
#2475 = CARTESIAN_POINT ( 'NONE',  ( 1.778000000000000025, 0.1523999999999999244, -0.3894885094357126709 ) ) ;
#2476 = CARTESIAN_POINT ( 'NONE',  ( 4.123128303524159044, 0.6596424732529486690, 1.193800000000001527 ) ) ;
#2477 = CARTESIAN_POINT ( 'NONE',  ( -4.247867174697553594, 0.8322943472257496866, 1.354530703175464090 ) ) ;
#2478 = ORIENTED_EDGE ( 'NONE', *, *, #2390, .T. ) ;
#2479 = CARTESIAN_POINT ( 'NONE',  ( -1.817444022473624798, 0.005192904073546169945, -0.4064000000000012047 ) ) ;
#2480 = CARTESIAN_POINT ( 'NONE',  ( -4.676560697192710059, 0.7712909082371453007, -2.320742766958467040 ) ) ;
#2481 = DIRECTION ( 'NONE',  ( 1.000000000000000000, 2.667820306312756818E-15, 0.000000000000000000 ) ) ;
#2482 = DIRECTION ( 'NONE',  ( 0.000000000000000000, 0.000000000000000000, -1.000000000000000000 ) ) ;
#2483 = CARTESIAN_POINT ( 'NONE',  ( -4.676560697192710059, 0.7712909082371453007, 0.06685723304153640134 ) ) ;
#2484 = CARTESIAN_POINT ( 'NONE',  ( -4.464175587903350007, 0.9798392801678870168, 1.403521421503345357 ) ) ;
#2485 = VERTEX_POINT ( 'NONE', #60 ) ;
#2486 =( BOUNDED_CURVE ( )  B_SPLINE_CURVE ( 3, ( #1109, #1568, #1889, #722 ),
 .UNSPECIFIED., .F., .F. ) 
 B_SPLINE_CURVE_WITH_KNOTS ( ( 4, 4 ),
 ( 0.000000000000000000, 1.000000000000000000 ),
 .UNSPECIFIED. ) 
 CURVE ( )  GEOMETRIC_REPRESENTATION_ITEM ( )  RATIONAL_B_SPLINE_CURVE ( ( 1.000000000000000000, 0.3333333333333335369, 0.3333333333333335369, 1.000000000000000000 ) ) 
 REPRESENTATION_ITEM ( '' )  );
#2487 = EDGE_LOOP ( 'NONE', ( #19, #578, #1870, #909, #2274, #1350, #23, #141, #2151, #2108, #518, #2294 ) ) ;
#2488 = CARTESIAN_POINT ( 'NONE',  ( -3.850223892805035408, 0.4323744672206956685, 1.681858922883830099 ) ) ;
#2489 = CARTESIAN_POINT ( 'NONE',  ( 4.507670714445553450, 0.6568042413909146449, -1.193800000000001527 ) ) ;
#2490 =( BOUNDED_CURVE ( )  B_SPLINE_CURVE ( 3, ( #2524, #1664, #78, #1715 ),
 .UNSPECIFIED., .F., .F. ) 
 B_SPLINE_CURVE_WITH_KNOTS ( ( 4, 4 ),
 ( 0.000000000000000000, 1.000000000000000000 ),
 .UNSPECIFIED. ) 
 CURVE ( )  GEOMETRIC_REPRESENTATION_ITEM ( )  RATIONAL_B_SPLINE_CURVE ( ( 1.000000000000000000, 0.3333333333333332038, 0.3333333333333332038, 1.000000000000000000 ) ) 
 REPRESENTATION_ITEM ( '' )  );
#2491 = EDGE_LOOP ( 'NONE', ( #554, #874, #1225, #2172 ) ) ;
#2492 = CARTESIAN_POINT ( 'NONE',  ( 4.487285567596610569, 0.5627987001138163858, 0.7317170521368817626 ) ) ;
#2493 = VERTEX_POINT ( 'NONE', #1114 ) ;
#2494 = CARTESIAN_POINT ( 'NONE',  ( -4.003693176826861766, 0.6225986347202058235, -0.7057410771161739538 ) ) ;
#2495 = DIRECTION ( 'NONE',  ( -0.2588190451025229044, -0.9659258262890677571, -0.000000000000000000 ) ) ;
#2496 = CARTESIAN_POINT ( 'NONE',  ( -4.417819387507435636, 0.5145929292794445553, 1.567848837280678920 ) ) ;
#2497 = CARTESIAN_POINT ( 'NONE',  ( -1.778000000000000025, -0.1523999999999999799, 0.000000000000000000 ) ) ;
#2498 = VERTEX_POINT ( 'NONE', #246 ) ;
#2499 =( GEOMETRIC_REPRESENTATION_CONTEXT ( 3 ) GLOBAL_UNCERTAINTY_ASSIGNED_CONTEXT ( ( #162 ) ) GLOBAL_UNIT_ASSIGNED_CONTEXT ( ( #120, #702, #878 ) ) REPRESENTATION_CONTEXT ( 'NONE', 'WORKASPACE' ) );
#2500 = DIRECTION ( 'NONE',  ( -1.000000000000000000, 0.000000000000000000, -0.000000000000000000 ) ) ;
#2501 = VERTEX_POINT ( 'NONE', #961 ) ;
#2502 = CARTESIAN_POINT ( 'NONE',  ( 3.560168644584834396, 0.5835502763164661655, 1.193800000000001527 ) ) ;
#2503 = CARTESIAN_POINT ( 'NONE',  ( -3.617825581981111593, 0.4876036891177245591, 1.193800000000001305 ) ) ;
#2504 = EDGE_LOOP ( 'NONE', ( #1363, #1233, #361, #2060, #2262, #1716 ) ) ;
#2505 = ORIENTED_EDGE ( 'NONE', *, *, #1063, .F. ) ;
#2506 = EDGE_CURVE ( 'NONE', #839, #1457, #1494, .T. ) ;
#2507 = DIRECTION ( 'NONE',  ( -1.000000000000000000, -2.667820306312767862E-15, 0.000000000000000000 ) ) ;
#2508 = CARTESIAN_POINT ( 'NONE',  ( -4.648711767939678552, 0.8752245271458490850, -1.193800000000001527 ) ) ;
#2509 = VERTEX_POINT ( 'NONE', #1912 ) ;
#2510 = CARTESIAN_POINT ( 'NONE',  ( 4.716004719666333500, 0.6240838123106912105, -0.06685723304153835811 ) ) ;
#2511 = CARTESIAN_POINT ( 'NONE',  ( 4.643977934190091972, 0.6047842933089226936, 1.193800000000001749 ) ) ;
#2512 = EDGE_CURVE ( 'NONE', #1821, #2509, #2419, .T. ) ;
#2513 = CARTESIAN_POINT ( 'NONE',  ( 4.245084076614602964, 0.6872791313785530098, 1.681858922883829877 ) ) ;
#2514 = CARTESIAN_POINT ( 'NONE',  ( -4.243064342739452321, 0.5820395260432456030, 0.8197511627193243555 ) ) ;
#2515 = VERTEX_POINT ( 'NONE', #1926 ) ;
#2516 = CARTESIAN_POINT ( 'NONE',  ( -4.245084076614602964, 0.6872791313785530098, -1.681858922883829877 ) ) ;
#2517 = EDGE_LOOP ( 'NONE', ( #2226, #529, #92, #1323 ) ) ;
#2518 = CARTESIAN_POINT ( 'NONE',  ( 3.655914136631593703, 0.5344528145417049014, -1.193800000000001305 ) ) ;
#2519 = CARTESIAN_POINT ( 'NONE',  ( -3.791523922764734600, 0.4649132868978996802, -1.193800000000001527 ) ) ;
#2520 = CARTESIAN_POINT ( 'NONE',  ( -4.088321254979879527, 0.7895441468817183672, 1.354530703175464312 ) ) ;
#2521 = CARTESIAN_POINT ( 'NONE',  ( -4.410976291918440317, 0.8062579110749243938, -1.354530703175464312 ) ) ;
#2522 = ORIENTED_EDGE ( 'NONE', *, *, #1483, .T. ) ;
#2523 = CARTESIAN_POINT ( 'NONE',  ( 4.570313329268308244, 0.6163538759054438820, -1.193800000000001527 ) ) ;
#2524 = CARTESIAN_POINT ( 'NONE',  ( -4.676560697203335337, 0.7712909081974884673, 1.193800000000001305 ) ) ;
#2525 = AXIS2_PLACEMENT_3D ( 'NONE', #2093, #2355, #2126 ) ;
#2526 = DIRECTION ( 'NONE',  ( 1.000000000000000000, 0.000000000000000000, 0.000000000000000000 ) ) ;
#2527 = CARTESIAN_POINT ( 'NONE',  ( 4.243064342739452321, 0.5820395260432461582, 0.8197511627193241335 ) ) ;
#2528 = CARTESIAN_POINT ( 'NONE',  ( -4.243064342739452321, 0.5820395260432456030, 1.567848837280678920 ) ) ;
#2529 = ADVANCED_FACE ( 'NONE', ( #2359 ), #1116, .T. ) ;
#2530 = EDGE_LOOP ( 'NONE', ( #1389, #565, #1344, #543 ) ) ;
#2531 = CARTESIAN_POINT ( 'NONE',  ( 1.778000000000000025, 0.1523999999999999244, -2.777088509435713615 ) ) ;
#2532 = EDGE_CURVE ( 'NONE', #424, #193, #717, .T. ) ;
#2533 = VERTEX_POINT ( 'NONE', #134 ) ;
#2534 = CARTESIAN_POINT ( 'NONE',  ( -4.163132303201082074, 0.4759420946951258835, 1.193799999999971773 ) ) ;
#2535 = CARTESIAN_POINT ( 'NONE',  ( 4.716004719676959667, 0.6240838122710344882, -1.193800000000001305 ) ) ;
#2536 = EDGE_CURVE ( 'NONE', #1311, #1260, #1570, .T. ) ;
#2537 = PRODUCT_RELATED_PRODUCT_CATEGORY ( 'part', '', ( #169 ) ) ;
#2538 = EDGE_CURVE ( 'NONE', #1457, #569, #1436, .T. ) ;
#2539 = EDGE_LOOP ( 'NONE', ( #1358, #6, #1752, #366 ) ) ;
#2540 = CARTESIAN_POINT ( 'NONE',  ( 3.757499009711481985, 0.3985609353837387681, -0.3523126958665904751 ) ) ;
#2541 = CARTESIAN_POINT ( 'NONE',  ( 4.473104459027870128, 0.5992748119211465108, 0.7057410771161738428 ) ) ;
#2542 = CARTESIAN_POINT ( 'NONE',  ( 4.410976291918440317, 0.8062579110749241718, 1.033069296824538963 ) ) ;
#2543 = VERTEX_POINT ( 'NONE', #1977 ) ;
#2544 = CARTESIAN_POINT ( 'NONE',  ( -4.570313329268308244, 0.6163538759054435490, 0.3523126958665887543 ) ) ;
#2545 = CARTESIAN_POINT ( 'NONE',  ( 3.667674287902615848, 0.7664174000623504845, -0.9840785784966578076 ) ) ;
#2546 = EDGE_LOOP ( 'NONE', ( #1381, #1832, #523 ) ) ;
#2547 = CARTESIAN_POINT ( 'NONE',  ( 4.417819387507435636, 0.5145929292794445553, -1.567848837280678920 ) ) ;
#2548 = CARTESIAN_POINT ( 'NONE',  ( 4.354681379987470180, 0.5272675151309622610, -0.6627804189478077035 ) ) ;
#2549 = CARTESIAN_POINT ( 'NONE',  ( 4.676560697192708282, 0.7712909082371458558, 0.06685723304153748381 ) ) ;
#2550 = CARTESIAN_POINT ( 'NONE',  ( -4.247867174697553594, 0.8322943472257501307, -1.354530703175464312 ) ) ;
#2551 = DIRECTION ( 'NONE',  ( -0.9659258262890680902, -0.2588190451025214611, 0.000000000000000000 ) ) ;
#2552 = UNCERTAINTY_MEASURE_WITH_UNIT (LENGTH_MEASURE( 1.000000000000000082E-05 ), #2382, 'distance_accuracy_value', 'NONE');
ENDSEC;
END-ISO-10303-21;
