ISO-10303-21;
HEADER;
FILE_DESCRIPTION (( 'STEP AP214' ),
    '1' );
FILE_NAME ('AT25DN011-MAHF-T.STEP',
    '2020-12-21T12:59:49',
    ( '' ),
    ( '' ),
    'SwSTEP 2.0',
    'SolidWorks 2017',
    '' );
FILE_SCHEMA (( 'AUTOMOTIVE_DESIGN' ));
ENDSEC;

DATA;
#1 = VERTEX_POINT ( 'NONE', #2936 ) ;
#2 = CARTESIAN_POINT ( 'NONE',  ( -1.175000000000000500, 0.1499999999999999900, -0.6249999999999998900 ) ) ;
#3 = AXIS2_PLACEMENT_3D ( 'NONE', #1109, #2909, #2901 ) ;
#4 = ADVANCED_FACE ( 'NONE', ( #2023 ), #332, .T. ) ;
#5 = DIRECTION ( 'NONE',  ( -1.000000000000000000, 0.0000000000000000000, 2.168404344971008100E-016 ) ) ;
#6 = ORIENTED_EDGE ( 'NONE', *, *, #2208, .F. ) ;
#7 = ADVANCED_FACE ( 'NONE', ( #3090 ), #373, .F. ) ;
#8 = VERTEX_POINT ( 'NONE', #2701 ) ;
#9 = CARTESIAN_POINT ( 'NONE',  ( -1.499999999999999800, 0.05000000000000000300, 1.000000000000000400 ) ) ;
#10 = FILL_AREA_STYLE_COLOUR ( '', #252 ) ;
#11 = EDGE_LOOP ( 'NONE', ( #551, #1704, #3300, #290 ) ) ;
#12 = UNCERTAINTY_MEASURE_WITH_UNIT (LENGTH_MEASURE( 1.000000000000000100E-005 ), #3244, 'distance_accuracy_value', 'NONE');
#13 = EDGE_CURVE ( 'NONE', #2767, #3140, #1679, .T. ) ;
#14 = EDGE_LOOP ( 'NONE', ( #530, #2484, #2132, #240 ) ) ;
#15 = FILL_AREA_STYLE_COLOUR ( '', #1828 ) ;
#16 = CARTESIAN_POINT ( 'NONE',  ( 1.500000000000000400, 0.5999999999999998700, 1.000000000000000000 ) ) ;
#17 = ORIENTED_EDGE ( 'NONE', *, *, #1978, .F. ) ;
#18 = VECTOR ( 'NONE', #976, 1000.000000000000000 ) ;
#19 = EDGE_CURVE ( 'NONE', #980, #1316, #1351, .T. ) ;
#20 = CLOSED_SHELL ( 'NONE', ( #2305, #2504, #1861, #2981, #231, #1037 ) ) ;
#21 = CARTESIAN_POINT ( 'NONE',  ( -1.175000000000000500, 0.1499999999999999900, -0.2499999999999998900 ) ) ;
#22 = FACE_OUTER_BOUND ( 'NONE', #1166, .T. ) ;
#23 = DIRECTION ( 'NONE',  ( 0.0000000000000000000, 1.000000000000000000, 0.0000000000000000000 ) ) ;
#24 = ORIENTED_EDGE ( 'NONE', *, *, #634, .F. ) ;
#25 = ADVANCED_FACE ( 'NONE', ( #1520 ), #1163, .T. ) ;
#26 = VECTOR ( 'NONE', #2796, 1000.000000000000000 ) ;
#27 = VERTEX_POINT ( 'NONE', #2949 ) ;
#28 = CYLINDRICAL_SURFACE ( 'NONE', #3304, 0.1250000000000000000 ) ;
#29 = VERTEX_POINT ( 'NONE', #3203 ) ;
#30 = VECTOR ( 'NONE', #1079, 1000.000000000000000 ) ;
#31 = AXIS2_PLACEMENT_3D ( 'NONE', #1793, #1544, #2831 ) ;
#32 = MECHANICAL_DESIGN_GEOMETRIC_PRESENTATION_REPRESENTATION (  '', ( #1319 ), #1824 ) ;
#33 = CARTESIAN_POINT ( 'NONE',  ( 0.0000000000000000000, 0.5801162633521307300, -0.6249999999999998900 ) ) ;
#34 = VECTOR ( 'NONE', #1736, 1000.000000000000000 ) ;
#35 = LINE ( 'NONE', #899, #2166 ) ;
#36 = SURFACE_STYLE_USAGE ( .BOTH. , #1026 ) ;
#37 = DIRECTION ( 'NONE',  ( 0.0000000000000000000, -0.0000000000000000000, 1.000000000000000000 ) ) ;
#38 = ADVANCED_FACE ( 'NONE', ( #563 ), #2676, .T. ) ;
#39 = CARTESIAN_POINT ( 'NONE',  ( 0.0000000000000000000, 0.5801162633521307300, 0.3750000000000001100 ) ) ;
#40 = EDGE_CURVE ( 'NONE', #3233, #1763, #1084, .T. ) ;
#41 = DIRECTION ( 'NONE',  ( 0.0000000000000000000, 0.0000000000000000000, 1.000000000000000000 ) ) ;
#42 = CARTESIAN_POINT ( 'NONE',  ( 0.0000000000000000000, 0.05000000000000000300, 0.1250000000000001100 ) ) ;
#43 = EDGE_CURVE ( 'NONE', #3014, #1430, #1236, .T. ) ;
#44 = CARTESIAN_POINT ( 'NONE',  ( -1.175000000000000500, 0.1499999999999999900, -0.1249999999999998900 ) ) ;
#45 = ORIENTED_EDGE ( 'NONE', *, *, #1760, .F. ) ;
#46 = DIRECTION ( 'NONE',  ( 0.0000000000000000000, 0.0000000000000000000, 1.000000000000000000 ) ) ;
#47 = AXIS2_PLACEMENT_3D ( 'NONE', #3209, #142, #924 ) ;
#48 = ORIENTED_EDGE ( 'NONE', *, *, #1766, .T. ) ;
#49 = CARTESIAN_POINT ( 'NONE',  ( 1.175000000000000500, 0.04999999999999999600, -0.7499999999999998900 ) ) ;
#50 = CARTESIAN_POINT ( 'NONE',  ( -1.399999999999999700, 0.1499999999999999900, -0.3749999999999998900 ) ) ;
#51 = DIRECTION ( 'NONE',  ( 0.0000000000000000000, 0.0000000000000000000, 1.000000000000000000 ) ) ;
#52 = MANIFOLD_SOLID_BREP ( 'LPattern2[6]', #1791 ) ;
#53 = VECTOR ( 'NONE', #966, 1000.000000000000000 ) ;
#54 = CARTESIAN_POINT ( 'NONE',  ( -1.399999999999999700, 0.1499999999999999900, 0.3750000000000001100 ) ) ;
#55 = EDGE_LOOP ( 'NONE', ( #2710, #131, #99, #1345 ) ) ;
#56 = ADVANCED_FACE ( 'NONE', ( #2261 ), #664, .T. ) ;
#57 = ADVANCED_FACE ( 'NONE', ( #230 ), #2455, .F. ) ;
#58 = EDGE_CURVE ( 'NONE', #2516, #2534, #311, .T. ) ;
#59 = VECTOR ( 'NONE', #1359, 1000.000000000000000 ) ;
#60 = DIRECTION ( 'NONE',  ( -0.0000000000000000000, -1.000000000000000000, -0.0000000000000000000 ) ) ;
#61 = ORIENTED_EDGE ( 'NONE', *, *, #805, .F. ) ;
#62 = VECTOR ( 'NONE', #1817, 1000.000000000000000 ) ;
#63 = VECTOR ( 'NONE', #1028, 1000.000000000000000 ) ;
#64 = VERTEX_POINT ( 'NONE', #637 ) ;
#65 = CARTESIAN_POINT ( 'NONE',  ( -1.399999999999999700, 0.5801162633521307300, 0.3750000000000001100 ) ) ;
#66 = COLOUR_RGB ( '',0.7921568627450980000, 0.8196078431372548800, 0.9333333333333333500 ) ;
#67 = DIRECTION ( 'NONE',  ( 0.0000000000000000000, 0.0000000000000000000, 1.000000000000000000 ) ) ;
#68 = VECTOR ( 'NONE', #1321, 1000.000000000000000 ) ;
#69 = ORIENTED_EDGE ( 'NONE', *, *, #1697, .T. ) ;
#70 = VECTOR ( 'NONE', #2697, 1000.000000000000000 ) ;
#71 = CARTESIAN_POINT ( 'NONE',  ( -0.09999999999999965900, 1.762451549659709700, -0.5249999999999994700 ) ) ;
#72 = AXIS2_PLACEMENT_3D ( 'NONE', #2179, #2466, #175 ) ;
#73 = VECTOR ( 'NONE', #536, 1000.000000000000000 ) ;
#74 = DIRECTION ( 'NONE',  ( 0.0000000000000000000, 0.0000000000000000000, 1.000000000000000000 ) ) ;
#75 = CARTESIAN_POINT ( 'NONE',  ( 0.0000000000000000000, 0.05000000000000000300, 0.6250000000000001100 ) ) ;
#76 = VECTOR ( 'NONE', #3000, 1000.000000000000000 ) ;
#77 = DIRECTION ( 'NONE',  ( 0.0000000000000000000, 0.0000000000000000000, -1.000000000000000000 ) ) ;
#78 = CARTESIAN_POINT ( 'NONE',  ( -1.175000000000000500, 0.1499999999999999900, 0.8750000000000001100 ) ) ;
#79 = VERTEX_POINT ( 'NONE', #360 ) ;
#80 = EDGE_CURVE ( 'NONE', #215, #1962, #2951, .T. ) ;
#81 = DIRECTION ( 'NONE',  ( -1.000000000000000000, 0.0000000000000000000, 0.0000000000000000000 ) ) ;
#82 = CARTESIAN_POINT ( 'NONE',  ( 0.0000000000000000000, 0.5801162633521307300, -0.1249999999999998900 ) ) ;
#83 = EDGE_CURVE ( 'NONE', #1768, #183, #2868, .T. ) ;
#84 = EDGE_LOOP ( 'NONE', ( #1992, #521, #1160, #804 ) ) ;
#85 = DIRECTION ( 'NONE',  ( 0.0000000000000000000, 0.0000000000000000000, -1.000000000000000000 ) ) ;
#86 = ORIENTED_EDGE ( 'NONE', *, *, #2994, .T. ) ;
#87 = CARTESIAN_POINT ( 'NONE',  ( -1.399999999999999700, 0.5801162633521307300, 0.3750000000000001100 ) ) ;
#88 = CARTESIAN_POINT ( 'NONE',  ( -1.214904624038740400, 0.4999999999999998900, -0.6332658307653108400 ) ) ;
#89 = EDGE_LOOP ( 'NONE', ( #901, #1603, #1803, #2675 ) ) ;
#90 = DIRECTION ( 'NONE',  ( -0.0000000000000000000, -1.000000000000000000, -0.0000000000000000000 ) ) ;
#91 = AXIS2_PLACEMENT_3D ( 'NONE', #780, #1348, #1340 ) ;
#92 = ORIENTED_EDGE ( 'NONE', *, *, #2274, .T. ) ;
#93 = CARTESIAN_POINT ( 'NONE',  ( 0.0000000000000000000, 0.1499999999999999700, -0.6249999999999998900 ) ) ;
#94 = EDGE_LOOP ( 'NONE', ( #498, #3170, #1335, #1592 ) ) ;
#95 = FACE_BOUND ( 'NONE', #442, .T. ) ;
#96 = ORIENTED_EDGE ( 'NONE', *, *, #80, .F. ) ;
#97 = CIRCLE ( 'NONE', #343, 0.1250000000000000000 ) ;
#98 = EDGE_CURVE ( 'NONE', #3295, #2511, #2049, .T. ) ;
#99 = ORIENTED_EDGE ( 'NONE', *, *, #1801, .T. ) ;
#100 = LINE ( 'NONE', #3276, #2412 ) ;
#101 = SURFACE_STYLE_FILL_AREA ( #2694 ) ;
#102 = CARTESIAN_POINT ( 'NONE',  ( -0.09999999999999982500, 1.762451549659709700, 0.8000000000000006000 ) ) ;
#103 = DIRECTION ( 'NONE',  ( -1.000000000000000000, 0.0000000000000000000, 0.0000000000000000000 ) ) ;
#104 = ORIENTED_EDGE ( 'NONE', *, *, #2076, .T. ) ;
#105 = LINE ( 'NONE', #305, #1137 ) ;
#106 = CARTESIAN_POINT ( 'NONE',  ( -1.175000000000000500, 0.0000000000000000000, 0.7500000000000001100 ) ) ;
#107 = ORIENTED_EDGE ( 'NONE', *, *, #1628, .T. ) ;
#108 = EDGE_CURVE ( 'NONE', #2193, #170, #1551, .T. ) ;
#109 = LINE ( 'NONE', #1308, #3191 ) ;
#110 = DIRECTION ( 'NONE',  ( 0.0000000000000000000, -1.000000000000000000, 0.0000000000000000000 ) ) ;
#111 = CIRCLE ( 'NONE', #401, 0.1416588759627156700 ) ;
#112 = AXIS2_PLACEMENT_3D ( 'NONE', #1260, #2009, #3078 ) ;
#113 = ORIENTED_EDGE ( 'NONE', *, *, #2026, .T. ) ;
#114 = CARTESIAN_POINT ( 'NONE',  ( -1.175000000000000500, 0.0000000000000000000, -0.1249999999999998900 ) ) ;
#115 = FACE_BOUND ( 'NONE', #2880, .T. ) ;
#116 = AXIS2_PLACEMENT_3D ( 'NONE', #3135, #2065, #1075 ) ;
#117 = CARTESIAN_POINT ( 'NONE',  ( 0.0000000000000000000, 0.0000000000000000000, 0.3750000000000001100 ) ) ;
#118 = DIRECTION ( 'NONE',  ( 0.0000000000000000000, -1.000000000000000000, 0.0000000000000000000 ) ) ;
#119 = ADVANCED_FACE ( 'NONE', ( #1472 ), #470, .T. ) ;
#120 = ORIENTED_EDGE ( 'NONE', *, *, #2314, .F. ) ;
#121 = PLANE ( 'NONE',  #2563 ) ;
#122 = CARTESIAN_POINT ( 'NONE',  ( -1.399999999999999700, 0.05000000000000000300, -0.1249999999999998900 ) ) ;
#123 = DIRECTION ( 'NONE',  ( -0.0000000000000000000, 0.0000000000000000000, 1.000000000000000000 ) ) ;
#124 = VERTEX_POINT ( 'NONE', #1452 ) ;
#125 = ADVANCED_FACE ( 'NONE', ( #2396 ), #191, .F. ) ;
#126 = DIRECTION ( 'NONE',  ( -1.000000000000000000, 0.0000000000000000000, 2.891205793294678300E-016 ) ) ;
#127 = VERTEX_POINT ( 'NONE', #3026 ) ;
#128 = EDGE_LOOP ( 'NONE', ( #2028, #981, #3305, #691 ) ) ;
#129 = VECTOR ( 'NONE', #1758, 1000.000000000000000 ) ;
#130 = DIRECTION ( 'NONE',  ( 0.0000000000000000000, 0.0000000000000000000, -1.000000000000000000 ) ) ;
#131 = ORIENTED_EDGE ( 'NONE', *, *, #2486, .F. ) ;
#132 = FILL_AREA_STYLE ('',( #663 ) ) ;
#133 = AXIS2_PLACEMENT_3D ( 'NONE', #172, #466, #983 ) ;
#134 = VERTEX_POINT ( 'NONE', #1931 ) ;
#135 = ORIENTED_EDGE ( 'NONE', *, *, #1612, .T. ) ;
#136 = VECTOR ( 'NONE', #2348, 1000.000000000000000 ) ;
#137 = PLANE ( 'NONE',  #2998 ) ;
#138 = ORIENTED_EDGE ( 'NONE', *, *, #729, .T. ) ;
#139 = VECTOR ( 'NONE', #2047, 1000.000000000000000 ) ;
#140 = LINE ( 'NONE', #1581, #249 ) ;
#141 = FACE_OUTER_BOUND ( 'NONE', #237, .T. ) ;
#142 = DIRECTION ( 'NONE',  ( 0.0000000000000000000, -1.000000000000000000, 0.0000000000000000000 ) ) ;
#143 = CIRCLE ( 'NONE', #2690, 0.1000000000000000500 ) ;
#144 = CARTESIAN_POINT ( 'NONE',  ( 0.1000000000000000500, 0.1499999999999999700, 0.8000000000000003800 ) ) ;
#145 = ORIENTED_EDGE ( 'NONE', *, *, #1034, .T. ) ;
#146 = EDGE_CURVE ( 'NONE', #1043, #2168, #602, .T. ) ;
#147 = CIRCLE ( 'NONE', #2707, 0.1250000000000000000 ) ;
#148 = DIRECTION ( 'NONE',  ( -0.0000000000000000000, -1.000000000000000000, -0.0000000000000000000 ) ) ;
#149 = DIRECTION ( 'NONE',  ( 0.0000000000000000000, 1.000000000000000000, -0.0000000000000000000 ) ) ;
#150 = AXIS2_PLACEMENT_3D ( 'NONE', #283, #1327, #2616 ) ;
#151 = VECTOR ( 'NONE', #941, 1000.000000000000000 ) ;
#152 = ORIENTED_EDGE ( 'NONE', *, *, #558, .T. ) ;
#153 = PLANE ( 'NONE',  #2500 ) ;
#154 = DIRECTION ( 'NONE',  ( 1.000000000000000000, 0.0000000000000000000, 0.0000000000000000000 ) ) ;
#155 = PLANE ( 'NONE',  #72 ) ;
#156 = DIRECTION ( 'NONE',  ( -0.0000000000000000000, -1.000000000000000000, -0.0000000000000000000 ) ) ;
#157 = DIRECTION ( 'NONE',  ( -1.000000000000000000, 0.0000000000000000000, 0.0000000000000000000 ) ) ;
#158 = EDGE_LOOP ( 'NONE', ( #462, #554, #2933, #561 ) ) ;
#159 = EDGE_CURVE ( 'NONE', #751, #405, #2914, .T. ) ;
#160 = ORIENTED_EDGE ( 'NONE', *, *, #1237, .T. ) ;
#161 = DIRECTION ( 'NONE',  ( 0.0000000000000000000, -0.0000000000000000000, -1.000000000000000000 ) ) ;
#162 = CARTESIAN_POINT ( 'NONE',  ( 1.175000000000000500, 0.1499999999999999900, 0.1250000000000001100 ) ) ;
#163 = ORIENTED_EDGE ( 'NONE', *, *, #998, .T. ) ;
#164 = EDGE_CURVE ( 'NONE', #716, #751, #1513, .T. ) ;
#165 = ORIENTED_EDGE ( 'NONE', *, *, #1942, .T. ) ;
#166 = DIRECTION ( 'NONE',  ( 0.0000000000000000000, 0.0000000000000000000, -1.000000000000000000 ) ) ;
#167 = CARTESIAN_POINT ( 'NONE',  ( -1.399999999999999700, 0.1499999999999999700, -0.6249999999999998900 ) ) ;
#168 = VERTEX_POINT ( 'NONE', #3284 ) ;
#169 = ORIENTED_EDGE ( 'NONE', *, *, #3312, .F. ) ;
#170 = VERTEX_POINT ( 'NONE', #2720 ) ;
#171 = VECTOR ( 'NONE', #413, 1000.000000000000000 ) ;
#172 = CARTESIAN_POINT ( 'NONE',  ( -1.175000000000000500, 0.1499999999999999900, 0.7500000000000001100 ) ) ;
#173 = FACE_OUTER_BOUND ( 'NONE', #2000, .T. ) ;
#174 = CARTESIAN_POINT ( 'NONE',  ( 1.175000000000000500, 0.1499999999999999900, -0.6249999999999998900 ) ) ;
#175 = DIRECTION ( 'NONE',  ( 0.0000000000000000000, -0.0000000000000000000, -1.000000000000000000 ) ) ;
#176 = AXIS2_PLACEMENT_3D ( 'NONE', #1153, #1901, #1867 ) ;
#177 = CARTESIAN_POINT ( 'NONE',  ( -1.175000000000000500, 0.1499999999999999900, 0.8750000000000001100 ) ) ;
#178 = ORIENTED_EDGE ( 'NONE', *, *, #2724, .F. ) ;
#179 = LINE ( 'NONE', #242, #1401 ) ;
#180 = CYLINDRICAL_SURFACE ( 'NONE', #476, 0.1250000000000000000 ) ;
#181 = ORIENTED_EDGE ( 'NONE', *, *, #1458, .F. ) ;
#182 = CARTESIAN_POINT ( 'NONE',  ( 1.175000000000000500, 0.1499999999999999700, -0.8749999999999998900 ) ) ;
#183 = VERTEX_POINT ( 'NONE', #1225 ) ;
#184 = ORIENTED_EDGE ( 'NONE', *, *, #2145, .T. ) ;
#185 = CARTESIAN_POINT ( 'NONE',  ( 1.175000000000000500, 0.1499999999999999900, 0.3750000000000001100 ) ) ;
#186 = LINE ( 'NONE', #44, #2088 ) ;
#187 = ADVANCED_FACE ( 'NONE', ( #1979 ), #2749, .F. ) ;
#188 = CARTESIAN_POINT ( 'NONE',  ( 1.399999999999999700, 0.1499999999999999900, 0.6250000000000001100 ) ) ;
#189 = CARTESIAN_POINT ( 'NONE',  ( -1.399999999999999700, 0.0000000000000000000, 0.6250000000000001100 ) ) ;
#190 = FACE_OUTER_BOUND ( 'NONE', #2374, .T. ) ;
#191 = PLANE ( 'NONE',  #1887 ) ;
#192 = ORIENTED_EDGE ( 'NONE', *, *, #2904, .F. ) ;
#193 = CARTESIAN_POINT ( 'NONE',  ( 0.1000000000000000500, 0.1499999999999999700, 0.8000000000000003800 ) ) ;
#194 = FACE_BOUND ( 'NONE', #2116, .T. ) ;
#195 = DIRECTION ( 'NONE',  ( 0.0000000000000000000, 0.0000000000000000000, -1.000000000000000000 ) ) ;
#196 = EDGE_CURVE ( 'NONE', #1428, #668, #443, .T. ) ;
#197 = MANIFOLD_SOLID_BREP ( 'Boss-Extrude2[1]', #465 ) ;
#198 = CARTESIAN_POINT ( 'NONE',  ( 0.0000000000000000000, 0.1499999999999999700, 0.1250000000000001100 ) ) ;
#199 = AXIS2_PLACEMENT_3D ( 'NONE', #2465, #1911, #1433 ) ;
#200 = MECHANICAL_DESIGN_GEOMETRIC_PRESENTATION_REPRESENTATION (  '', ( #2167 ), #1556 ) ;
#201 = DIRECTION ( 'NONE',  ( 1.355252715606880500E-016, 0.0000000000000000000, -1.000000000000000000 ) ) ;
#202 = CARTESIAN_POINT ( 'NONE',  ( -1.500000000000000000, 0.5999999999999998700, -0.9999999999999995600 ) ) ;
#203 = ADVANCED_FACE ( 'NONE', ( #3129 ), #2265, .T. ) ;
#204 = ORIENTED_EDGE ( 'NONE', *, *, #279, .F. ) ;
#205 = EDGE_CURVE ( 'NONE', #1550, #2395, #1543, .T. ) ;
#206 = DIRECTION ( 'NONE',  ( 0.0000000000000000000, 0.0000000000000000000, -1.000000000000000000 ) ) ;
#207 = ORIENTED_EDGE ( 'NONE', *, *, #1743, .F. ) ;
#208 = CARTESIAN_POINT ( 'NONE',  ( 1.175000000000000500, 0.04999999999999999600, 0.1250000000000001100 ) ) ;
#209 = ORIENTED_EDGE ( 'NONE', *, *, #937, .T. ) ;
#210 = CARTESIAN_POINT ( 'NONE',  ( -1.175000000000000500, 0.0000000000000000000, -0.8749999999999998900 ) ) ;
#211 = VECTOR ( 'NONE', #1896, 1000.000000000000000 ) ;
#212 = EDGE_CURVE ( 'NONE', #2534, #580, #472, .T. ) ;
#213 = DIRECTION ( 'NONE',  ( -0.0000000000000000000, -1.000000000000000000, -0.0000000000000000000 ) ) ;
#214 = DIRECTION ( 'NONE',  ( 0.0000000000000000000, -1.000000000000000000, 0.0000000000000000000 ) ) ;
#215 = VERTEX_POINT ( 'NONE', #798 ) ;
#216 = CYLINDRICAL_SURFACE ( 'NONE', #2306, 0.1250000000000000000 ) ;
#217 = AXIS2_PLACEMENT_3D ( 'NONE', #683, #1127, #2927 ) ;
#218 = DIRECTION ( 'NONE',  ( 0.0000000000000000000, 1.000000000000000000, -0.0000000000000000000 ) ) ;
#219 = LINE ( 'NONE', #2382, #1804 ) ;
#220 = VECTOR ( 'NONE', #2126, 1000.000000000000000 ) ;
#221 = CARTESIAN_POINT ( 'NONE',  ( 0.1000000000000001600, 0.05000000000000000300, 1.355252715606882700E-017 ) ) ;
#222 = LINE ( 'NONE', #675, #672 ) ;
#223 = CARTESIAN_POINT ( 'NONE',  ( -0.09999999999999982500, 1.762451549659709700, 0.8000000000000006000 ) ) ;
#224 = EDGE_CURVE ( 'NONE', #64, #350, #2216, .T. ) ;
#225 = VECTOR ( 'NONE', #2801, 1000.000000000000000 ) ;
#226 = FACE_OUTER_BOUND ( 'NONE', #595, .T. ) ;
#227 = EDGE_LOOP ( 'NONE', ( #3071, #1541, #3142, #652 ) ) ;
#228 = EDGE_CURVE ( 'NONE', #644, #1130, #3164, .T. ) ;
#229 = CARTESIAN_POINT ( 'NONE',  ( -1.214904624038740400, 0.4999999999999998900, -0.6332658307653108400 ) ) ;
#230 = FACE_OUTER_BOUND ( 'NONE', #400, .T. ) ;
#231 = ADVANCED_FACE ( 'NONE', ( #879 ), #2599, .F. ) ;
#232 = CARTESIAN_POINT ( 'NONE',  ( -1.399999999999999700, 0.1499999999999999700, 0.1250000000000001100 ) ) ;
#233 = AXIS2_PLACEMENT_3D ( 'NONE', #2238, #1755, #1983 ) ;
#234 = ADVANCED_FACE ( 'NONE', ( #385 ), #2867, .T. ) ;
#235 = AXIS2_PLACEMENT_3D ( 'NONE', #1707, #3267, #1946 ) ;
#236 = DIRECTION ( 'NONE',  ( 0.0000000000000000000, -1.000000000000000000, 0.0000000000000000000 ) ) ;
#237 = EDGE_LOOP ( 'NONE', ( #2094, #239, #163, #1253 ) ) ;
#238 = EDGE_CURVE ( 'NONE', #2010, #2555, #1373, .T. ) ;
#239 = ORIENTED_EDGE ( 'NONE', *, *, #2875, .F. ) ;
#240 = ORIENTED_EDGE ( 'NONE', *, *, #621, .T. ) ;
#241 = EDGE_CURVE ( 'NONE', #1987, #2751, #3028, .T. ) ;
#242 = CARTESIAN_POINT ( 'NONE',  ( -1.399999999999999700, 0.1499999999999999900, 0.8750000000000001100 ) ) ;
#243 = ORIENTED_EDGE ( 'NONE', *, *, #424, .F. ) ;
#244 = VECTOR ( 'NONE', #2497, 1000.000000000000000 ) ;
#245 = PLANE ( 'NONE',  #642 ) ;
#246 = ADVANCED_FACE ( 'NONE', ( #1657 ), #1971, .F. ) ;
#247 = UNCERTAINTY_MEASURE_WITH_UNIT (LENGTH_MEASURE( 1.000000000000000100E-005 ), #3114, 'distance_accuracy_value', 'NONE');
#248 = AXIS2_PLACEMENT_3D ( 'NONE', #2664, #2658, #409 ) ;
#249 = VECTOR ( 'NONE', #1100, 1000.000000000000000 ) ;
#250 = DIRECTION ( 'NONE',  ( -0.0000000000000000000, -1.000000000000000000, -0.0000000000000000000 ) ) ;
#251 = CARTESIAN_POINT ( 'NONE',  ( -1.214904624038740400, 0.4999999999999998900, -0.6332658307653108400 ) ) ;
#252 = COLOUR_RGB ( '',0.7921568627450980000, 0.8196078431372548800, 0.9333333333333333500 ) ;
#253 = FACE_OUTER_BOUND ( 'NONE', #89, .T. ) ;
#254 = VECTOR ( 'NONE', #2993, 1000.000000000000000 ) ;
#255 = AXIS2_PLACEMENT_3D ( 'NONE', #2003, #2258, #2267 ) ;
#256 = AXIS2_PLACEMENT_3D ( 'NONE', #1811, #2342, #3024 ) ;
#257 = ORIENTED_EDGE ( 'NONE', *, *, #3030, .T. ) ;
#258 = CARTESIAN_POINT ( 'NONE',  ( -1.175000000000000500, 0.04999999999999999600, 0.1250000000000001100 ) ) ;
#259 = ORIENTED_EDGE ( 'NONE', *, *, #2270, .F. ) ;
#260 = CARTESIAN_POINT ( 'NONE',  ( 1.175000000000000500, 0.1499999999999999900, 0.2500000000000001100 ) ) ;
#261 = APPLICATION_PROTOCOL_DEFINITION ( 'draft international standard', 'automotive_design', 1998, #1787 ) ;
#262 = PRESENTATION_STYLE_ASSIGNMENT (( #2520 ) ) ;
#263 = PLANE ( 'NONE',  #3089 ) ;
#264 = EDGE_CURVE ( 'NONE', #1352, #1479, #794, .T. ) ;
#265 = ORIENTED_EDGE ( 'NONE', *, *, #3169, .F. ) ;
#266 = ADVANCED_FACE ( 'NONE', ( #115, #194, #1461, #2864, #543, #1032, #2469, #1300, #993, #2300 ), #310, .F. ) ;
#267 = VERTEX_POINT ( 'NONE', #2066 ) ;
#268 = CIRCLE ( 'NONE', #1106, 0.1250000000000000000 ) ;
#269 = CARTESIAN_POINT ( 'NONE',  ( 1.399999999999999700, 0.1499999999999999700, 0.8750000000000001100 ) ) ;
#270 = EDGE_CURVE ( 'NONE', #1507, #2679, #3198, .T. ) ;
#271 = DIRECTION ( 'NONE',  ( 0.0000000000000000000, -1.000000000000000000, 0.0000000000000000000 ) ) ;
#272 = EDGE_LOOP ( 'NONE', ( #2463, #2865, #2849, #2477 ) ) ;
#273 = CARTESIAN_POINT ( 'NONE',  ( -1.175000000000000500, 0.5801162633521307300, 0.3750000000000001100 ) ) ;
#274 = AXIS2_PLACEMENT_3D ( 'NONE', #1336, #2629, #2646 ) ;
#275 = CARTESIAN_POINT ( 'NONE',  ( 1.175000000000000500, 0.1499999999999999900, -0.3749999999999998900 ) ) ;
#276 = ORIENTED_EDGE ( 'NONE', *, *, #2904, .T. ) ;
#277 = AXIS2_PLACEMENT_3D ( 'NONE', #2013, #1003, #787 ) ;
#278 = CARTESIAN_POINT ( 'NONE',  ( -1.399999999999999700, 0.05000000000000000300, 0.8750000000000001100 ) ) ;
#279 = EDGE_CURVE ( 'NONE', #1196, #2555, #306, .T. ) ;
#280 = ORIENTED_EDGE ( 'NONE', *, *, #921, .F. ) ;
#281 =( NAMED_UNIT ( * ) SI_UNIT ( $, .STERADIAN. ) SOLID_ANGLE_UNIT ( ) );
#282 = DIRECTION ( 'NONE',  ( -1.000000000000000000, 0.0000000000000000000, 0.0000000000000000000 ) ) ;
#283 = CARTESIAN_POINT ( 'NONE',  ( 1.175000000000000500, 0.1499999999999999900, -0.7499999999999998900 ) ) ;
#284 = FACE_OUTER_BOUND ( 'NONE', #3080, .T. ) ;
#285 = DIRECTION ( 'NONE',  ( 0.0000000000000000000, 0.0000000000000000000, -1.000000000000000000 ) ) ;
#286 = LINE ( 'NONE', #1421, #524 ) ;
#287 = ORIENTED_EDGE ( 'NONE', *, *, #1385, .F. ) ;
#288 = LINE ( 'NONE', #42, #1241 ) ;
#289 = VECTOR ( 'NONE', #3311, 1000.000000000000000 ) ;
#290 = ORIENTED_EDGE ( 'NONE', *, *, #3234, .T. ) ;
#291 = ORIENTED_EDGE ( 'NONE', *, *, #2506, .F. ) ;
#292 = AXIS2_PLACEMENT_3D ( 'NONE', #1547, #1247, #2275 ) ;
#293 = LINE ( 'NONE', #2323, #2938 ) ;
#294 = SURFACE_SIDE_STYLE ('',( #2481 ) ) ;
#295 = FACE_OUTER_BOUND ( 'NONE', #1121, .T. ) ;
#296 = DIRECTION ( 'NONE',  ( -1.000000000000000000, 0.0000000000000000000, -0.0000000000000000000 ) ) ;
#297 = DIRECTION ( 'NONE',  ( -1.355252715606880800E-016, -0.0000000000000000000, 1.000000000000000000 ) ) ;
#298 = EDGE_LOOP ( 'NONE', ( #2665, #1072, #257, #2757 ) ) ;
#299 = ADVANCED_FACE ( 'NONE', ( #1105 ), #2586, .F. ) ;
#300 = AXIS2_PLACEMENT_3D ( 'NONE', #1298, #2822, #46 ) ;
#301 = AXIS2_PLACEMENT_3D ( 'NONE', #2952, #1677, #1167 ) ;
#302 = CARTESIAN_POINT ( 'NONE',  ( 1.500000000000000000, 0.5999999999999998700, -1.000000000000000400 ) ) ;
#303 = CARTESIAN_POINT ( 'NONE',  ( -1.214904624038740400, 0.4999999999999998900, -0.7749247067280264900 ) ) ;
#304 = CYLINDRICAL_SURFACE ( 'NONE', #3086, 0.1000000000000000500 ) ;
#305 = CARTESIAN_POINT ( 'NONE',  ( 1.399999999999999700, 0.05000000000000000300, -0.0000000000000000000 ) ) ;
#306 = LINE ( 'NONE', #1042, #512 ) ;
#307 = CARTESIAN_POINT ( 'NONE',  ( 1.399999999999999700, 0.5801162633521307300, 0.0000000000000000000 ) ) ;
#308 = ADVANCED_FACE ( 'NONE', ( #1062 ), #1377, .T. ) ;
#309 = ORIENTED_EDGE ( 'NONE', *, *, #3287, .T. ) ;
#310 = PLANE ( 'NONE',  #671 ) ;
#311 = LINE ( 'NONE', #1379, #2427 ) ;
#312 = EDGE_CURVE ( 'NONE', #322, #418, #2948, .T. ) ;
#313 = DIRECTION ( 'NONE',  ( 0.0000000000000000000, 1.000000000000000000, -0.0000000000000000000 ) ) ;
#314 = DIRECTION ( 'NONE',  ( -0.0000000000000000000, -1.000000000000000000, -0.0000000000000000000 ) ) ;
#315 = ORIENTED_EDGE ( 'NONE', *, *, #2343, .F. ) ;
#316 = DIRECTION ( 'NONE',  ( 1.000000000000000000, 0.0000000000000000000, 0.0000000000000000000 ) ) ;
#317 = STYLED_ITEM ( 'NONE', ( #2900 ), #848 ) ;
#318 = VERTEX_POINT ( 'NONE', #1369 ) ;
#319 = CARTESIAN_POINT ( 'NONE',  ( -1.175000000000000500, 0.1499999999999999900, 0.2500000000000001100 ) ) ;
#320 = PLANE ( 'NONE',  #1423 ) ;
#321 = ORIENTED_EDGE ( 'NONE', *, *, #2577, .F. ) ;
#322 = VERTEX_POINT ( 'NONE', #114 ) ;
#323 = LINE ( 'NONE', #816, #489 ) ;
#324 = DIRECTION ( 'NONE',  ( -0.0000000000000000000, -1.000000000000000000, -0.0000000000000000000 ) ) ;
#325 = ORIENTED_EDGE ( 'NONE', *, *, #1143, .T. ) ;
#326 = ORIENTED_EDGE ( 'NONE', *, *, #896, .F. ) ;
#327 = ORIENTED_EDGE ( 'NONE', *, *, #2133, .F. ) ;
#328 = EDGE_CURVE ( 'NONE', #3290, #1274, #2259, .T. ) ;
#329 = VECTOR ( 'NONE', #926, 1000.000000000000000 ) ;
#330 = DIRECTION ( 'NONE',  ( 0.0000000000000000000, 0.0000000000000000000, -1.000000000000000000 ) ) ;
#331 = CARTESIAN_POINT ( 'NONE',  ( 1.175000000000000500, 0.1499999999999999900, 0.8750000000000001100 ) ) ;
#332 = PLANE ( 'NONE',  #1618 ) ;
#333 = LINE ( 'NONE', #50, #2929 ) ;
#334 = VECTOR ( 'NONE', #1343, 1000.000000000000000 ) ;
#335 = CARTESIAN_POINT ( 'NONE',  ( 0.1000000000000002600, 1.762451549659709700, -0.7999999999999994900 ) ) ;
#336 = FACE_OUTER_BOUND ( 'NONE', #3057, .T. ) ;
#337 = EDGE_CURVE ( 'NONE', #2071, #2059, #268, .T. ) ;
#338 = LINE ( 'NONE', #2505, #254 ) ;
#339 = ORIENTED_EDGE ( 'NONE', *, *, #1302, .F. ) ;
#340 = FACE_OUTER_BOUND ( 'NONE', #1647, .T. ) ;
#341 = AXIS2_PLACEMENT_3D ( 'NONE', #260, #2309, #1802 ) ;
#342 = VECTOR ( 'NONE', #1191, 1000.000000000000000 ) ;
#343 = AXIS2_PLACEMENT_3D ( 'NONE', #2931, #2645, #130 ) ;
#344 = CARTESIAN_POINT ( 'NONE',  ( 1.175000000000000500, 0.5801162633521307300, -0.7499999999999998900 ) ) ;
#345 = DIRECTION ( 'NONE',  ( -0.0000000000000000000, -1.000000000000000000, -0.0000000000000000000 ) ) ;
#346 = ORIENTED_EDGE ( 'NONE', *, *, #108, .F. ) ;
#347 = CIRCLE ( 'NONE', #1594, 0.1250000000000000000 ) ;
#348 = EDGE_CURVE ( 'NONE', #1728, #738, #1812, .T. ) ;
#349 = ORIENTED_EDGE ( 'NONE', *, *, #2007, .F. ) ;
#350 = VERTEX_POINT ( 'NONE', #2376 ) ;
#351 = UNCERTAINTY_MEASURE_WITH_UNIT (LENGTH_MEASURE( 1.000000000000000100E-005 ), #1157, 'distance_accuracy_value', 'NONE');
#352 = CARTESIAN_POINT ( 'NONE',  ( -1.399999999999999700, 0.1499999999999999900, 0.6250000000000001100 ) ) ;
#353 = DIRECTION ( 'NONE',  ( -0.0000000000000000000, -0.0000000000000000000, 1.000000000000000000 ) ) ;
#354 = CARTESIAN_POINT ( 'NONE',  ( -0.09999999999999965900, 0.1499999999999999700, -0.7249999999999995300 ) ) ;
#355 = EDGE_CURVE ( 'NONE', #777, #519, #35, .T. ) ;
#356 = ORIENTED_EDGE ( 'NONE', *, *, #238, .T. ) ;
#357 = ORIENTED_EDGE ( 'NONE', *, *, #2314, .T. ) ;
#358 = CARTESIAN_POINT ( 'NONE',  ( -1.175000000000000500, 0.0000000000000000000, 0.1250000000000001100 ) ) ;
#359 = EDGE_LOOP ( 'NONE', ( #1973, #1204, #2859, #1555 ) ) ;
#360 = CARTESIAN_POINT ( 'NONE',  ( -1.399999999999999700, 0.0000000000000000000, -0.8749999999999998900 ) ) ;
#361 = ORIENTED_EDGE ( 'NONE', *, *, #2789, .T. ) ;
#362 = DIRECTION ( 'NONE',  ( 0.0000000000000000000, 0.0000000000000000000, -1.000000000000000000 ) ) ;
#363 = CARTESIAN_POINT ( 'NONE',  ( 0.0000000000000000000, 0.0000000000000000000, 0.5000000000000000000 ) ) ;
#364 = VERTEX_POINT ( 'NONE', #630 ) ;
#365 = EDGE_LOOP ( 'NONE', ( #1243, #2920, #1386, #3006 ) ) ;
#366 = VECTOR ( 'NONE', #2099, 1000.000000000000000 ) ;
#367 = DIRECTION ( 'NONE',  ( -0.0000000000000000000, -1.000000000000000000, 0.0000000000000000000 ) ) ;
#368 = EDGE_CURVE ( 'NONE', #1940, #2516, #1624, .T. ) ;
#369 = CLOSED_SHELL ( 'NONE', ( #234, #2793, #398, #1775, #2603, #1467 ) ) ;
#370 = VECTOR ( 'NONE', #1899, 1000.000000000000000 ) ;
#371 = VECTOR ( 'NONE', #1988, 1000.000000000000000 ) ;
#372 = DIRECTION ( 'NONE',  ( -0.0000000000000000000, -1.000000000000000000, -0.0000000000000000000 ) ) ;
#373 = PLANE ( 'NONE',  #2257 ) ;
#374 = ORIENTED_EDGE ( 'NONE', *, *, #1529, .T. ) ;
#375 = CIRCLE ( 'NONE', #969, 0.1250000000000000000 ) ;
#376 = DIRECTION ( 'NONE',  ( -1.000000000000000000, 0.0000000000000000000, -0.0000000000000000000 ) ) ;
#377 = ORIENTED_EDGE ( 'NONE', *, *, #621, .F. ) ;
#378 = EDGE_CURVE ( 'NONE', #2767, #2288, #2347, .T. ) ;
#379 = FACE_OUTER_BOUND ( 'NONE', #1019, .T. ) ;
#380 = ORIENTED_EDGE ( 'NONE', *, *, #3077, .T. ) ;
#381 = SURFACE_SIDE_STYLE ('',( #2415 ) ) ;
#382 = ADVANCED_FACE ( 'NONE', ( #226 ), #1101, .F. ) ;
#383 = VECTOR ( 'NONE', #1936, 1000.000000000000000 ) ;
#384 = AXIS2_PLACEMENT_3D ( 'NONE', #2653, #2670, #2943 ) ;
#385 = FACE_OUTER_BOUND ( 'NONE', #3091, .T. ) ;
#386 = CARTESIAN_POINT ( 'NONE',  ( 1.500000000000000000, 0.05000000000000000300, -1.000000000000000400 ) ) ;
#387 = ORIENTED_EDGE ( 'NONE', *, *, #2428, .T. ) ;
#388 = CARTESIAN_POINT ( 'NONE',  ( -0.09999999999999967200, 0.0000000000000000000, -0.6249999999999994400 ) ) ;
#389 = DIRECTION ( 'NONE',  ( 0.0000000000000000000, -0.0000000000000000000, -1.000000000000000000 ) ) ;
#390 = ADVANCED_FACE ( 'NONE', ( #722 ), #633, .F. ) ;
#391 = EDGE_CURVE ( 'NONE', #1940, #742, #1892, .T. ) ;
#392 = DIRECTION ( 'NONE',  ( 1.000000000000000000, 0.0000000000000000000, -1.084202172485505200E-015 ) ) ;
#393 = CARTESIAN_POINT ( 'NONE',  ( -1.175000000000000500, 0.04999999999999999600, -0.6249999999999998900 ) ) ;
#394 = EDGE_LOOP ( 'NONE', ( #523, #1757, #3187, #276 ) ) ;
#395 = FILL_AREA_STYLE_COLOUR ( '', #1250 ) ;
#396 = VERTEX_POINT ( 'NONE', #331 ) ;
#397 = EDGE_CURVE ( 'NONE', #1497, #650, #2988, .T. ) ;
#398 = ADVANCED_FACE ( 'NONE', ( #2824 ), #1133, .T. ) ;
#399 = DIRECTION ( 'NONE',  ( 1.000000000000000000, 0.0000000000000000000, 0.0000000000000000000 ) ) ;
#400 = EDGE_LOOP ( 'NONE', ( #2635, #1140, #931, #1719 ) ) ;
#401 = AXIS2_PLACEMENT_3D ( 'NONE', #229, #1999, #973 ) ;
#402 = CARTESIAN_POINT ( 'NONE',  ( -1.175000000000000500, 0.04999999999999999600, -0.2499999999999998900 ) ) ;
#403 = EDGE_LOOP ( 'NONE', ( #717, #1627, #2490, #1086 ) ) ;
#404 = DIRECTION ( 'NONE',  ( 0.0000000000000000000, -1.000000000000000000, 0.0000000000000000000 ) ) ;
#405 = VERTEX_POINT ( 'NONE', #358 ) ;
#406 = CARTESIAN_POINT ( 'NONE',  ( -1.175000000000000500, 0.04999999999999999600, 0.6250000000000001100 ) ) ;
#407 = VERTEX_POINT ( 'NONE', #122 ) ;
#408 = DIRECTION ( 'NONE',  ( 0.0000000000000000000, 0.0000000000000000000, -1.000000000000000000 ) ) ;
#409 = DIRECTION ( 'NONE',  ( 0.0000000000000000000, 0.0000000000000000000, 1.000000000000000000 ) ) ;
#410 = EDGE_LOOP ( 'NONE', ( #955, #2845, #1903, #1207 ) ) ;
#411 = LINE ( 'NONE', #65, #136 ) ;
#412 = ORIENTED_EDGE ( 'NONE', *, *, #733, .T. ) ;
#413 = DIRECTION ( 'NONE',  ( 0.0000000000000000000, 0.0000000000000000000, 1.000000000000000000 ) ) ;
#414 = ORIENTED_EDGE ( 'NONE', *, *, #2457, .F. ) ;
#415 = LINE ( 'NONE', #1372, #2241 ) ;
#416 = EDGE_CURVE ( 'NONE', #27, #79, #434, .T. ) ;
#417 = FACE_OUTER_BOUND ( 'NONE', #1644, .T. ) ;
#418 = VERTEX_POINT ( 'NONE', #1610 ) ;
#419 = FACE_OUTER_BOUND ( 'NONE', #1750, .T. ) ;
#420 = PLANE ( 'NONE',  #217 ) ;
#421 = FACE_OUTER_BOUND ( 'NONE', #2350, .T. ) ;
#422 = CARTESIAN_POINT ( 'NONE',  ( -0.09999999999999982500, 0.0000000000000000000, 0.8000000000000006000 ) ) ;
#423 = EDGE_LOOP ( 'NONE', ( #2184, #989, #387, #933 ) ) ;
#424 = EDGE_CURVE ( 'NONE', #3233, #850, #2128, .T. ) ;
#425 = LINE ( 'NONE', #555, #3112 ) ;
#426 = PLANE ( 'NONE',  #199 ) ;
#427 = CARTESIAN_POINT ( 'NONE',  ( -1.399999999999999700, 0.1499999999999999900, -0.3749999999999998900 ) ) ;
#428 = DIRECTION ( 'NONE',  ( 0.0000000000000000000, 1.000000000000000000, -0.0000000000000000000 ) ) ;
#429 = CIRCLE ( 'NONE', #2783, 0.1250000000000000000 ) ;
#430 = CARTESIAN_POINT ( 'NONE',  ( 1.175000000000000500, 0.1499999999999999900, 0.8750000000000001100 ) ) ;
#431 = DIRECTION ( 'NONE',  ( 0.0000000000000000000, -1.000000000000000000, 0.0000000000000000000 ) ) ;
#432 = EDGE_CURVE ( 'NONE', #1546, #1728, #2502, .T. ) ;
#433 = ORIENTED_EDGE ( 'NONE', *, *, #2899, .T. ) ;
#434 = LINE ( 'NONE', #2656, #1220 ) ;
#435 = AXIS2_PLACEMENT_3D ( 'NONE', #1740, #1219, #1499 ) ;
#436 = AXIS2_PLACEMENT_3D ( 'NONE', #1746, #2829, #1820 ) ;
#437 = DIRECTION ( 'NONE',  ( 1.000000000000000000, 0.0000000000000000000, 0.0000000000000000000 ) ) ;
#438 = CARTESIAN_POINT ( 'NONE',  ( -1.175000000000000500, 0.04999999999999999600, 0.2500000000000001100 ) ) ;
#439 = CARTESIAN_POINT ( 'NONE',  ( -0.09999999999999967200, 0.04999999999999991300, -0.6249999999999994400 ) ) ;
#440 = DIRECTION ( 'NONE',  ( 0.0000000000000000000, 0.0000000000000000000, -1.000000000000000000 ) ) ;
#441 = EDGE_CURVE ( 'NONE', #2508, #64, #1705, .T. ) ;
#442 = EDGE_LOOP ( 'NONE', ( #1210, #2840 ) ) ;
#443 = LINE ( 'NONE', #1436, #1309 ) ;
#444 = ORIENTED_EDGE ( 'NONE', *, *, #1716, .T. ) ;
#445 = SURFACE_SIDE_STYLE ('',( #2786 ) ) ;
#446 = DIRECTION ( 'NONE',  ( -0.0000000000000000000, -1.000000000000000000, -0.0000000000000000000 ) ) ;
#447 = EDGE_CURVE ( 'NONE', #1497, #1145, #347, .T. ) ;
#448 = ORIENTED_EDGE ( 'NONE', *, *, #391, .T. ) ;
#449 = DIRECTION ( 'NONE',  ( -1.000000000000000000, 0.0000000000000000000, 1.084202172485505200E-015 ) ) ;
#450 = ORIENTED_EDGE ( 'NONE', *, *, #1588, .F. ) ;
#451 = AXIS2_PLACEMENT_3D ( 'NONE', #1365, #1847, #2884 ) ;
#452 = LINE ( 'NONE', #1015, #774 ) ;
#453 = CARTESIAN_POINT ( 'NONE',  ( -1.214904624038740400, 0.4999999999999998900, -0.7749247067280264900 ) ) ;
#454 = VERTEX_POINT ( 'NONE', #2719 ) ;
#455 = LINE ( 'NONE', #188, #329 ) ;
#456 = CARTESIAN_POINT ( 'NONE',  ( -1.399999999999999700, 0.5801162633521307300, 0.8750000000000001100 ) ) ;
#457 = FILL_AREA_STYLE ('',( #2264 ) ) ;
#458 = AXIS2_PLACEMENT_3D ( 'NONE', #518, #514, #797 ) ;
#459 = LINE ( 'NONE', #1190, #665 ) ;
#460 = VECTOR ( 'NONE', #157, 1000.000000000000000 ) ;
#461 = CARTESIAN_POINT ( 'NONE',  ( 0.0000000000000000000, 0.1499999999999999700, 0.8750000000000001100 ) ) ;
#462 = ORIENTED_EDGE ( 'NONE', *, *, #609, .T. ) ;
#463 = CARTESIAN_POINT ( 'NONE',  ( 1.399999999999999700, 0.1499999999999999900, -0.6249999999999998900 ) ) ;
#464 = VECTOR ( 'NONE', #556, 1000.000000000000000 ) ;
#465 = CLOSED_SHELL ( 'NONE', ( #1986, #38, #1658, #2266, #1142, #723 ) ) ;
#466 = DIRECTION ( 'NONE',  ( 0.0000000000000000000, -1.000000000000000000, 0.0000000000000000000 ) ) ;
#467 = COLOUR_RGB ( '',0.7921568627450980000, 0.8196078431372548800, 0.9333333333333333500 ) ;
#468 = DIRECTION ( 'NONE',  ( -1.000000000000000000, 0.0000000000000000000, 0.0000000000000000000 ) ) ;
#469 = CARTESIAN_POINT ( 'NONE',  ( -0.09999999999999965900, 0.1499999999999999700, -0.7249999999999995300 ) ) ;
#470 = PLANE ( 'NONE',  #1678 ) ;
#471 = DIRECTION ( 'NONE',  ( 1.000000000000000000, 0.0000000000000000000, -0.0000000000000000000 ) ) ;
#472 = LINE ( 'NONE', #3272, #3277 ) ;
#473 = DIRECTION ( 'NONE',  ( 0.0000000000000000000, 0.0000000000000000000, 1.000000000000000000 ) ) ;
#474 = PLANE ( 'NONE',  #529 ) ;
#475 = AXIS2_PLACEMENT_3D ( 'NONE', #49, #591, #1103 ) ;
#476 = AXIS2_PLACEMENT_3D ( 'NONE', #1206, #3279, #2748 ) ;
#477 = CARTESIAN_POINT ( 'NONE',  ( -1.175000000000000500, 0.1499999999999999900, -0.1249999999999998900 ) ) ;
#478 = DIRECTION ( 'NONE',  ( 0.0000000000000000000, -0.0000000000000000000, -1.000000000000000000 ) ) ;
#479 = ORIENTED_EDGE ( 'NONE', *, *, #3175, .T. ) ;
#480 = EDGE_CURVE ( 'NONE', #862, #2915, #3072, .T. ) ;
#481 = DIRECTION ( 'NONE',  ( 0.0000000000000000000, -1.000000000000000000, 0.0000000000000000000 ) ) ;
#482 = EDGE_LOOP ( 'NONE', ( #2191, #3205, #346, #559 ) ) ;
#483 = ADVANCED_FACE ( 'NONE', ( #956 ), #2978, .T. ) ;
#484 = DIRECTION ( 'NONE',  ( 0.0000000000000000000, -1.000000000000000000, 0.0000000000000000000 ) ) ;
#485 = CARTESIAN_POINT ( 'NONE',  ( -1.399999999999999700, 0.1499999999999999900, 0.6250000000000001100 ) ) ;
#486 = EDGE_LOOP ( 'NONE', ( #2543, #3117, #3174, #1827 ) ) ;
#487 = CARTESIAN_POINT ( 'NONE',  ( 1.399999999999999700, 0.05000000000000000300, 0.1250000000000001100 ) ) ;
#488 = ORIENTED_EDGE ( 'NONE', *, *, #80, .T. ) ;
#489 = VECTOR ( 'NONE', #250, 1000.000000000000000 ) ;
#490 = EDGE_LOOP ( 'NONE', ( #2834, #2906, #2142, #657 ) ) ;
#491 = PLANE ( 'NONE',  #2647 ) ;
#492 = VECTOR ( 'NONE', #2440, 1000.000000000000000 ) ;
#493 = STYLED_ITEM ( 'NONE', ( #2919 ), #3079 ) ;
#494 = AXIS2_PLACEMENT_3D ( 'NONE', #1174, #2962, #1431 ) ;
#495 = VECTOR ( 'NONE', #2799, 1000.000000000000000 ) ;
#496 = DIRECTION ( 'NONE',  ( -1.000000000000000000, 0.0000000000000000000, 0.0000000000000000000 ) ) ;
#497 = VECTOR ( 'NONE', #611, 1000.000000000000000 ) ;
#498 = ORIENTED_EDGE ( 'NONE', *, *, #2472, .T. ) ;
#499 = VECTOR ( 'NONE', #1751, 1000.000000000000000 ) ;
#500 = ORIENTED_EDGE ( 'NONE', *, *, #3125, .F. ) ;
#501 = UNCERTAINTY_MEASURE_WITH_UNIT (LENGTH_MEASURE( 1.000000000000000100E-005 ), #795, 'distance_accuracy_value', 'NONE');
#502 = ORIENTED_EDGE ( 'NONE', *, *, #2107, .F. ) ;
#503 = ADVANCED_FACE ( 'NONE', ( #1416 ), #155, .F. ) ;
#504 = VECTOR ( 'NONE', #2398, 1000.000000000000000 ) ;
#505 = CARTESIAN_POINT ( 'NONE',  ( -1.175000000000000500, 0.1499999999999999900, -0.8749999999999998900 ) ) ;
#506 = EDGE_CURVE ( 'NONE', #3042, #1962, #2296, .T. ) ;
#507 = LINE ( 'NONE', #2340, #3025 ) ;
#508 = CARTESIAN_POINT ( 'NONE',  ( -1.175000000000000500, 0.1499999999999999900, 0.1250000000000001100 ) ) ;
#509 = FACE_OUTER_BOUND ( 'NONE', #557, .T. ) ;
#510 = EDGE_CURVE ( 'NONE', #1434, #1882, #1457, .T. ) ;
#511 = DIRECTION ( 'NONE',  ( 1.355252715606880500E-016, 0.0000000000000000000, -1.000000000000000000 ) ) ;
#512 = VECTOR ( 'NONE', #1299, 1000.000000000000000 ) ;
#513 = DIRECTION ( 'NONE',  ( 0.0000000000000000000, 1.000000000000000000, 0.0000000000000000000 ) ) ;
#514 = DIRECTION ( 'NONE',  ( -0.0000000000000000000, -1.000000000000000000, -0.0000000000000000000 ) ) ;
#515 = CARTESIAN_POINT ( 'NONE',  ( 1.399999999999999700, 0.0000000000000000000, 0.8750000000000001100 ) ) ;
#516 = ORIENTED_EDGE ( 'NONE', *, *, #368, .F. ) ;
#517 = EDGE_CURVE ( 'NONE', #2950, #2798, #1027, .T. ) ;
#518 = CARTESIAN_POINT ( 'NONE',  ( 1.175000000000000500, 0.5801162633521307300, 0.7500000000000001100 ) ) ;
#519 = VERTEX_POINT ( 'NONE', #2957 ) ;
#520 = DIRECTION ( 'NONE',  ( 0.0000000000000000000, 1.000000000000000000, 0.0000000000000000000 ) ) ;
#521 = ORIENTED_EDGE ( 'NONE', *, *, #959, .F. ) ;
#522 = LINE ( 'NONE', #764, #2105 ) ;
#523 = ORIENTED_EDGE ( 'NONE', *, *, #688, .F. ) ;
#524 = VECTOR ( 'NONE', #2977, 1000.000000000000000 ) ;
#525 = PLANE ( 'NONE',  #277 ) ;
#526 = DIRECTION ( 'NONE',  ( -1.000000000000000000, 0.0000000000000000000, -0.0000000000000000000 ) ) ;
#527 = ADVANCED_FACE ( 'NONE', ( #190 ), #1939, .T. ) ;
#528 = AXIS2_PLACEMENT_3D ( 'NONE', #3241, #2190, #161 ) ;
#529 = AXIS2_PLACEMENT_3D ( 'NONE', #1698, #1935, #1211 ) ;
#530 = ORIENTED_EDGE ( 'NONE', *, *, #1263, .T. ) ;
#531 = CARTESIAN_POINT ( 'NONE',  ( 0.0000000000000000000, 0.05000000000000000300, 0.6250000000000001100 ) ) ;
#532 = PRESENTATION_STYLE_ASSIGNMENT (( #1562 ) ) ;
#533 = ADVANCED_FACE ( 'NONE', ( #2902 ), #2454, .T. ) ;
#534 = MANIFOLD_SOLID_BREP ( 'Boss-Extrude5', #2417 ) ;
#535 = ORIENTED_EDGE ( 'NONE', *, *, #1942, .F. ) ;
#536 = DIRECTION ( 'NONE',  ( 1.000000000000000000, 0.0000000000000000000, 0.0000000000000000000 ) ) ;
#537 = VECTOR ( 'NONE', #873, 1000.000000000000000 ) ;
#538 = DIRECTION ( 'NONE',  ( 0.0000000000000000000, -1.000000000000000000, 0.0000000000000000000 ) ) ;
#539 = CARTESIAN_POINT ( 'NONE',  ( -1.214904624038740400, 0.5999999999999999800, -0.6332658307653108400 ) ) ;
#540 = PLANE ( 'NONE',  #31 ) ;
#541 = DIRECTION ( 'NONE',  ( -0.0000000000000000000, 0.0000000000000000000, -1.000000000000000000 ) ) ;
#542 = EDGE_CURVE ( 'NONE', #1631, #2169, #1810, .T. ) ;
#543 = FACE_BOUND ( 'NONE', #925, .T. ) ;
#544 = ADVANCED_FACE ( 'NONE', ( #2823 ), #3212, .F. ) ;
#545 = EDGE_CURVE ( 'NONE', #1938, #3042, #2574, .T. ) ;
#546 = DIRECTION ( 'NONE',  ( 0.0000000000000000000, -0.0000000000000000000, -1.000000000000000000 ) ) ;
#547 = DIRECTION ( 'NONE',  ( 0.0000000000000000000, 0.0000000000000000000, 1.000000000000000000 ) ) ;
#548 = ADVANCED_FACE ( 'NONE', ( #2617 ), #3257, .F. ) ;
#549 = DIRECTION ( 'NONE',  ( -0.0000000000000000000, -1.000000000000000000, 0.0000000000000000000 ) ) ;
#550 = AXIS2_PLACEMENT_3D ( 'NONE', #730, #218, #206 ) ;
#551 = ORIENTED_EDGE ( 'NONE', *, *, #856, .F. ) ;
#552 = DIRECTION ( 'NONE',  ( 0.0000000000000000000, 0.0000000000000000000, -1.000000000000000000 ) ) ;
#553 = CARTESIAN_POINT ( 'NONE',  ( 1.175000000000000500, 0.0000000000000000000, -0.2499999999999998900 ) ) ;
#554 = ORIENTED_EDGE ( 'NONE', *, *, #1933, .T. ) ;
#555 = CARTESIAN_POINT ( 'NONE',  ( 0.0000000000000000000, 0.0000000000000000000, -0.6249999999999998900 ) ) ;
#556 = DIRECTION ( 'NONE',  ( 0.0000000000000000000, -1.000000000000000000, 0.0000000000000000000 ) ) ;
#557 = EDGE_LOOP ( 'NONE', ( #2273, #1001, #3245, #1047 ) ) ;
#558 = EDGE_CURVE ( 'NONE', #134, #407, #1144, .T. ) ;
#559 = ORIENTED_EDGE ( 'NONE', *, *, #1591, .F. ) ;
#560 = CARTESIAN_POINT ( 'NONE',  ( 0.0000000000000000000, 0.05000000000000000300, 0.0000000000000000000 ) ) ;
#561 = ORIENTED_EDGE ( 'NONE', *, *, #1633, .T. ) ;
#562 = CARTESIAN_POINT ( 'NONE',  ( 0.1000000000000000500, 1.762451549659709700, 0.8000000000000003800 ) ) ;
#563 = FACE_OUTER_BOUND ( 'NONE', #2721, .T. ) ;
#564 = DIRECTION ( 'NONE',  ( -0.0000000000000000000, -1.000000000000000000, -0.0000000000000000000 ) ) ;
#565 = LINE ( 'NONE', #335, #1914 ) ;
#566 = EDGE_CURVE ( 'NONE', #971, #932, #791, .T. ) ;
#567 = DIRECTION ( 'NONE',  ( 1.000000000000000000, -0.0000000000000000000, 0.0000000000000000000 ) ) ;
#568 = ORIENTED_EDGE ( 'NONE', *, *, #1221, .T. ) ;
#569 = VERTEX_POINT ( 'NONE', #1689 ) ;
#570 = VECTOR ( 'NONE', #3127, 1000.000000000000000 ) ;
#571 = CYLINDRICAL_SURFACE ( 'NONE', #2038, 0.1250000000000000000 ) ;
#572 = CARTESIAN_POINT ( 'NONE',  ( -1.175000000000000500, 0.1499999999999999900, -0.7499999999999998900 ) ) ;
#573 = DIRECTION ( 'NONE',  ( -1.000000000000000000, 0.0000000000000000000, -5.421010862427525100E-016 ) ) ;
#574 = ORIENTED_EDGE ( 'NONE', *, *, #1963, .F. ) ;
#575 = AXIS2_PLACEMENT_3D ( 'NONE', #1224, #1531, #1508 ) ;
#576 = LINE ( 'NONE', #1744, #2375 ) ;
#577 = DIRECTION ( 'NONE',  ( -0.0000000000000000000, -1.000000000000000000, -0.0000000000000000000 ) ) ;
#578 = CARTESIAN_POINT ( 'NONE',  ( -1.399999999999999700, 0.1499999999999999700, 0.8750000000000001100 ) ) ;
#579 = ORIENTED_EDGE ( 'NONE', *, *, #2428, .F. ) ;
#580 = VERTEX_POINT ( 'NONE', #3293 ) ;
#581 = VECTOR ( 'NONE', #392, 1000.000000000000000 ) ;
#582 = AXIS2_PLACEMENT_3D ( 'NONE', #2112, #3183, #2397 ) ;
#583 = DIRECTION ( 'NONE',  ( -1.000000000000000000, 0.0000000000000000000, -0.0000000000000000000 ) ) ;
#584 = LINE ( 'NONE', #911, #2345 ) ;
#585 = EDGE_CURVE ( 'NONE', #1429, #1, #877, .T. ) ;
#586 = SURFACE_SIDE_STYLE ('',( #2462 ) ) ;
#587 = ORIENTED_EDGE ( 'NONE', *, *, #1187, .F. ) ;
#588 = VERTEX_POINT ( 'NONE', #2758 ) ;
#589 = CARTESIAN_POINT ( 'NONE',  ( 1.175000000000000500, 0.1499999999999999700, 0.7500000000000001100 ) ) ;
#590 = EDGE_CURVE ( 'NONE', #3062, #2508, #3194, .T. ) ;
#591 = DIRECTION ( 'NONE',  ( -0.0000000000000000000, -1.000000000000000000, 0.0000000000000000000 ) ) ;
#592 = CARTESIAN_POINT ( 'NONE',  ( 0.1000000000000002600, 0.0000000000000000000, -0.7999999999999994900 ) ) ;
#593 = CARTESIAN_POINT ( 'NONE',  ( -1.399999999999999700, 0.04999999999999999600, 0.1250000000000001100 ) ) ;
#594 = CARTESIAN_POINT ( 'NONE',  ( 1.175000000000000500, 0.1499999999999999700, -0.7499999999999998900 ) ) ;
#595 = EDGE_LOOP ( 'NONE', ( #1533, #3056, #2096, #3088 ) ) ;
#596 = CARTESIAN_POINT ( 'NONE',  ( 0.1000000000000000500, 0.0000000000000000000, 0.8000000000000003800 ) ) ;
#597 = DIRECTION ( 'NONE',  ( 0.0000000000000000000, 0.0000000000000000000, 1.000000000000000000 ) ) ;
#598 = STYLED_ITEM ( 'NONE', ( #3092 ), #3275 ) ;
#599 = MANIFOLD_SOLID_BREP ( 'LPattern2[2]', #2445 ) ;
#600 = STYLED_ITEM ( 'NONE', ( #2086 ), #957 ) ;
#601 = ORIENTED_EDGE ( 'NONE', *, *, #1393, .T. ) ;
#602 = CIRCLE ( 'NONE', #2435, 0.1416588759627156700 ) ;
#603 = CARTESIAN_POINT ( 'NONE',  ( 0.0000000000000000000, 0.0000000000000000000, 0.8750000000000001100 ) ) ;
#604 = ORIENTED_EDGE ( 'NONE', *, *, #2446, .F. ) ;
#605 = ORIENTED_EDGE ( 'NONE', *, *, #1970, .F. ) ;
#606 = SURFACE_STYLE_FILL_AREA ( #1552 ) ;
#607 = ORIENTED_EDGE ( 'NONE', *, *, #1097, .F. ) ;
#608 = ORIENTED_EDGE ( 'NONE', *, *, #1505, .F. ) ;
#609 = EDGE_CURVE ( 'NONE', #623, #704, #833, .T. ) ;
#610 = FACE_OUTER_BOUND ( 'NONE', #11, .T. ) ;
#611 = DIRECTION ( 'NONE',  ( -0.0000000000000000000, -1.000000000000000000, -0.0000000000000000000 ) ) ;
#612 = ORIENTED_EDGE ( 'NONE', *, *, #832, .T. ) ;
#613 = DIRECTION ( 'NONE',  ( -0.0000000000000000000, -1.000000000000000000, -0.0000000000000000000 ) ) ;
#614 = ORIENTED_EDGE ( 'NONE', *, *, #2021, .F. ) ;
#615 = VECTOR ( 'NONE', #2688, 1000.000000000000000 ) ;
#616 = ORIENTED_EDGE ( 'NONE', *, *, #2090, .F. ) ;
#617 = DIRECTION ( 'NONE',  ( -1.000000000000000000, 0.0000000000000000000, 0.0000000000000000000 ) ) ;
#618 = DIRECTION ( 'NONE',  ( 0.0000000000000000000, 0.0000000000000000000, -1.000000000000000000 ) ) ;
#619 = ORIENTED_EDGE ( 'NONE', *, *, #2274, .F. ) ;
#620 = LINE ( 'NONE', #198, #2684 ) ;
#621 = EDGE_CURVE ( 'NONE', #267, #364, #2467, .T. ) ;
#622 = VECTOR ( 'NONE', #431, 1000.000000000000000 ) ;
#623 = VERTEX_POINT ( 'NONE', #189 ) ;
#624 = VECTOR ( 'NONE', #110, 1000.000000000000000 ) ;
#625 = CARTESIAN_POINT ( 'NONE',  ( -1.399999999999999700, 0.1499999999999999900, 0.8750000000000001100 ) ) ;
#626 = AXIS2_PLACEMENT_3D ( 'NONE', #594, #2611, #843 ) ;
#627 = ORIENTED_EDGE ( 'NONE', *, *, #40, .F. ) ;
#628 = FACE_OUTER_BOUND ( 'NONE', #2791, .T. ) ;
#629 = DIRECTION ( 'NONE',  ( 1.000000000000000000, 0.0000000000000000000, 0.0000000000000000000 ) ) ;
#630 = CARTESIAN_POINT ( 'NONE',  ( 1.399999999999999700, 0.05000000000000000300, -0.8749999999999998900 ) ) ;
#631 = AXIS2_PLACEMENT_3D ( 'NONE', #2, #541, #3116 ) ;
#632 = PLANE ( 'NONE',  #3041 ) ;
#633 = CYLINDRICAL_SURFACE ( 'NONE', #274, 0.1250000000000000000 ) ;
#634 = EDGE_CURVE ( 'NONE', #1274, #2812, #2984, .T. ) ;
#635 = CARTESIAN_POINT ( 'NONE',  ( 1.175000000000000500, 0.04999999999999999600, -0.6249999999999998900 ) ) ;
#636 = DIRECTION ( 'NONE',  ( 1.000000000000000000, 0.0000000000000000000, 0.0000000000000000000 ) ) ;
#637 = CARTESIAN_POINT ( 'NONE',  ( -1.175000000000000500, 0.1499999999999999900, -0.3749999999999998900 ) ) ;
#638 = EDGE_LOOP ( 'NONE', ( #1572, #280, #2642, #695 ) ) ;
#639 = DIRECTION ( 'NONE',  ( -0.0000000000000000000, -1.000000000000000000, -0.0000000000000000000 ) ) ;
#640 = SURFACE_SIDE_STYLE ('',( #101 ) ) ;
#641 = DIRECTION ( 'NONE',  ( -1.445602896647339200E-016, 0.0000000000000000000, -1.000000000000000000 ) ) ;
#642 = AXIS2_PLACEMENT_3D ( 'NONE', #87, #81, #2093 ) ;
#643 = EDGE_LOOP ( 'NONE', ( #1445, #1095, #2405, #752 ) ) ;
#644 = VERTEX_POINT ( 'NONE', #2746 ) ;
#645 = DIRECTION ( 'NONE',  ( -0.0000000000000000000, 0.0000000000000000000, 1.000000000000000000 ) ) ;
#646 =( NAMED_UNIT ( * ) PLANE_ANGLE_UNIT ( ) SI_UNIT ( $, .RADIAN. ) );
#647 =( GEOMETRIC_REPRESENTATION_CONTEXT ( 3 ) GLOBAL_UNCERTAINTY_ASSIGNED_CONTEXT ( ( #247 ) ) GLOBAL_UNIT_ASSIGNED_CONTEXT ( ( #3114, #2052, #2584 ) ) REPRESENTATION_CONTEXT ( 'NONE', 'WORKASPACE' ) );
#648 = AXIS2_PLACEMENT_3D ( 'NONE', #2245, #1741, #473 ) ;
#649 = DIRECTION ( 'NONE',  ( -1.084202172485504600E-016, 0.0000000000000000000, -1.000000000000000000 ) ) ;
#650 = VERTEX_POINT ( 'NONE', #988 ) ;
#651 = LINE ( 'NONE', #2243, #1122 ) ;
#652 = ORIENTED_EDGE ( 'NONE', *, *, #1342, .T. ) ;
#653 = ORIENTED_EDGE ( 'NONE', *, *, #312, .T. ) ;
#654 = LINE ( 'NONE', #3270, #1238 ) ;
#655 = CARTESIAN_POINT ( 'NONE',  ( 1.399999999999999700, 0.0000000000000000000, 1.000000000000000000 ) ) ;
#656 = DIRECTION ( 'NONE',  ( 0.0000000000000000000, -1.000000000000000000, 0.0000000000000000000 ) ) ;
#657 = ORIENTED_EDGE ( 'NONE', *, *, #1123, .F. ) ;
#658 = EDGE_CURVE ( 'NONE', #1009, #1597, #111, .T. ) ;
#659 = ORIENTED_EDGE ( 'NONE', *, *, #3261, .T. ) ;
#660 = VECTOR ( 'NONE', #2171, 1000.000000000000000 ) ;
#661 = LINE ( 'NONE', #2346, #907 ) ;
#662 = CARTESIAN_POINT ( 'NONE',  ( -1.175000000000000500, 0.5801162633521307300, -0.6249999999999998900 ) ) ;
#663 = FILL_AREA_STYLE_COLOUR ( '', #3068 ) ;
#664 = PLANE ( 'NONE',  #2011 ) ;
#665 = VECTOR ( 'NONE', #1964, 1000.000000000000000 ) ;
#666 = LINE ( 'NONE', #3286, #499 ) ;
#667 = PLANE ( 'NONE',  #1625 ) ;
#668 = VERTEX_POINT ( 'NONE', #210 ) ;
#669 = DIRECTION ( 'NONE',  ( 0.0000000000000000000, -1.000000000000000000, 0.0000000000000000000 ) ) ;
#670 = ORIENTED_EDGE ( 'NONE', *, *, #2741, .T. ) ;
#671 = AXIS2_PLACEMENT_3D ( 'NONE', #560, #2355, #3085 ) ;
#672 = VECTOR ( 'NONE', #2706, 1000.000000000000000 ) ;
#673 = SURFACE_STYLE_USAGE ( .BOTH. , #381 ) ;
#674 = CIRCLE ( 'NONE', #341, 0.1250000000000000000 ) ;
#675 = CARTESIAN_POINT ( 'NONE',  ( -1.399999999999999700, 0.1499999999999999900, -0.1249999999999998900 ) ) ;
#676 = PRESENTATION_LAYER_ASSIGNMENT (  '', '', ( #493 ) ) ;
#677 = AXIS2_PLACEMENT_3D ( 'NONE', #1409, #2413, #389 ) ;
#678 = DIRECTION ( 'NONE',  ( 1.000000000000000000, 0.0000000000000000000, 0.0000000000000000000 ) ) ;
#679 = SURFACE_STYLE_USAGE ( .BOTH. , #1154 ) ;
#680 = ORIENTED_EDGE ( 'NONE', *, *, #1766, .F. ) ;
#681 = CARTESIAN_POINT ( 'NONE',  ( -1.175000000000000500, 0.0000000000000000000, 0.2500000000000001100 ) ) ;
#682 = EDGE_CURVE ( 'NONE', #1738, #1631, #3161, .T. ) ;
#683 = CARTESIAN_POINT ( 'NONE',  ( -1.175000000000000500, 0.5801162633521307300, -0.1249999999999998900 ) ) ;
#684 = DIRECTION ( 'NONE',  ( 1.084202172485504600E-016, -0.0000000000000000000, 1.000000000000000000 ) ) ;
#685 = DIRECTION ( 'NONE',  ( 0.0000000000000000000, -1.000000000000000000, 0.0000000000000000000 ) ) ;
#686 = ORIENTED_EDGE ( 'NONE', *, *, #998, .F. ) ;
#687 = DIRECTION ( 'NONE',  ( -1.000000000000000000, 0.0000000000000000000, 0.0000000000000000000 ) ) ;
#688 = EDGE_CURVE ( 'NONE', #2059, #2215, #1620, .T. ) ;
#689 = CARTESIAN_POINT ( 'NONE',  ( -1.399999999999999700, 0.1499999999999999900, -0.1249999999999998900 ) ) ;
#690 = DIRECTION ( 'NONE',  ( -0.0000000000000000000, -1.000000000000000000, 0.0000000000000000000 ) ) ;
#691 = ORIENTED_EDGE ( 'NONE', *, *, #875, .T. ) ;
#692 = ADVANCED_FACE ( 'NONE', ( #509 ), #1721, .T. ) ;
#693 = EDGE_LOOP ( 'NONE', ( #192, #2729, #607, #2321 ) ) ;
#694 = DIRECTION ( 'NONE',  ( -0.0000000000000000000, -1.000000000000000000, 0.0000000000000000000 ) ) ;
#695 = ORIENTED_EDGE ( 'NONE', *, *, #3196, .T. ) ;
#696 = CARTESIAN_POINT ( 'NONE',  ( 1.175000000000000500, 0.04999999999999999600, -0.3749999999999998900 ) ) ;
#697 = ORIENTED_EDGE ( 'NONE', *, *, #1161, .F. ) ;
#698 = DIRECTION ( 'NONE',  ( 1.000000000000000000, 0.0000000000000000000, -0.0000000000000000000 ) ) ;
#699 = AXIS2_PLACEMENT_3D ( 'NONE', #1270, #2623, #1088 ) ;
#700 = EDGE_LOOP ( 'NONE', ( #1240, #479, #69, #2073 ) ) ;
#701 = VECTOR ( 'NONE', #3073, 1000.000000000000000 ) ;
#702 = PLANE ( 'NONE',  #2233 ) ;
#703 = PLANE ( 'NONE',  #2756 ) ;
#704 = VERTEX_POINT ( 'NONE', #3283 ) ;
#705 = VECTOR ( 'NONE', #148, 1000.000000000000000 ) ;
#706 = ORIENTED_EDGE ( 'NONE', *, *, #915, .T. ) ;
#707 = VERTEX_POINT ( 'NONE', #2991 ) ;
#708 = FACE_OUTER_BOUND ( 'NONE', #410, .T. ) ;
#709 = DIRECTION ( 'NONE',  ( -1.000000000000000000, 0.0000000000000000000, -0.0000000000000000000 ) ) ;
#710 = LINE ( 'NONE', #1794, #26 ) ;
#711 =( NAMED_UNIT ( * ) SI_UNIT ( $, .STERADIAN. ) SOLID_ANGLE_UNIT ( ) );
#712 = ORIENTED_EDGE ( 'NONE', *, *, #441, .T. ) ;
#713 = CARTESIAN_POINT ( 'NONE',  ( 1.399999999999999700, 0.1499999999999999700, 0.0000000000000000000 ) ) ;
#714 = ORIENTED_EDGE ( 'NONE', *, *, #1670, .T. ) ;
#715 = CARTESIAN_POINT ( 'NONE',  ( -1.399999999999999700, 0.0000000000000000000, 0.6250000000000001100 ) ) ;
#716 = VERTEX_POINT ( 'NONE', #3012 ) ;
#717 = ORIENTED_EDGE ( 'NONE', *, *, #1835, .T. ) ;
#718 = AXIS2_PLACEMENT_3D ( 'NONE', #1147, #3214, #2139 ) ;
#719 = VECTOR ( 'NONE', #2218, 1000.000000000000000 ) ;
#720 = ORIENTED_EDGE ( 'NONE', *, *, #241, .F. ) ;
#721 = ADVANCED_FACE ( 'NONE', ( #2692 ), #2492, .T. ) ;
#722 = FACE_OUTER_BOUND ( 'NONE', #94, .T. ) ;
#723 = ADVANCED_FACE ( 'NONE', ( #1654 ), #2553, .F. ) ;
#724 = AXIS2_PLACEMENT_3D ( 'NONE', #940, #2956, #1952 ) ;
#725 = CARTESIAN_POINT ( 'NONE',  ( -1.399999999999999700, 0.1499999999999999900, -0.6249999999999998900 ) ) ;
#726 =( LENGTH_UNIT ( ) NAMED_UNIT ( * ) SI_UNIT ( .MILLI., .METRE. ) );
#727 = CARTESIAN_POINT ( 'NONE',  ( -1.399999999999999700, 0.0000000000000000000, -0.8749999999999998900 ) ) ;
#728 = CARTESIAN_POINT ( 'NONE',  ( -1.175000000000000500, 0.5801162633521307300, -0.7499999999999998900 ) ) ;
#729 = EDGE_CURVE ( 'NONE', #1479, #1497, #1454, .T. ) ;
#730 = CARTESIAN_POINT ( 'NONE',  ( -1.175000000000000500, 0.1499999999999999900, 0.7500000000000001100 ) ) ;
#731 = VERTEX_POINT ( 'NONE', #2017 ) ;
#732 =( NAMED_UNIT ( * ) SI_UNIT ( $, .STERADIAN. ) SOLID_ANGLE_UNIT ( ) );
#733 = EDGE_CURVE ( 'NONE', #3291, #1989, #830, .T. ) ;
#734 = ORIENTED_EDGE ( 'NONE', *, *, #98, .F. ) ;
#735 = CARTESIAN_POINT ( 'NONE',  ( -1.175000000000000500, 0.1499999999999999900, 0.2500000000000001100 ) ) ;
#736 = VECTOR ( 'NONE', #944, 1000.000000000000000 ) ;
#737 = CARTESIAN_POINT ( 'NONE',  ( -1.399999999999999700, 0.05000000000000000300, 0.5000000000000000000 ) ) ;
#738 = VERTEX_POINT ( 'NONE', #515 ) ;
#739 = DIRECTION ( 'NONE',  ( 0.0000000000000000000, 0.0000000000000000000, -1.000000000000000000 ) ) ;
#740 = VECTOR ( 'NONE', #468, 1000.000000000000000 ) ;
#741 = DIRECTION ( 'NONE',  ( 0.0000000000000000000, -0.0000000000000000000, -1.000000000000000000 ) ) ;
#742 = VERTEX_POINT ( 'NONE', #3093 ) ;
#743 = EDGE_LOOP ( 'NONE', ( #500, #2392, #1950, #2334 ) ) ;
#744 = CIRCLE ( 'NONE', #2421, 0.1250000000000000000 ) ;
#745 = LINE ( 'NONE', #16, #3145 ) ;
#746 = DIRECTION ( 'NONE',  ( -1.000000000000000000, 0.0000000000000000000, 0.0000000000000000000 ) ) ;
#747 = EDGE_CURVE ( 'NONE', #183, #3308, #2006, .T. ) ;
#748 = LINE ( 'NONE', #54, #2730 ) ;
#749 = LINE ( 'NONE', #1616, #2331 ) ;
#750 = ADVANCED_FACE ( 'NONE', ( #3065 ), #304, .F. ) ;
#751 = VERTEX_POINT ( 'NONE', #2575 ) ;
#752 = ORIENTED_EDGE ( 'NONE', *, *, #1226, .T. ) ;
#753 = PLANE ( 'NONE',  #1448 ) ;
#754 = SURFACE_SIDE_STYLE ('',( #1613 ) ) ;
#755 = EDGE_CURVE ( 'NONE', #2204, #644, #1779, .T. ) ;
#756 = LINE ( 'NONE', #2203, #70 ) ;
#757 = ORIENTED_EDGE ( 'NONE', *, *, #2535, .T. ) ;
#758 = VECTOR ( 'NONE', #1388, 1000.000000000000000 ) ;
#759 = CARTESIAN_POINT ( 'NONE',  ( 1.399999999999999700, 0.0000000000000000000, 0.3750000000000001100 ) ) ;
#760 = DIRECTION ( 'NONE',  ( 2.168404344971008100E-016, 0.0000000000000000000, 1.000000000000000000 ) ) ;
#761 = CARTESIAN_POINT ( 'NONE',  ( 1.175000000000000500, 0.5801162633521307300, -0.1249999999999998900 ) ) ;
#762 = ADVANCED_FACE ( 'NONE', ( #1496 ), #1295, .F. ) ;
#763 = EDGE_CURVE ( 'NONE', #2950, #3223, #674, .T. ) ;
#764 = CARTESIAN_POINT ( 'NONE',  ( -1.399999999999999700, 0.05000000000000000300, 1.000000000000000000 ) ) ;
#765 = CARTESIAN_POINT ( 'NONE',  ( 0.1000000000000000500, 0.1499999999999999700, 0.8000000000000003800 ) ) ;
#766 = EDGE_CURVE ( 'NONE', #932, #2751, #3307, .T. ) ;
#767 = EDGE_LOOP ( 'NONE', ( #890, #2327, #1246, #3019 ) ) ;
#768 = ORIENTED_EDGE ( 'NONE', *, *, #755, .T. ) ;
#769 = CIRCLE ( 'NONE', #2997, 0.1250000000000000000 ) ;
#770 = AXIS2_PLACEMENT_3D ( 'NONE', #1596, #3178, #1630 ) ;
#771 = CARTESIAN_POINT ( 'NONE',  ( -1.399999999999999700, 0.05000000000000000300, 0.3750000000000001100 ) ) ;
#772 = CARTESIAN_POINT ( 'NONE',  ( 0.1000000000000000500, 0.1499999999999999700, 0.8000000000000003800 ) ) ;
#773 = ADVANCED_FACE ( 'NONE', ( #1181 ), #949, .F. ) ;
#774 = VECTOR ( 'NONE', #213, 1000.000000000000000 ) ;
#775 = AXIS2_PLACEMENT_3D ( 'NONE', #865, #372, #2662 ) ;
#776 =( GEOMETRIC_REPRESENTATION_CONTEXT ( 3 ) GLOBAL_UNCERTAINTY_ASSIGNED_CONTEXT ( ( #1090 ) ) GLOBAL_UNIT_ASSIGNED_CONTEXT ( ( #3094, #1297, #1548 ) ) REPRESENTATION_CONTEXT ( 'NONE', 'WORKASPACE' ) );
#777 = VERTEX_POINT ( 'NONE', #9 ) ;
#778 = PLANE ( 'NONE',  #2648 ) ;
#779 = VECTOR ( 'NONE', #1661, 1000.000000000000000 ) ;
#780 = CARTESIAN_POINT ( 'NONE',  ( 1.399999999999999700, 0.1499999999999999900, -0.3749999999999998900 ) ) ;
#781 = EDGE_LOOP ( 'NONE', ( #291, #1266, #2148, #2035 ) ) ;
#782 = EDGE_LOOP ( 'NONE', ( #2134, #706, #2310, #2436, #1049, #356 ) ) ;
#783 = FACE_OUTER_BOUND ( 'NONE', #1622, .T. ) ;
#784 = FACE_OUTER_BOUND ( 'NONE', #868, .T. ) ;
#785 = EDGE_LOOP ( 'NONE', ( #2848, #2033, #444, #1194 ) ) ;
#786 = FACE_OUTER_BOUND ( 'NONE', #885, .T. ) ;
#787 = DIRECTION ( 'NONE',  ( 1.000000000000000000, 0.0000000000000000000, -1.084202172485505200E-015 ) ) ;
#788 = DIRECTION ( 'NONE',  ( 0.0000000000000000000, 1.000000000000000000, 0.0000000000000000000 ) ) ;
#789 = EDGE_LOOP ( 'NONE', ( #2411, #2649, #627, #809 ) ) ;
#790 = EDGE_CURVE ( 'NONE', #2627, #350, #1742, .T. ) ;
#791 = LINE ( 'NONE', #469, #76 ) ;
#792 = EDGE_CURVE ( 'NONE', #2679, #2950, #2613, .T. ) ;
#793 = DIRECTION ( 'NONE',  ( 0.0000000000000000000, -1.000000000000000000, 0.0000000000000000000 ) ) ;
#794 = LINE ( 'NONE', #578, #3119 ) ;
#795 =( LENGTH_UNIT ( ) NAMED_UNIT ( * ) SI_UNIT ( .MILLI., .METRE. ) );
#796 = ADVANCED_FACE ( 'NONE', ( #990 ), #2567, .F. ) ;
#797 = DIRECTION ( 'NONE',  ( 0.0000000000000000000, 0.0000000000000000000, -1.000000000000000000 ) ) ;
#798 = CARTESIAN_POINT ( 'NONE',  ( -0.09999999999999961700, 0.1499999999999999700, -0.7999999999999994900 ) ) ;
#799 = AXIS2_PLACEMENT_3D ( 'NONE', #1394, #1905, #2923 ) ;
#800 = ORIENTED_EDGE ( 'NONE', *, *, #1393, .F. ) ;
#801 = DIRECTION ( 'NONE',  ( -1.000000000000000000, -0.0000000000000000000, -0.0000000000000000000 ) ) ;
#802 = ORIENTED_EDGE ( 'NONE', *, *, #416, .T. ) ;
#803 = DIRECTION ( 'NONE',  ( 0.0000000000000000000, -1.000000000000000000, 0.0000000000000000000 ) ) ;
#804 = ORIENTED_EDGE ( 'NONE', *, *, #1760, .T. ) ;
#805 = EDGE_CURVE ( 'NONE', #580, #2074, #1929, .T. ) ;
#806 = PLANE ( 'NONE',  #3066 ) ;
#807 = DIRECTION ( 'NONE',  ( -0.0000000000000000000, -1.000000000000000000, 0.0000000000000000000 ) ) ;
#808 = CARTESIAN_POINT ( 'NONE',  ( -1.399999999999999700, 0.5801162633521307300, 0.6250000000000001100 ) ) ;
#809 = ORIENTED_EDGE ( 'NONE', *, *, #2535, .F. ) ;
#810 = CARTESIAN_POINT ( 'NONE',  ( 1.399999999999999700, 0.0000000000000000000, 0.5000000000000000000 ) ) ;
#811 = ADVANCED_FACE ( 'NONE', ( #1617 ), #245, .T. ) ;
#812 = VECTOR ( 'NONE', #1713, 1000.000000000000000 ) ;
#813 = PLANE ( 'NONE',  #2084 ) ;
#814 = ORIENTED_EDGE ( 'NONE', *, *, #3261, .F. ) ;
#815 = LINE ( 'NONE', #2378, #3010 ) ;
#816 = CARTESIAN_POINT ( 'NONE',  ( 0.1000000000000002600, 1.762451549659709700, -0.7999999999999994900 ) ) ;
#817 = DIRECTION ( 'NONE',  ( 1.000000000000000000, 0.0000000000000000000, -0.0000000000000000000 ) ) ;
#818 = CARTESIAN_POINT ( 'NONE',  ( 0.0000000000000000000, 0.05000000000000000300, 0.8750000000000001100 ) ) ;
#819 = LINE ( 'NONE', #508, #495 ) ;
#820 = VECTOR ( 'NONE', #60, 1000.000000000000000 ) ;
#821 = AXIS2_PLACEMENT_3D ( 'NONE', #728, #3299, #195 ) ;
#822 = ORIENTED_EDGE ( 'NONE', *, *, #1862, .F. ) ;
#823 = CARTESIAN_POINT ( 'NONE',  ( -1.399999999999999700, 0.0000000000000000000, -0.1249999999999998900 ) ) ;
#824 = DIRECTION ( 'NONE',  ( 0.0000000000000000000, 1.000000000000000000, -0.0000000000000000000 ) ) ;
#825 = VECTOR ( 'NONE', #3236, 1000.000000000000000 ) ;
#826 = DIRECTION ( 'NONE',  ( 1.000000000000000000, -0.0000000000000000000, 0.0000000000000000000 ) ) ;
#827 = VECTOR ( 'NONE', #2070, 1000.000000000000000 ) ;
#828 = ORIENTED_EDGE ( 'NONE', *, *, #688, .T. ) ;
#829 = DIRECTION ( 'NONE',  ( 0.0000000000000000000, 0.0000000000000000000, -1.000000000000000000 ) ) ;
#830 = LINE ( 'NONE', #1011, #2944 ) ;
#831 = ORIENTED_EDGE ( 'NONE', *, *, #238, .F. ) ;
#832 = EDGE_CURVE ( 'NONE', #127, #1189, #584, .T. ) ;
#833 = LINE ( 'NONE', #715, #1701 ) ;
#834 = CARTESIAN_POINT ( 'NONE',  ( 0.1000000000000002600, 1.762451549659709700, -0.7999999999999994900 ) ) ;
#835 = ADVANCED_FACE ( 'NONE', ( #1254 ), #2078, .T. ) ;
#836 = ORIENTED_EDGE ( 'NONE', *, *, #3077, .F. ) ;
#837 = DIRECTION ( 'NONE',  ( 0.0000000000000000000, 1.000000000000000000, 0.0000000000000000000 ) ) ;
#838 = DIRECTION ( 'NONE',  ( 0.0000000000000000000, 0.0000000000000000000, 1.000000000000000000 ) ) ;
#839 = MECHANICAL_DESIGN_GEOMETRIC_PRESENTATION_REPRESENTATION (  '', ( #493 ), #1004 ) ;
#840 = ADVANCED_FACE ( 'NONE', ( #1024 ), #1098, .T. ) ;
#841 = EDGE_LOOP ( 'NONE', ( #579, #3110, #135, #2155 ) ) ;
#842 = CARTESIAN_POINT ( 'NONE',  ( 1.399999999999999700, 0.04999999999999999600, 0.3750000000000001100 ) ) ;
#843 = DIRECTION ( 'NONE',  ( 0.0000000000000000000, 0.0000000000000000000, -1.000000000000000000 ) ) ;
#844 = ORIENTED_EDGE ( 'NONE', *, *, #1245, .T. ) ;
#845 = EDGE_CURVE ( 'NONE', #668, #1948, #2538, .T. ) ;
#846 = CARTESIAN_POINT ( 'NONE',  ( 0.1000000000000002600, 1.762451549659709700, -0.7999999999999994900 ) ) ;
#847 = CARTESIAN_POINT ( 'NONE',  ( -1.175000000000000500, 0.1499999999999999900, -0.8749999999999998900 ) ) ;
#848 = MANIFOLD_SOLID_BREP ( 'LPattern2[3]', #369 ) ;
#849 = ORIENTED_EDGE ( 'NONE', *, *, #3007, .T. ) ;
#850 = VERTEX_POINT ( 'NONE', #2373 ) ;
#851 = ORIENTED_EDGE ( 'NONE', *, *, #480, .F. ) ;
#852 = CARTESIAN_POINT ( 'NONE',  ( 1.175000000000000500, 0.04999999999999999600, 0.3750000000000001100 ) ) ;
#853 = CARTESIAN_POINT ( 'NONE',  ( 1.175000000000000500, 0.5801162633521307300, 0.2500000000000001100 ) ) ;
#854 = VERTEX_POINT ( 'NONE', #2863 ) ;
#855 = LINE ( 'NONE', #1814, #2560 ) ;
#856 = EDGE_CURVE ( 'NONE', #1008, #2588, #2782, .T. ) ;
#857 = CARTESIAN_POINT ( 'NONE',  ( -1.175000000000000500, 0.1499999999999999700, -0.3749999999999998900 ) ) ;
#858 = LINE ( 'NONE', #2130, #497 ) ;
#859 = CARTESIAN_POINT ( 'NONE',  ( -1.399999999999999700, 0.1499999999999999900, -0.6249999999999998900 ) ) ;
#860 = ORIENTED_EDGE ( 'NONE', *, *, #1567, .F. ) ;
#861 = MECHANICAL_DESIGN_GEOMETRIC_PRESENTATION_REPRESENTATION (  '', ( #3265 ), #3162 ) ;
#862 = VERTEX_POINT ( 'NONE', #842 ) ;
#863 = VECTOR ( 'NONE', #2223, 1000.000000000000000 ) ;
#864 = FACE_OUTER_BOUND ( 'NONE', #2235, .T. ) ;
#865 = CARTESIAN_POINT ( 'NONE',  ( -0.09999999999999967200, 1.762451549659709700, -0.6249999999999994400 ) ) ;
#866 = DIRECTION ( 'NONE',  ( -0.0000000000000000000, -1.000000000000000000, -0.0000000000000000000 ) ) ;
#867 = ORIENTED_EDGE ( 'NONE', *, *, #965, .F. ) ;
#868 = EDGE_LOOP ( 'NONE', ( #1125, #2999, #2928, #893 ) ) ;
#869 = ORIENTED_EDGE ( 'NONE', *, *, #506, .T. ) ;
#870 = AXIS2_PLACEMENT_3D ( 'NONE', #2585, #2326, #817 ) ;
#871 = DIRECTION ( 'NONE',  ( 0.0000000000000000000, 0.0000000000000000000, 1.000000000000000000 ) ) ;
#872 = EDGE_LOOP ( 'NONE', ( #2517, #2338, #2530, #24 ) ) ;
#873 = DIRECTION ( 'NONE',  ( -2.168404344971008400E-016, -0.0000000000000000000, -1.000000000000000000 ) ) ;
#874 = FACE_OUTER_BOUND ( 'NONE', #2921, .T. ) ;
#875 = EDGE_CURVE ( 'NONE', #1029, #1076, #429, .T. ) ;
#876 = PLANE ( 'NONE',  #1271 ) ;
#877 = LINE ( 'NONE', #2775, #1257 ) ;
#878 = VERTEX_POINT ( 'NONE', #593 ) ;
#879 = FACE_OUTER_BOUND ( 'NONE', #1527, .T. ) ;
#880 = CARTESIAN_POINT ( 'NONE',  ( -1.175000000000000500, 0.0000000000000000000, 0.3750000000000001100 ) ) ;
#881 = CARTESIAN_POINT ( 'NONE',  ( 1.399999999999999700, 0.5801162633521307300, 0.3750000000000001100 ) ) ;
#882 = CARTESIAN_POINT ( 'NONE',  ( -1.175000000000000500, 0.1499999999999999900, -0.7499999999999998900 ) ) ;
#883 = EDGE_CURVE ( 'NONE', #2508, #134, #186, .T. ) ;
#884 = ADVANCED_FACE ( 'NONE', ( #874 ), #813, .F. ) ;
#885 = EDGE_LOOP ( 'NONE', ( #325, #1611, #184, #1788 ) ) ;
#886 = ORIENTED_EDGE ( 'NONE', *, *, #1286, .F. ) ;
#887 = DIRECTION ( 'NONE',  ( -1.000000000000000000, 0.0000000000000000000, -0.0000000000000000000 ) ) ;
#888 = CARTESIAN_POINT ( 'NONE',  ( -1.175000000000000500, 0.5801162633521307300, 0.8750000000000001100 ) ) ;
#889 = AXIS2_PLACEMENT_3D ( 'NONE', #363, #892, #2379 ) ;
#890 = ORIENTED_EDGE ( 'NONE', *, *, #3169, .T. ) ;
#891 = VECTOR ( 'NONE', #446, 1000.000000000000000 ) ;
#892 = DIRECTION ( 'NONE',  ( 0.0000000000000000000, 1.000000000000000000, -0.0000000000000000000 ) ) ;
#893 = ORIENTED_EDGE ( 'NONE', *, *, #2654, .F. ) ;
#894 = ADVANCED_FACE ( 'NONE', ( #2380 ), #1412, .T. ) ;
#895 = ORIENTED_EDGE ( 'NONE', *, *, #1465, .F. ) ;
#896 = EDGE_CURVE ( 'NONE', #3223, #1507, #507, .T. ) ;
#897 = LINE ( 'NONE', #1182, #53 ) ;
#898 = CARTESIAN_POINT ( 'NONE',  ( -1.399999999999999700, 0.1499999999999999900, -0.8749999999999998900 ) ) ;
#899 = CARTESIAN_POINT ( 'NONE',  ( 1.500000000000000400, 0.05000000000000000300, 1.000000000000000000 ) ) ;
#900 = ORIENTED_EDGE ( 'NONE', *, *, #2390, .F. ) ;
#901 = ORIENTED_EDGE ( 'NONE', *, *, #2619, .F. ) ;
#902 = FACE_OUTER_BOUND ( 'NONE', #1635, .T. ) ;
#903 = ORIENTED_EDGE ( 'NONE', *, *, #1920, .T. ) ;
#904 = DIRECTION ( 'NONE',  ( 0.0000000000000000000, -0.0000000000000000000, -1.000000000000000000 ) ) ;
#905 = ORIENTED_EDGE ( 'NONE', *, *, #2953, .T. ) ;
#906 = EDGE_CURVE ( 'NONE', #2687, #1542, #3115, .T. ) ;
#907 = VECTOR ( 'NONE', #1326, 1000.000000000000000 ) ;
#908 = ORIENTED_EDGE ( 'NONE', *, *, #2953, .F. ) ;
#909 = CARTESIAN_POINT ( 'NONE',  ( -0.09999999999999965900, 0.1499999999999999700, -0.5249999999999994700 ) ) ;
#910 = FACE_OUTER_BOUND ( 'NONE', #782, .T. ) ;
#911 = CARTESIAN_POINT ( 'NONE',  ( 1.175000000000000500, 0.1499999999999999900, -0.8749999999999998900 ) ) ;
#912 = ORIENTED_EDGE ( 'NONE', *, *, #1056, .T. ) ;
#913 = CARTESIAN_POINT ( 'NONE',  ( 1.399999999999999700, 0.1499999999999999900, -0.1249999999999998900 ) ) ;
#914 = VECTOR ( 'NONE', #613, 1000.000000000000000 ) ;
#915 = EDGE_CURVE ( 'NONE', #1691, #1987, #1699, .T. ) ;
#916 = ORIENTED_EDGE ( 'NONE', *, *, #1920, .F. ) ;
#917 = CARTESIAN_POINT ( 'NONE',  ( 1.399999999999999700, 0.1499999999999999900, 0.8750000000000001100 ) ) ;
#918 = DIRECTION ( 'NONE',  ( 0.0000000000000000000, 0.0000000000000000000, -1.000000000000000000 ) ) ;
#919 = ORIENTED_EDGE ( 'NONE', *, *, #545, .T. ) ;
#920 = CARTESIAN_POINT ( 'NONE',  ( -1.399999999999999700, 0.1499999999999999900, 0.1250000000000001100 ) ) ;
#921 = EDGE_CURVE ( 'NONE', #980, #1601, #2121, .T. ) ;
#922 = CARTESIAN_POINT ( 'NONE',  ( -1.399999999999999700, 0.1499999999999999700, 0.3750000000000001100 ) ) ;
#923 = DIRECTION ( 'NONE',  ( -1.000000000000000000, 0.0000000000000000000, 0.0000000000000000000 ) ) ;
#924 = DIRECTION ( 'NONE',  ( 0.0000000000000000000, 0.0000000000000000000, -1.000000000000000000 ) ) ;
#925 = EDGE_LOOP ( 'NONE', ( #619, #414, #3219, #900 ) ) ;
#926 = DIRECTION ( 'NONE',  ( 0.0000000000000000000, -1.000000000000000000, 0.0000000000000000000 ) ) ;
#927 = CARTESIAN_POINT ( 'NONE',  ( 1.175000000000000500, 0.5801162633521307300, 0.1250000000000001100 ) ) ;
#928 = AXIS2_PLACEMENT_3D ( 'NONE', #21, #481, #3032 ) ;
#929 = SURFACE_STYLE_USAGE ( .BOTH. , #640 ) ;
#930 = EDGE_CURVE ( 'NONE', #3101, #2813, #756, .T. ) ;
#931 = ORIENTED_EDGE ( 'NONE', *, *, #2587, .T. ) ;
#932 = VERTEX_POINT ( 'NONE', #950 ) ;
#933 = ORIENTED_EDGE ( 'NONE', *, *, #1329, .T. ) ;
#934 = FACE_OUTER_BOUND ( 'NONE', #3179, .T. ) ;
#935 = DIRECTION ( 'NONE',  ( 0.0000000000000000000, 0.0000000000000000000, -1.000000000000000000 ) ) ;
#936 = CARTESIAN_POINT ( 'NONE',  ( 1.500000000000000000, 4.805551275463989700, -1.000000000000000400 ) ) ;
#937 = EDGE_CURVE ( 'NONE', #580, #1940, #2862, .T. ) ;
#938 = ORIENTED_EDGE ( 'NONE', *, *, #2569, .T. ) ;
#939 = VECTOR ( 'NONE', #1387, 1000.000000000000000 ) ;
#940 = CARTESIAN_POINT ( 'NONE',  ( -1.175000000000000500, 0.1499999999999999700, -0.7499999999999998900 ) ) ;
#941 = DIRECTION ( 'NONE',  ( -1.000000000000000000, 0.0000000000000000000, 0.0000000000000000000 ) ) ;
#942 = ORIENTED_EDGE ( 'NONE', *, *, #1342, .F. ) ;
#943 = LINE ( 'NONE', #2004, #371 ) ;
#944 = DIRECTION ( 'NONE',  ( -0.0000000000000000000, 1.000000000000000000, -0.0000000000000000000 ) ) ;
#945 = CARTESIAN_POINT ( 'NONE',  ( -1.175000000000000500, 0.1499999999999999900, 0.7500000000000001100 ) ) ;
#946 = ORIENTED_EDGE ( 'NONE', *, *, #2173, .F. ) ;
#947 =( GEOMETRIC_REPRESENTATION_CONTEXT ( 3 ) GLOBAL_UNCERTAINTY_ASSIGNED_CONTEXT ( ( #2313 ) ) GLOBAL_UNIT_ASSIGNED_CONTEXT ( ( #2521, #2510, #1279 ) ) REPRESENTATION_CONTEXT ( 'NONE', 'WORKASPACE' ) );
#948 = DIRECTION ( 'NONE',  ( 1.000000000000000000, 0.0000000000000000000, 0.0000000000000000000 ) ) ;
#949 = CYLINDRICAL_SURFACE ( 'NONE', #2908, 0.1250000000000000000 ) ;
#950 = CARTESIAN_POINT ( 'NONE',  ( -0.09999999999999967200, 0.1499999999999999700, -0.7249999999999995300 ) ) ;
#951 = AXIS2_PLACEMENT_3D ( 'NONE', #344, #1391, #362 ) ;
#952 = MECHANICAL_DESIGN_GEOMETRIC_PRESENTATION_REPRESENTATION (  '', ( #600 ), #3200 ) ;
#953 = DIRECTION ( 'NONE',  ( 0.0000000000000000000, 1.000000000000000000, -0.0000000000000000000 ) ) ;
#954 = EDGE_LOOP ( 'NONE', ( #2777, #86, #488, #2186 ) ) ;
#955 = ORIENTED_EDGE ( 'NONE', *, *, #2947, .F. ) ;
#956 = FACE_OUTER_BOUND ( 'NONE', #2890, .T. ) ;
#957 = MANIFOLD_SOLID_BREP ( 'LPattern2[1]', #1754 ) ;
#958 = DIRECTION ( 'NONE',  ( 1.000000000000000000, 0.0000000000000000000, 0.0000000000000000000 ) ) ;
#959 = EDGE_CURVE ( 'NONE', #396, #2439, #1925, .T. ) ;
#960 = DIRECTION ( 'NONE',  ( 0.0000000000000000000, -1.000000000000000000, 0.0000000000000000000 ) ) ;
#961 = CARTESIAN_POINT ( 'NONE',  ( 0.0000000000000000000, 0.0000000000000000000, 0.1250000000000001100 ) ) ;
#962 = ORIENTED_EDGE ( 'NONE', *, *, #196, .F. ) ;
#963 = DIRECTION ( 'NONE',  ( 0.0000000000000000000, 0.0000000000000000000, 1.000000000000000000 ) ) ;
#964 = ORIENTED_EDGE ( 'NONE', *, *, #1522, .F. ) ;
#965 = EDGE_CURVE ( 'NONE', #3076, #3291, #1252, .T. ) ;
#966 = DIRECTION ( 'NONE',  ( 0.0000000000000000000, -1.000000000000000000, 0.0000000000000000000 ) ) ;
#967 = PLANE ( 'NONE',  #1734 ) ;
#968 = VERTEX_POINT ( 'NONE', #2214 ) ;
#969 = AXIS2_PLACEMENT_3D ( 'NONE', #402, #367, #1374 ) ;
#970 = CARTESIAN_POINT ( 'NONE',  ( -1.399999999999999700, 0.1499999999999999900, 0.6250000000000001100 ) ) ;
#971 = VERTEX_POINT ( 'NONE', #1907 ) ;
#972 = PLANE ( 'NONE',  #2124 ) ;
#973 = DIRECTION ( 'NONE',  ( 0.0000000000000000000, 0.0000000000000000000, 1.000000000000000000 ) ) ;
#974 = ORIENTED_EDGE ( 'NONE', *, *, #2879, .F. ) ;
#975 = LINE ( 'NONE', #1455, #2713 ) ;
#976 = DIRECTION ( 'NONE',  ( -1.000000000000000000, 0.0000000000000000000, 0.0000000000000000000 ) ) ;
#977 = ORIENTED_EDGE ( 'NONE', *, *, #1937, .F. ) ;
#978 = EDGE_CURVE ( 'NONE', #1517, #1637, #3235, .T. ) ;
#979 = VECTOR ( 'NONE', #1573, 1000.000000000000000 ) ;
#980 = VERTEX_POINT ( 'NONE', #1669 ) ;
#981 = ORIENTED_EDGE ( 'NONE', *, *, #13, .T. ) ;
#982 = VECTOR ( 'NONE', #1600, 1000.000000000000000 ) ;
#983 = DIRECTION ( 'NONE',  ( 0.0000000000000000000, -0.0000000000000000000, -1.000000000000000000 ) ) ;
#984 = LINE ( 'NONE', #3048, #1770 ) ;
#985 = VERTEX_POINT ( 'NONE', #1152 ) ;
#986 = VECTOR ( 'NONE', #1819, 1000.000000000000000 ) ;
#987 = FACE_OUTER_BOUND ( 'NONE', #789, .T. ) ;
#988 = CARTESIAN_POINT ( 'NONE',  ( -1.175000000000000500, 0.0000000000000000000, 0.8750000000000001100 ) ) ;
#989 = ORIENTED_EDGE ( 'NONE', *, *, #368, .T. ) ;
#990 = FACE_OUTER_BOUND ( 'NONE', #1984, .T. ) ;
#991 = ORIENTED_EDGE ( 'NONE', *, *, #196, .T. ) ;
#992 = CARTESIAN_POINT ( 'NONE',  ( 1.399999999999999700, 0.1499999999999999900, 0.8750000000000001100 ) ) ;
#993 = FACE_BOUND ( 'NONE', #365, .T. ) ;
#994 = CARTESIAN_POINT ( 'NONE',  ( 1.175000000000000500, 0.04999999999999999600, -0.1249999999999998900 ) ) ;
#995 = EDGE_CURVE ( 'NONE', #1349, #1274, #2536, .T. ) ;
#996 = DIRECTION ( 'NONE',  ( 0.0000000000000000000, -1.000000000000000000, 0.0000000000000000000 ) ) ;
#997 = CARTESIAN_POINT ( 'NONE',  ( 1.175000000000000500, 0.0000000000000000000, 0.1250000000000001100 ) ) ;
#998 = EDGE_CURVE ( 'NONE', #2608, #318, #1579, .T. ) ;
#999 = CARTESIAN_POINT ( 'NONE',  ( -1.175000000000000500, 0.1499999999999999900, -0.7499999999999998900 ) ) ;
#1000 = ORIENTED_EDGE ( 'NONE', *, *, #896, .T. ) ;
#1001 = ORIENTED_EDGE ( 'NONE', *, *, #378, .T. ) ;
#1002 = AXIS2_PLACEMENT_3D ( 'NONE', #1652, #3227, #408 ) ;
#1003 = DIRECTION ( 'NONE',  ( 1.084202172485505200E-015, 0.0000000000000000000, 1.000000000000000000 ) ) ;
#1004 =( GEOMETRIC_REPRESENTATION_CONTEXT ( 3 ) GLOBAL_UNCERTAINTY_ASSIGNED_CONTEXT ( ( #501 ) ) GLOBAL_UNIT_ASSIGNED_CONTEXT ( ( #795, #2570, #281 ) ) REPRESENTATION_CONTEXT ( 'NONE', 'WORKASPACE' ) );
#1005 = PRESENTATION_LAYER_ASSIGNMENT (  '', '', ( #1469 ) ) ;
#1006 = CARTESIAN_POINT ( 'NONE',  ( 1.500000000000000000, 4.805551275463989700, -1.000000000000000400 ) ) ;
#1007 = ORIENTED_EDGE ( 'NONE', *, *, #2803, .F. ) ;
#1008 = VERTEX_POINT ( 'NONE', #2471 ) ;
#1009 = VERTEX_POINT ( 'NONE', #2955 ) ;
#1010 = VECTOR ( 'NONE', #2700, 1000.000000000000000 ) ;
#1011 = CARTESIAN_POINT ( 'NONE',  ( 0.1000000000000000500, 0.1499999999999999700, 0.8000000000000003800 ) ) ;
#1012 = EDGE_LOOP ( 'NONE', ( #867, #2595, #1192, #1919, #3282, #2196 ) ) ;
#1013 = LINE ( 'NONE', #93, #2149 ) ;
#1014 = LINE ( 'NONE', #1832, #334 ) ;
#1015 = CARTESIAN_POINT ( 'NONE',  ( -1.399999999999999700, 0.5801162633521307300, 0.6250000000000001100 ) ) ;
#1016 = EDGE_CURVE ( 'NONE', #2679, #1203, #1212, .T. ) ;
#1017 = LINE ( 'NONE', #1446, #3230 ) ;
#1018 = CIRCLE ( 'NONE', #1789, 0.1250000000000000000 ) ;
#1019 = EDGE_LOOP ( 'NONE', ( #2031, #2607, #2450, #844 ) ) ;
#1020 = CARTESIAN_POINT ( 'NONE',  ( 1.399999999999999700, 0.5801162633521307300, 1.500000000000000000 ) ) ;
#1021 = FACE_OUTER_BOUND ( 'NONE', #3023, .T. ) ;
#1022 = EDGE_CURVE ( 'NONE', #2299, #850, #1846, .T. ) ;
#1023 = DIRECTION ( 'NONE',  ( 1.000000000000000000, 0.0000000000000000000, 0.0000000000000000000 ) ) ;
#1024 = FACE_OUTER_BOUND ( 'NONE', #2483, .T. ) ;
#1025 = ADVANCED_FACE ( 'NONE', ( #379 ), #2449, .T. ) ;
#1026 = SURFACE_SIDE_STYLE ('',( #606 ) ) ;
#1027 = LINE ( 'NONE', #162, #1217 ) ;
#1028 = DIRECTION ( 'NONE',  ( -0.0000000000000000000, -1.000000000000000000, -0.0000000000000000000 ) ) ;
#1029 = VERTEX_POINT ( 'NONE', #3239 ) ;
#1030 = AXIS2_PLACEMENT_3D ( 'NONE', #2964, #149, #2441 ) ;
#1031 = EDGE_LOOP ( 'NONE', ( #1934, #3015, #919, #869, #107, #849 ) ) ;
#1032 = FACE_OUTER_BOUND ( 'NONE', #490, .T. ) ;
#1033 = CARTESIAN_POINT ( 'NONE',  ( -1.175000000000000500, 0.5801162633521307300, -0.3749999999999998900 ) ) ;
#1034 = EDGE_CURVE ( 'NONE', #3062, #407, #222, .T. ) ;
#1035 = DIRECTION ( 'NONE',  ( 0.0000000000000000000, 1.000000000000000000, -0.0000000000000000000 ) ) ;
#1036 = DIRECTION ( 'NONE',  ( 0.0000000000000000000, 0.0000000000000000000, 1.000000000000000000 ) ) ;
#1037 = ADVANCED_FACE ( 'NONE', ( #2341 ), #2754, .F. ) ;
#1038 = ORIENTED_EDGE ( 'NONE', *, *, #2107, .T. ) ;
#1039 = ORIENTED_EDGE ( 'NONE', *, *, #1937, .T. ) ;
#1040 = PLANE ( 'NONE',  #436 ) ;
#1041 = DIRECTION ( 'NONE',  ( 0.0000000000000000000, 0.0000000000000000000, 1.000000000000000000 ) ) ;
#1042 = CARTESIAN_POINT ( 'NONE',  ( 0.1000000000000000500, 1.762451549659709700, 0.8000000000000003800 ) ) ;
#1043 = VERTEX_POINT ( 'NONE', #2048 ) ;
#1044 = AXIS2_PLACEMENT_3D ( 'NONE', #1641, #1890, #1354 ) ;
#1045 = ORIENTED_EDGE ( 'NONE', *, *, #3196, .F. ) ;
#1046 = DIRECTION ( 'NONE',  ( 0.0000000000000000000, 0.0000000000000000000, -1.000000000000000000 ) ) ;
#1047 = ORIENTED_EDGE ( 'NONE', *, *, #2199, .F. ) ;
#1048 = FACE_OUTER_BOUND ( 'NONE', #3104, .T. ) ;
#1049 = ORIENTED_EDGE ( 'NONE', *, *, #1286, .T. ) ;
#1050 = VECTOR ( 'NONE', #1888, 1000.000000000000000 ) ;
#1051 = CYLINDRICAL_SURFACE ( 'NONE', #1378, 0.1250000000000000000 ) ;
#1052 = DIRECTION ( 'NONE',  ( -1.000000000000000000, 0.0000000000000000000, -0.0000000000000000000 ) ) ;
#1053 = ORIENTED_EDGE ( 'NONE', *, *, #875, .F. ) ;
#1054 = CARTESIAN_POINT ( 'NONE',  ( 1.399999999999999700, 0.5801162633521307300, -0.3749999999999998900 ) ) ;
#1055 = DIRECTION ( 'NONE',  ( 1.000000000000000000, -0.0000000000000000000, 0.0000000000000000000 ) ) ;
#1056 = EDGE_CURVE ( 'NONE', #1502, #1083, #147, .T. ) ;
#1057 = VECTOR ( 'NONE', #3103, 1000.000000000000000 ) ;
#1058 = ORIENTED_EDGE ( 'NONE', *, *, #2669, .T. ) ;
#1059 = CARTESIAN_POINT ( 'NONE',  ( 1.399999999999999700, 0.0000000000000000000, 0.1250000000000001100 ) ) ;
#1060 = EDGE_CURVE ( 'NONE', #2215, #3313, #2002, .T. ) ;
#1061 = DIRECTION ( 'NONE',  ( 0.0000000000000000000, 1.000000000000000000, -0.0000000000000000000 ) ) ;
#1062 = FACE_OUTER_BOUND ( 'NONE', #2819, .T. ) ;
#1063 = DIRECTION ( 'NONE',  ( -0.0000000000000000000, -1.000000000000000000, -0.0000000000000000000 ) ) ;
#1064 = CARTESIAN_POINT ( 'NONE',  ( 1.399999999999999700, 0.1499999999999999700, -0.3749999999999998900 ) ) ;
#1065 = ADVANCED_FACE ( 'NONE', ( #2461 ), #2744, .T. ) ;
#1066 = EDGE_LOOP ( 'NONE', ( #836, #2763, #1483, #2339 ) ) ;
#1067 = DIRECTION ( 'NONE',  ( -1.000000000000000000, 0.0000000000000000000, -0.0000000000000000000 ) ) ;
#1068 = EDGE_LOOP ( 'NONE', ( #2240, #1045, #2898, #1164 ) ) ;
#1069 = DIRECTION ( 'NONE',  ( -1.000000000000000000, 0.0000000000000000000, 0.0000000000000000000 ) ) ;
#1070 = CARTESIAN_POINT ( 'NONE',  ( 0.1000000000000002600, 0.1499999999999999700, -0.7999999999999994900 ) ) ;
#1071 = CARTESIAN_POINT ( 'NONE',  ( 1.399999999999999700, 0.1499999999999999900, -0.6249999999999998900 ) ) ;
#1072 = ORIENTED_EDGE ( 'NONE', *, *, #658, .F. ) ;
#1073 = ORIENTED_EDGE ( 'NONE', *, *, #1697, .F. ) ;
#1074 = EDGE_CURVE ( 'NONE', #396, #1429, #3155, .T. ) ;
#1075 = DIRECTION ( 'NONE',  ( 0.0000000000000000000, 0.0000000000000000000, 1.000000000000000000 ) ) ;
#1076 = VERTEX_POINT ( 'NONE', #857 ) ;
#1077 = DIRECTION ( 'NONE',  ( 0.0000000000000000000, 0.0000000000000000000, -1.000000000000000000 ) ) ;
#1078 = EDGE_CURVE ( 'NONE', #2588, #2041, #425, .T. ) ;
#1079 = DIRECTION ( 'NONE',  ( 1.000000000000000000, 0.0000000000000000000, 0.0000000000000000000 ) ) ;
#1080 = ORIENTED_EDGE ( 'NONE', *, *, #1078, .T. ) ;
#1081 = ORIENTED_EDGE ( 'NONE', *, *, #1928, .T. ) ;
#1082 = DIRECTION ( 'NONE',  ( 0.0000000000000000000, 0.0000000000000000000, -1.000000000000000000 ) ) ;
#1083 = VERTEX_POINT ( 'NONE', #2873 ) ;
#1084 = LINE ( 'NONE', #2154, #2558 ) ;
#1085 = AXIS2_PLACEMENT_3D ( 'NONE', #427, #1673, #2689 ) ;
#1086 = ORIENTED_EDGE ( 'NONE', *, *, #517, .T. ) ;
#1087 = LINE ( 'NONE', #3226, #3264 ) ;
#1088 = DIRECTION ( 'NONE',  ( 0.0000000000000000000, 0.0000000000000000000, 1.000000000000000000 ) ) ;
#1089 = DIRECTION ( 'NONE',  ( 0.0000000000000000000, 0.0000000000000000000, 1.000000000000000000 ) ) ;
#1090 = UNCERTAINTY_MEASURE_WITH_UNIT (LENGTH_MEASURE( 1.000000000000000100E-005 ), #3094, 'distance_accuracy_value', 'NONE');
#1091 = FACE_OUTER_BOUND ( 'NONE', #2036, .T. ) ;
#1092 = LINE ( 'NONE', #1860, #820 ) ;
#1093 = AXIS2_PLACEMENT_3D ( 'NONE', #106, #1360, #1339 ) ;
#1094 = CIRCLE ( 'NONE', #550, 0.1250000000000000000 ) ;
#1095 = ORIENTED_EDGE ( 'NONE', *, *, #3045, .F. ) ;
#1096 = EDGE_LOOP ( 'NONE', ( #1521, #2522, #720, #339 ) ) ;
#1097 = EDGE_CURVE ( 'NONE', #3313, #738, #2942, .T. ) ;
#1098 = PLANE ( 'NONE',  #2683 ) ;
#1099 = VECTOR ( 'NONE', #2176, 1000.000000000000000 ) ;
#1100 = DIRECTION ( 'NONE',  ( -0.0000000000000000000, -1.000000000000000000, -0.0000000000000000000 ) ) ;
#1101 = PLANE ( 'NONE',  #1441 ) ;
#1102 = EDGE_CURVE ( 'NONE', #1542, #1601, #109, .T. ) ;
#1103 = DIRECTION ( 'NONE',  ( 0.0000000000000000000, 0.0000000000000000000, 1.000000000000000000 ) ) ;
#1104 = ORIENTED_EDGE ( 'NONE', *, *, #1633, .F. ) ;
#1105 = FACE_OUTER_BOUND ( 'NONE', #2807, .T. ) ;
#1106 = AXIS2_PLACEMENT_3D ( 'NONE', #589, #2123, #1891 ) ;
#1107 = DIRECTION ( 'NONE',  ( 0.0000000000000000000, 0.0000000000000000000, -1.000000000000000000 ) ) ;
#1108 = APPLICATION_CONTEXT ( 'automotive_design' ) ;
#1109 = CARTESIAN_POINT ( 'NONE',  ( -1.175000000000000500, 0.5801162633521307300, 0.8750000000000001100 ) ) ;
#1110 = AXIS2_PLACEMENT_3D ( 'NONE', #456, #3011, #2225 ) ;
#1111 = PRESENTATION_LAYER_ASSIGNMENT (  '', '', ( #600 ) ) ;
#1112 = ORIENTED_EDGE ( 'NONE', *, *, #2250, .F. ) ;
#1113 = DIRECTION ( 'NONE',  ( -1.000000000000000000, 0.0000000000000000000, 0.0000000000000000000 ) ) ;
#1114 = DIRECTION ( 'NONE',  ( -0.0000000000000000000, -1.000000000000000000, 0.0000000000000000000 ) ) ;
#1115 = ORIENTED_EDGE ( 'NONE', *, *, #965, .T. ) ;
#1116 = ADVANCED_FACE ( 'NONE', ( #628 ), #3159, .F. ) ;
#1117 = EDGE_CURVE ( 'NONE', #2111, #2040, #1368, .T. ) ;
#1118 = VERTEX_POINT ( 'NONE', #2941 ) ;
#1119 = CARTESIAN_POINT ( 'NONE',  ( -1.214904624038740400, 0.4999999999999998900, -0.4916069548025952000 ) ) ;
#1120 = CARTESIAN_POINT ( 'NONE',  ( 1.175000000000000500, 0.1499999999999999700, -0.3749999999999998900 ) ) ;
#1121 = EDGE_LOOP ( 'NONE', ( #1639, #1039, #2620, #1080 ) ) ;
#1122 = VECTOR ( 'NONE', #3036, 1000.000000000000000 ) ;
#1123 = EDGE_CURVE ( 'NONE', #519, #1637, #2042, .T. ) ;
#1124 = PLANE ( 'NONE',  #799 ) ;
#1125 = ORIENTED_EDGE ( 'NONE', *, *, #337, .F. ) ;
#1126 = VECTOR ( 'NONE', #3278, 1000.000000000000000 ) ;
#1127 = DIRECTION ( 'NONE',  ( 0.0000000000000000000, -0.0000000000000000000, 1.000000000000000000 ) ) ;
#1128 = UNCERTAINTY_MEASURE_WITH_UNIT (LENGTH_MEASURE( 1.000000000000000100E-005 ), #726, 'distance_accuracy_value', 'NONE');
#1129 = PRESENTATION_LAYER_ASSIGNMENT (  '', '', ( #3249 ) ) ;
#1130 = VERTEX_POINT ( 'NONE', #3206 ) ;
#1131 = COLOUR_RGB ( '',0.2509803921568627400, 0.2509803921568627400, 0.2509803921568627400 ) ;
#1132 = PRESENTATION_STYLE_ASSIGNMENT (( #929 ) ) ;
#1133 = PLANE ( 'NONE',  #3 ) ;
#1134 = ORIENTED_EDGE ( 'NONE', *, *, #279, .T. ) ;
#1135 = CARTESIAN_POINT ( 'NONE',  ( -0.09999999999999961700, 1.762451549659709700, -0.7999999999999994900 ) ) ;
#1136 = ORIENTED_EDGE ( 'NONE', *, *, #1578, .F. ) ;
#1137 = VECTOR ( 'NONE', #547, 1000.000000000000000 ) ;
#1138 = ADVANCED_FACE ( 'NONE', ( #2860 ), #1124, .F. ) ;
#1139 = DIRECTION ( 'NONE',  ( 1.000000000000000000, 0.0000000000000000000, -0.0000000000000000000 ) ) ;
#1140 = ORIENTED_EDGE ( 'NONE', *, *, #1591, .T. ) ;
#1141 = LINE ( 'NONE', #1961, #1057 ) ;
#1142 = ADVANCED_FACE ( 'NONE', ( #2418 ), #1381, .T. ) ;
#1143 = EDGE_CURVE ( 'NONE', #2439, #644, #1965, .T. ) ;
#1144 = LINE ( 'NONE', #1201, #719 ) ;
#1145 = VERTEX_POINT ( 'NONE', #1898 ) ;
#1146 = VECTOR ( 'NONE', #1055, 1000.000000000000000 ) ;
#1147 = CARTESIAN_POINT ( 'NONE',  ( 1.175000000000000500, 0.1499999999999999900, -0.1249999999999998900 ) ) ;
#1148 = CARTESIAN_POINT ( 'NONE',  ( 1.500000000000000400, 4.805551275463989700, 1.000000000000000000 ) ) ;
#1149 = ADVANCED_FACE ( 'NONE', ( #2161 ), #3217, .T. ) ;
#1150 = AXIS2_PLACEMENT_3D ( 'NONE', #1071, #1052, #2381 ) ;
#1151 = CARTESIAN_POINT ( 'NONE',  ( 1.399999999999999700, 0.1499999999999999900, 0.3750000000000001100 ) ) ;
#1152 = CARTESIAN_POINT ( 'NONE',  ( -0.09999999999999961700, -0.0000000000000000000, -0.7999999999999994900 ) ) ;
#1153 = CARTESIAN_POINT ( 'NONE',  ( -0.09999999999999967200, 0.1499999999999999700, -0.6249999999999994400 ) ) ;
#1154 = SURFACE_SIDE_STYLE ('',( #1776 ) ) ;
#1155 = ORIENTED_EDGE ( 'NONE', *, *, #1432, .F. ) ;
#1156 = CARTESIAN_POINT ( 'NONE',  ( -1.399999999999999700, 0.1499999999999999900, 0.6250000000000001100 ) ) ;
#1157 =( LENGTH_UNIT ( ) NAMED_UNIT ( * ) SI_UNIT ( .MILLI., .METRE. ) );
#1158 = VERTEX_POINT ( 'NONE', #1634 ) ;
#1159 = ORIENTED_EDGE ( 'NONE', *, *, #2833, .T. ) ;
#1160 = ORIENTED_EDGE ( 'NONE', *, *, #1074, .T. ) ;
#1161 = EDGE_CURVE ( 'NONE', #1546, #1251, #2573, .T. ) ;
#1162 = ORIENTED_EDGE ( 'NONE', *, *, #337, .T. ) ;
#1163 = PLANE ( 'NONE',  #718 ) ;
#1164 = ORIENTED_EDGE ( 'NONE', *, *, #1862, .T. ) ;
#1165 = VECTOR ( 'NONE', #1589, 1000.000000000000000 ) ;
#1166 = EDGE_LOOP ( 'NONE', ( #1229, #2384, #886, #2008 ) ) ;
#1167 = DIRECTION ( 'NONE',  ( 0.0000000000000000000, -0.0000000000000000000, 1.000000000000000000 ) ) ;
#1168 = LINE ( 'NONE', #1574, #62 ) ;
#1169 = EDGE_CURVE ( 'NONE', #215, #1118, #1739, .T. ) ;
#1170 = LINE ( 'NONE', #2571, #1837 ) ;
#1171 = EDGE_LOOP ( 'NONE', ( #2552, #1503, #2144, #2542 ) ) ;
#1172 = VECTOR ( 'NONE', #2549, 1000.000000000000000 ) ;
#1173 = CARTESIAN_POINT ( 'NONE',  ( -1.399999999999999700, 0.1499999999999999700, 0.8750000000000001100 ) ) ;
#1174 = CARTESIAN_POINT ( 'NONE',  ( -1.399999999999999700, 0.1499999999999999900, 0.3750000000000001100 ) ) ;
#1175 = PRODUCT_DEFINITION ( 'UNKNOWN', '', #2544, #2253 ) ;
#1176 = AXIS2_PLACEMENT_3D ( 'NONE', #1398, #694, #918 ) ;
#1177 = VERTEX_POINT ( 'NONE', #2005 ) ;
#1178 = VECTOR ( 'NONE', #567, 1000.000000000000000 ) ;
#1179 = CARTESIAN_POINT ( 'NONE',  ( -1.399999999999999700, 0.1499999999999999900, 0.1250000000000001100 ) ) ;
#1180 = SURFACE_SIDE_STYLE ('',( #2383 ) ) ;
#1181 = FACE_OUTER_BOUND ( 'NONE', #1725, .T. ) ;
#1182 = CARTESIAN_POINT ( 'NONE',  ( -1.175000000000000500, 0.1499999999999999900, 0.6250000000000001100 ) ) ;
#1183 = DIRECTION ( 'NONE',  ( 0.0000000000000000000, -1.000000000000000000, 0.0000000000000000000 ) ) ;
#1184 = EDGE_CURVE ( 'NONE', #2111, #1977, #1141, .T. ) ;
#1185 = FILL_AREA_STYLE_COLOUR ( '', #467 ) ;
#1186 = VECTOR ( 'NONE', #1642, 1000.000000000000000 ) ;
#1187 = EDGE_CURVE ( 'NONE', #1684, #1559, #1809, .T. ) ;
#1188 = CARTESIAN_POINT ( 'NONE',  ( 1.399999999999999700, 0.1499999999999999900, 0.3750000000000001100 ) ) ;
#1189 = VERTEX_POINT ( 'NONE', #1756 ) ;
#1190 = CARTESIAN_POINT ( 'NONE',  ( -0.09999999999999982500, 0.1499999999999999700, 0.8000000000000006000 ) ) ;
#1191 = DIRECTION ( 'NONE',  ( 1.227398685832646600E-016, -0.0000000000000000000, -1.000000000000000000 ) ) ;
#1192 = ORIENTED_EDGE ( 'NONE', *, *, #1875, .F. ) ;
#1193 = DIRECTION ( 'NONE',  ( -1.000000000000000000, 0.0000000000000000000, 0.0000000000000000000 ) ) ;
#1194 = ORIENTED_EDGE ( 'NONE', *, *, #995, .T. ) ;
#1195 = CARTESIAN_POINT ( 'NONE',  ( 1.399999999999999700, 0.1499999999999999700, 0.1250000000000001100 ) ) ;
#1196 = VERTEX_POINT ( 'NONE', #765 ) ;
#1197 = LINE ( 'NONE', #1119, #736 ) ;
#1198 = CARTESIAN_POINT ( 'NONE',  ( 1.399999999999999700, 0.1499999999999999700, 0.6250000000000001100 ) ) ;
#1199 = LINE ( 'NONE', #2861, #979 ) ;
#1200 = CARTESIAN_POINT ( 'NONE',  ( -1.399999999999999700, 0.1499999999999999700, -0.3749999999999998900 ) ) ;
#1201 = CARTESIAN_POINT ( 'NONE',  ( 0.0000000000000000000, 0.05000000000000000300, -0.1249999999999998900 ) ) ;
#1202 = DIRECTION ( 'NONE',  ( 0.0000000000000000000, 0.0000000000000000000, -1.000000000000000000 ) ) ;
#1203 = VERTEX_POINT ( 'NONE', #487 ) ;
#1204 = ORIENTED_EDGE ( 'NONE', *, *, #1410, .F. ) ;
#1205 = CARTESIAN_POINT ( 'NONE',  ( 0.1000000000000002600, 0.04999999999999991300, -0.7999999999999994900 ) ) ;
#1206 = CARTESIAN_POINT ( 'NONE',  ( -1.175000000000000500, 0.1499999999999999900, -0.2499999999999998900 ) ) ;
#1207 = ORIENTED_EDGE ( 'NONE', *, *, #978, .F. ) ;
#1208 = EDGE_CURVE ( 'NONE', #1948, #2511, #2496, .T. ) ;
#1209 = LINE ( 'NONE', #655, #825 ) ;
#1210 = ORIENTED_EDGE ( 'NONE', *, *, #2371, .F. ) ;
#1211 = DIRECTION ( 'NONE',  ( 0.0000000000000000000, -0.0000000000000000000, 1.000000000000000000 ) ) ;
#1212 = LINE ( 'NONE', #2438, #1296 ) ;
#1213 = AXIS2_PLACEMENT_3D ( 'NONE', #1838, #1346, #285 ) ;
#1214 = AXIS2_PLACEMENT_3D ( 'NONE', #1994, #1256, #1790 ) ;
#1215 = CARTESIAN_POINT ( 'NONE',  ( -1.399999999999999700, 0.1499999999999999700, 0.1250000000000001100 ) ) ;
#1216 = CARTESIAN_POINT ( 'NONE',  ( 1.175000000000000500, 0.5801162633521307300, 0.6250000000000001100 ) ) ;
#1217 = VECTOR ( 'NONE', #685, 1000.000000000000000 ) ;
#1218 = ORIENTED_EDGE ( 'NONE', *, *, #447, .T. ) ;
#1219 = DIRECTION ( 'NONE',  ( 0.0000000000000000000, 1.000000000000000000, 0.0000000000000000000 ) ) ;
#1220 = VECTOR ( 'NONE', #90, 1000.000000000000000 ) ;
#1221 = EDGE_CURVE ( 'NONE', #1083, #1287, #2156, .T. ) ;
#1222 = DIRECTION ( 'NONE',  ( -1.000000000000000000, 0.0000000000000000000, -5.421010862427525100E-016 ) ) ;
#1223 = PLANE ( 'NONE',  #256 ) ;
#1224 = CARTESIAN_POINT ( 'NONE',  ( -1.175000000000000500, 0.0000000000000000000, 0.2500000000000001100 ) ) ;
#1225 = CARTESIAN_POINT ( 'NONE',  ( -1.175000000000000500, 0.04999999999999999600, 0.3750000000000001100 ) ) ;
#1226 = EDGE_CURVE ( 'NONE', #1559, #2812, #3188, .T. ) ;
#1227 = DIRECTION ( 'NONE',  ( -1.000000000000000000, 0.0000000000000000000, -1.227398685832646800E-016 ) ) ;
#1228 = DIRECTION ( 'NONE',  ( 0.0000000000000000000, 1.000000000000000000, -0.0000000000000000000 ) ) ;
#1229 = ORIENTED_EDGE ( 'NONE', *, *, #2669, .F. ) ;
#1230 = AXIS2_PLACEMENT_3D ( 'NONE', #88, #837, #1334 ) ;
#1231 = CARTESIAN_POINT ( 'NONE',  ( 1.500000000000000000, 0.05000000000000000300, -1.000000000000000400 ) ) ;
#1232 = ADVANCED_FACE ( 'NONE', ( #786 ), #28, .F. ) ;
#1233 = EDGE_LOOP ( 'NONE', ( #2224, #1328, #2615, #2410 ) ) ;
#1234 = LINE ( 'NONE', #880, #211 ) ;
#1235 = DIRECTION ( 'NONE',  ( -1.227398685832646800E-016, 0.0000000000000000000, 1.000000000000000000 ) ) ;
#1236 = LINE ( 'NONE', #1424, #2248 ) ;
#1237 = EDGE_CURVE ( 'NONE', #1489, #1977, #293, .T. ) ;
#1238 = VECTOR ( 'NONE', #684, 1000.000000000000000 ) ;
#1239 = ORIENTED_EDGE ( 'NONE', *, *, #3158, .T. ) ;
#1240 = ORIENTED_EDGE ( 'NONE', *, *, #348, .F. ) ;
#1241 = VECTOR ( 'NONE', #1590, 1000.000000000000000 ) ;
#1242 = FACE_OUTER_BOUND ( 'NONE', #3211, .T. ) ;
#1243 = ORIENTED_EDGE ( 'NONE', *, *, #747, .F. ) ;
#1244 = VECTOR ( 'NONE', #2213, 1000.000000000000000 ) ;
#1245 = EDGE_CURVE ( 'NONE', #2359, #3308, #748, .T. ) ;
#1246 = ORIENTED_EDGE ( 'NONE', *, *, #1208, .T. ) ;
#1247 = DIRECTION ( 'NONE',  ( 0.0000000000000000000, -1.000000000000000000, 0.0000000000000000000 ) ) ;
#1248 = DIRECTION ( 'NONE',  ( 0.0000000000000000000, 0.0000000000000000000, -1.000000000000000000 ) ) ;
#1249 = ORIENTED_EDGE ( 'NONE', *, *, #1458, .T. ) ;
#1250 = COLOUR_RGB ( '',0.7921568627450980000, 0.8196078431372548800, 0.9333333333333333500 ) ;
#1251 = VERTEX_POINT ( 'NONE', #1494 ) ;
#1252 = LINE ( 'NONE', #144, #581 ) ;
#1253 = ORIENTED_EDGE ( 'NONE', *, *, #1418, .T. ) ;
#1254 = FACE_OUTER_BOUND ( 'NONE', #14, .T. ) ;
#1255 = ORIENTED_EDGE ( 'NONE', *, *, #1716, .F. ) ;
#1256 = DIRECTION ( 'NONE',  ( -0.0000000000000000000, -1.000000000000000000, -0.0000000000000000000 ) ) ;
#1257 = VECTOR ( 'NONE', #1474, 1000.000000000000000 ) ;
#1258 = AXIS2_PLACEMENT_3D ( 'NONE', #1626, #1897, #376 ) ;
#1259 = ORIENTED_EDGE ( 'NONE', *, *, #164, .T. ) ;
#1260 = CARTESIAN_POINT ( 'NONE',  ( 0.0000000000000000000, 0.0000000000000000000, 1.000000000000000000 ) ) ;
#1261 = ORIENTED_EDGE ( 'NONE', *, *, #2630, .T. ) ;
#1262 = DIRECTION ( 'NONE',  ( 0.0000000000000000000, 0.0000000000000000000, 1.000000000000000000 ) ) ;
#1263 = EDGE_CURVE ( 'NONE', #364, #3014, #105, .T. ) ;
#1264 = CARTESIAN_POINT ( 'NONE',  ( -1.214904624038740400, 0.4999999999999998900, -0.6332658307653108400 ) ) ;
#1265 = ADVANCED_FACE ( 'NONE', ( #2291 ), #1223, .T. ) ;
#1266 = ORIENTED_EDGE ( 'NONE', *, *, #682, .T. ) ;
#1267 = DIRECTION ( 'NONE',  ( 0.0000000000000000000, -1.000000000000000000, 0.0000000000000000000 ) ) ;
#1268 = EDGE_LOOP ( 'NONE', ( #2518, #2715, #2487, #3131 ) ) ;
#1269 =( NAMED_UNIT ( * ) PLANE_ANGLE_UNIT ( ) SI_UNIT ( $, .RADIAN. ) );
#1270 = CARTESIAN_POINT ( 'NONE',  ( -1.214904624038740400, 0.5999999999999999800, -0.6332658307653108400 ) ) ;
#1271 = AXIS2_PLACEMENT_3D ( 'NONE', #2102, #573, #1341 ) ;
#1272 = VECTOR ( 'NONE', #1063, 1000.000000000000000 ) ;
#1273 = DIRECTION ( 'NONE',  ( -0.0000000000000000000, -1.000000000000000000, -0.0000000000000000000 ) ) ;
#1274 = VERTEX_POINT ( 'NONE', #278 ) ;
#1275 = ORIENTED_EDGE ( 'NONE', *, *, #3074, .T. ) ;
#1276 = ORIENTED_EDGE ( 'NONE', *, *, #159, .T. ) ;
#1277 = VECTOR ( 'NONE', #2302, 1000.000000000000000 ) ;
#1278 = CARTESIAN_POINT ( 'NONE',  ( -1.175000000000000500, 0.1499999999999999900, -0.7499999999999998900 ) ) ;
#1279 =( NAMED_UNIT ( * ) SI_UNIT ( $, .STERADIAN. ) SOLID_ANGLE_UNIT ( ) );
#1280 = ADVANCED_FACE ( 'NONE', ( #2080 ), #1040, .T. ) ;
#1281 = ORIENTED_EDGE ( 'NONE', *, *, #2789, .F. ) ;
#1282 = CIRCLE ( 'NONE', #475, 0.1250000000000000000 ) ;
#1283 = FILL_AREA_STYLE ('',( #2325 ) ) ;
#1284 = CARTESIAN_POINT ( 'NONE',  ( -1.399999999999999700, 0.04999999999999999600, -0.8749999999999998900 ) ) ;
#1285 = EDGE_LOOP ( 'NONE', ( #259, #2260, #1722, #2760 ) ) ;
#1286 = EDGE_CURVE ( 'NONE', #985, #2010, #3108, .T. ) ;
#1287 = VERTEX_POINT ( 'NONE', #994 ) ;
#1288 = FACE_OUTER_BOUND ( 'NONE', #2802, .T. ) ;
#1289 = LINE ( 'NONE', #1419, #460 ) ;
#1290 = MANIFOLD_SOLID_BREP ( 'Boss-Extrude2[2]', #20 ) ;
#1291 = VERTEX_POINT ( 'NONE', #3113 ) ;
#1292 = CARTESIAN_POINT ( 'NONE',  ( 0.1000000000000000500, 0.04999999999999991300, 0.8000000000000003800 ) ) ;
#1293 = ORIENTED_EDGE ( 'NONE', *, *, #1184, .F. ) ;
#1294 = EDGE_CURVE ( 'NONE', #2813, #777, #2816, .T. ) ;
#1295 = PLANE ( 'NONE',  #112 ) ;
#1296 = VECTOR ( 'NONE', #404, 1000.000000000000000 ) ;
#1297 =( NAMED_UNIT ( * ) PLANE_ANGLE_UNIT ( ) SI_UNIT ( $, .RADIAN. ) );
#1298 = CARTESIAN_POINT ( 'NONE',  ( 1.175000000000000500, 0.0000000000000000000, -0.7499999999999998900 ) ) ;
#1299 = DIRECTION ( 'NONE',  ( 0.0000000000000000000, -1.000000000000000000, 0.0000000000000000000 ) ) ;
#1300 = FACE_BOUND ( 'NONE', #359, .T. ) ;
#1301 = DIRECTION ( 'NONE',  ( -0.0000000000000000000, -1.000000000000000000, 0.0000000000000000000 ) ) ;
#1302 = EDGE_CURVE ( 'NONE', #2069, #1987, #2246, .T. ) ;
#1303 = SURFACE_STYLE_USAGE ( .BOTH. , #294 ) ;
#1304 = DIRECTION ( 'NONE',  ( -0.0000000000000000000, -1.000000000000000000, -0.0000000000000000000 ) ) ;
#1305 = CARTESIAN_POINT ( 'NONE',  ( 0.1000000000000000500, 0.0000000000000000000, 0.8000000000000003800 ) ) ;
#1306 = DIRECTION ( 'NONE',  ( 0.0000000000000000000, 0.0000000000000000000, 1.000000000000000000 ) ) ;
#1307 = ORIENTED_EDGE ( 'NONE', *, *, #108, .T. ) ;
#1308 = CARTESIAN_POINT ( 'NONE',  ( 1.399999999999999700, 0.05000000000000000300, 0.5000000000000000000 ) ) ;
#1309 = VECTOR ( 'NONE', #3013, 1000.000000000000000 ) ;
#1310 = ORIENTED_EDGE ( 'NONE', *, *, #2076, .F. ) ;
#1311 = DIRECTION ( 'NONE',  ( 1.000000000000000000, 0.0000000000000000000, 0.0000000000000000000 ) ) ;
#1312 = ORIENTED_EDGE ( 'NONE', *, *, #1628, .F. ) ;
#1313 = ADVANCED_FACE ( 'NONE', ( #1021 ), #876, .T. ) ;
#1314 = AXIS2_PLACEMENT_3D ( 'NONE', #2165, #1435, #698 ) ;
#1315 = CARTESIAN_POINT ( 'NONE',  ( 0.0000000000000000000, 0.05000000000000000300, -0.8749999999999998900 ) ) ;
#1316 = VERTEX_POINT ( 'NONE', #1877 ) ;
#1317 = LINE ( 'NONE', #1664, #812 ) ;
#1318 = ORIENTED_EDGE ( 'NONE', *, *, #2833, .F. ) ;
#1319 = STYLED_ITEM ( 'NONE', ( #1132 ), #2117 ) ;
#1320 = DIRECTION ( 'NONE',  ( 0.0000000000000000000, -1.000000000000000000, 0.0000000000000000000 ) ) ;
#1321 = DIRECTION ( 'NONE',  ( 1.000000000000000000, -0.0000000000000000000, 0.0000000000000000000 ) ) ;
#1322 = VECTOR ( 'NONE', #353, 1000.000000000000000 ) ;
#1323 = FACE_OUTER_BOUND ( 'NONE', #1864, .T. ) ;
#1324 = EDGE_LOOP ( 'NONE', ( #61, #209, #448, #48 ) ) ;
#1325 = LINE ( 'NONE', #1468, #2532 ) ;
#1326 = DIRECTION ( 'NONE',  ( 0.0000000000000000000, -0.0000000000000000000, -1.000000000000000000 ) ) ;
#1327 = DIRECTION ( 'NONE',  ( 0.0000000000000000000, -1.000000000000000000, 0.0000000000000000000 ) ) ;
#1328 = ORIENTED_EDGE ( 'NONE', *, *, #397, .T. ) ;
#1329 = EDGE_CURVE ( 'NONE', #3229, #742, #219, .T. ) ;
#1330 = CARTESIAN_POINT ( 'NONE',  ( -1.399999999999999700, 0.04999999999999999600, 0.6250000000000001100 ) ) ;
#1331 = CARTESIAN_POINT ( 'NONE',  ( -1.175000000000000500, 0.5801162633521307300, 0.7500000000000001100 ) ) ;
#1332 = VECTOR ( 'NONE', #271, 1000.000000000000000 ) ;
#1333 = DIRECTION ( 'NONE',  ( 0.0000000000000000000, -0.0000000000000000000, -1.000000000000000000 ) ) ;
#1334 = DIRECTION ( 'NONE',  ( 0.0000000000000000000, 0.0000000000000000000, 1.000000000000000000 ) ) ;
#1335 = ORIENTED_EDGE ( 'NONE', *, *, #763, .T. ) ;
#1336 = CARTESIAN_POINT ( 'NONE',  ( 1.175000000000000500, 0.1499999999999999900, 0.2500000000000001100 ) ) ;
#1337 =( GEOMETRIC_REPRESENTATION_CONTEXT ( 3 ) GLOBAL_UNCERTAINTY_ASSIGNED_CONTEXT ( ( #1582 ) ) GLOBAL_UNIT_ASSIGNED_CONTEXT ( ( #2805, #1269, #1534 ) ) REPRESENTATION_CONTEXT ( 'NONE', 'WORKASPACE' ) );
#1338 =( GEOMETRIC_REPRESENTATION_CONTEXT ( 3 ) GLOBAL_UNCERTAINTY_ASSIGNED_CONTEXT ( ( #1676 ) ) GLOBAL_UNIT_ASSIGNED_CONTEXT ( ( #2582, #1561, #2593 ) ) REPRESENTATION_CONTEXT ( 'NONE', 'WORKASPACE' ) );
#1339 = DIRECTION ( 'NONE',  ( 0.0000000000000000000, 0.0000000000000000000, -1.000000000000000000 ) ) ;
#1340 = DIRECTION ( 'NONE',  ( 1.000000000000000000, 0.0000000000000000000, -0.0000000000000000000 ) ) ;
#1341 = DIRECTION ( 'NONE',  ( -5.421010862427525100E-016, 0.0000000000000000000, 1.000000000000000000 ) ) ;
#1342 = EDGE_CURVE ( 'NONE', #1480, #3046, #1883, .T. ) ;
#1343 = DIRECTION ( 'NONE',  ( -1.000000000000000000, 0.0000000000000000000, 0.0000000000000000000 ) ) ;
#1344 = DIRECTION ( 'NONE',  ( -1.000000000000000000, 0.0000000000000000000, -0.0000000000000000000 ) ) ;
#1345 = ORIENTED_EDGE ( 'NONE', *, *, #1726, .T. ) ;
#1346 = DIRECTION ( 'NONE',  ( -0.0000000000000000000, -1.000000000000000000, -0.0000000000000000000 ) ) ;
#1347 = EDGE_CURVE ( 'NONE', #1597, #1009, #3020, .T. ) ;
#1348 = DIRECTION ( 'NONE',  ( 0.0000000000000000000, 0.0000000000000000000, 1.000000000000000000 ) ) ;
#1349 = VERTEX_POINT ( 'NONE', #625 ) ;
#1350 = EDGE_LOOP ( 'NONE', ( #92, #1281, #1800, #1671 ) ) ;
#1351 = LINE ( 'NONE', #913, #2320 ) ;
#1352 = VERTEX_POINT ( 'NONE', #3147 ) ;
#1353 = LINE ( 'NONE', #3298, #129 ) ;
#1354 = DIRECTION ( 'NONE',  ( 1.000000000000000000, 0.0000000000000000000, -2.891205793294678300E-016 ) ) ;
#1355 = ORIENTED_EDGE ( 'NONE', *, *, #2695, .F. ) ;
#1356 = ORIENTED_EDGE ( 'NONE', *, *, #1263, .F. ) ;
#1357 = LINE ( 'NONE', #2122, #2640 ) ;
#1358 = AXIS2_PLACEMENT_3D ( 'NONE', #307, #2598, #74 ) ;
#1359 = DIRECTION ( 'NONE',  ( -1.000000000000000000, 0.0000000000000000000, 0.0000000000000000000 ) ) ;
#1360 = DIRECTION ( 'NONE',  ( -0.0000000000000000000, -1.000000000000000000, 0.0000000000000000000 ) ) ;
#1361 = ORIENTED_EDGE ( 'NONE', *, *, #510, .T. ) ;
#1362 = CYLINDRICAL_SURFACE ( 'NONE', #1214, 0.1416588759627156700 ) ;
#1363 = LINE ( 'NONE', #2512, #2644 ) ;
#1364 = ORIENTED_EDGE ( 'NONE', *, *, #2548, .T. ) ;
#1365 = CARTESIAN_POINT ( 'NONE',  ( -1.214904624038740400, 0.4999999999999998900, -0.6332658307653108400 ) ) ;
#1366 = ORIENTED_EDGE ( 'NONE', *, *, #1786, .F. ) ;
#1367 = VERTEX_POINT ( 'NONE', #1619 ) ;
#1368 = LINE ( 'NONE', #1656, #2652 ) ;
#1369 = CARTESIAN_POINT ( 'NONE',  ( 1.399999999999999700, 0.1499999999999999900, -0.6249999999999998900 ) ) ;
#1370 = VECTOR ( 'NONE', #1968, 1000.000000000000000 ) ;
#1371 = PRODUCT ( 'AT25DN011-MAHF-T', 'AT25DN011-MAHF-T', '', ( #1621 ) ) ;
#1372 = CARTESIAN_POINT ( 'NONE',  ( -1.399999999999999700, 0.1499999999999999700, 0.6250000000000001100 ) ) ;
#1373 = LINE ( 'NONE', #1305, #1584 ) ;
#1374 = DIRECTION ( 'NONE',  ( 0.0000000000000000000, 0.0000000000000000000, 1.000000000000000000 ) ) ;
#1375 = ORIENTED_EDGE ( 'NONE', *, *, #2548, .F. ) ;
#1376 = DIRECTION ( 'NONE',  ( -0.0000000000000000000, -0.0000000000000000000, 1.000000000000000000 ) ) ;
#1377 = PLANE ( 'NONE',  #770 ) ;
#1378 = AXIS2_PLACEMENT_3D ( 'NONE', #2425, #1941, #440 ) ;
#1379 = CARTESIAN_POINT ( 'NONE',  ( 1.399999999999999700, 0.1499999999999999700, 0.5000000000000000000 ) ) ;
#1380 = DIRECTION ( 'NONE',  ( -1.000000000000000000, 0.0000000000000000000, 0.0000000000000000000 ) ) ;
#1381 = PLANE ( 'NONE',  #677 ) ;
#1382 = ORIENTED_EDGE ( 'NONE', *, *, #1875, .T. ) ;
#1383 = VECTOR ( 'NONE', #1975, 1000.000000000000000 ) ;
#1384 =( NAMED_UNIT ( * ) PLANE_ANGLE_UNIT ( ) SI_UNIT ( $, .RADIAN. ) );
#1385 = EDGE_CURVE ( 'NONE', #1008, #2111, #2491, .T. ) ;
#1386 = ORIENTED_EDGE ( 'NONE', *, *, #1813, .F. ) ;
#1387 = DIRECTION ( 'NONE',  ( 0.0000000000000000000, -1.000000000000000000, 0.0000000000000000000 ) ) ;
#1388 = DIRECTION ( 'NONE',  ( -0.0000000000000000000, -1.000000000000000000, -0.0000000000000000000 ) ) ;
#1389 = DIRECTION ( 'NONE',  ( 1.000000000000000000, 0.0000000000000000000, -1.084202172485504600E-016 ) ) ;
#1390 = ADVANCED_FACE ( 'NONE', ( #340 ), #1857, .T. ) ;
#1391 = DIRECTION ( 'NONE',  ( -0.0000000000000000000, -1.000000000000000000, -0.0000000000000000000 ) ) ;
#1392 = LINE ( 'NONE', #2693, #2025 ) ;
#1393 = EDGE_CURVE ( 'NONE', #2330, #2853, #1209, .T. ) ;
#1394 = CARTESIAN_POINT ( 'NONE',  ( 0.1000000000000000500, 1.762451549659709700, 0.8000000000000003800 ) ) ;
#1395 = ORIENTED_EDGE ( 'NONE', *, *, #2400, .T. ) ;
#1396 = CIRCLE ( 'NONE', #724, 0.1250000000000000000 ) ;
#1397 = CARTESIAN_POINT ( 'NONE',  ( 1.175000000000000500, 0.1499999999999999900, -0.6249999999999998900 ) ) ;
#1398 = CARTESIAN_POINT ( 'NONE',  ( 1.175000000000000500, 0.1499999999999999700, -0.2499999999999998900 ) ) ;
#1399 = ORIENTED_EDGE ( 'NONE', *, *, #159, .F. ) ;
#1400 = ORIENTED_EDGE ( 'NONE', *, *, #441, .F. ) ;
#1401 = VECTOR ( 'NONE', #2015, 1000.000000000000000 ) ;
#1402 = CARTESIAN_POINT ( 'NONE',  ( 1.399999999999999700, 0.5801162633521307300, 0.1250000000000001100 ) ) ;
#1403 = DIRECTION ( 'NONE',  ( 0.0000000000000000000, 0.0000000000000000000, -1.000000000000000000 ) ) ;
#1404 = ORIENTED_EDGE ( 'NONE', *, *, #2250, .T. ) ;
#1405 = LINE ( 'NONE', #2100, #220 ) ;
#1406 = EDGE_LOOP ( 'NONE', ( #287, #977, #1712, #2060 ) ) ;
#1407 = DIRECTION ( 'NONE',  ( 0.0000000000000000000, 0.0000000000000000000, -1.000000000000000000 ) ) ;
#1408 = ORIENTED_EDGE ( 'NONE', *, *, #3016, .T. ) ;
#1409 = CARTESIAN_POINT ( 'NONE',  ( -1.175000000000000500, 0.0000000000000000000, -0.7499999999999998900 ) ) ;
#1410 = EDGE_CURVE ( 'NONE', #350, #134, #375, .T. ) ;
#1411 = CARTESIAN_POINT ( 'NONE',  ( 1.175000000000000500, 0.1499999999999999900, -0.3749999999999998900 ) ) ;
#1412 = CYLINDRICAL_SURFACE ( 'NONE', #2262, 0.1250000000000000000 ) ;
#1413 = CARTESIAN_POINT ( 'NONE',  ( 0.0000000000000000000, 0.05000000000000000300, -0.8749999999999998900 ) ) ;
#1414 = ADVANCED_FACE ( 'NONE', ( #141 ), #153, .T. ) ;
#1415 = DIRECTION ( 'NONE',  ( 0.0000000000000000000, 0.0000000000000000000, -1.000000000000000000 ) ) ;
#1416 = FACE_OUTER_BOUND ( 'NONE', #128, .T. ) ;
#1417 = DIRECTION ( 'NONE',  ( -0.0000000000000000000, 0.0000000000000000000, 1.000000000000000000 ) ) ;
#1418 = EDGE_CURVE ( 'NONE', #318, #3014, #2773, .T. ) ;
#1419 = CARTESIAN_POINT ( 'NONE',  ( -1.175000000000000500, 0.0000000000000000000, 0.8750000000000001100 ) ) ;
#1420 = CARTESIAN_POINT ( 'NONE',  ( -1.175000000000000500, 0.1499999999999999700, 0.8750000000000001100 ) ) ;
#1421 = CARTESIAN_POINT ( 'NONE',  ( 1.399999999999999700, 0.05000000000000000300, 1.000000000000000000 ) ) ;
#1422 = ORIENTED_EDGE ( 'NONE', *, *, #1465, .T. ) ;
#1423 = AXIS2_PLACEMENT_3D ( 'NONE', #33, #1826, #583 ) ;
#1424 = CARTESIAN_POINT ( 'NONE',  ( 0.0000000000000000000, 0.05000000000000000300, -0.6249999999999998900 ) ) ;
#1425 = DIRECTION ( 'NONE',  ( 0.0000000000000000000, -0.0000000000000000000, 1.000000000000000000 ) ) ;
#1426 = MANIFOLD_SOLID_BREP ( 'LPattern2[4]', #2407 ) ;
#1427 = CARTESIAN_POINT ( 'NONE',  ( -0.09999999999999982500, 0.1499999999999999700, 0.8000000000000006000 ) ) ;
#1428 = VERTEX_POINT ( 'NONE', #2119 ) ;
#1429 = VERTEX_POINT ( 'NONE', #917 ) ;
#1430 = VERTEX_POINT ( 'NONE', #635 ) ;
#1431 = DIRECTION ( 'NONE',  ( 0.0000000000000000000, 0.0000000000000000000, -1.000000000000000000 ) ) ;
#1432 = EDGE_CURVE ( 'NONE', #1479, #731, #2809, .T. ) ;
#1433 = DIRECTION ( 'NONE',  ( 1.000000000000000000, 0.0000000000000000000, -0.0000000000000000000 ) ) ;
#1434 = VERTEX_POINT ( 'NONE', #909 ) ;
#1435 = DIRECTION ( 'NONE',  ( 0.0000000000000000000, 0.0000000000000000000, 1.000000000000000000 ) ) ;
#1436 = CARTESIAN_POINT ( 'NONE',  ( -1.175000000000000500, 0.5801162633521307300, -0.8749999999999998900 ) ) ;
#1437 = EDGE_LOOP ( 'NONE', ( #433, #2818, #1081, #1568 ) ) ;
#1438 = LINE ( 'NONE', #1976, #2887 ) ;
#1439 = DIRECTION ( 'NONE',  ( 0.0000000000000000000, -0.0000000000000000000, -1.000000000000000000 ) ) ;
#1440 = ORIENTED_EDGE ( 'NONE', *, *, #1060, .T. ) ;
#1441 = AXIS2_PLACEMENT_3D ( 'NONE', #82, #2916, #1344 ) ;
#1442 = FACE_OUTER_BOUND ( 'NONE', #638, .T. ) ;
#1443 = ORIENTED_EDGE ( 'NONE', *, *, #2983, .F. ) ;
#1444 = PRESENTATION_STYLE_ASSIGNMENT (( #2776 ) ) ;
#1445 = ORIENTED_EDGE ( 'NONE', *, *, #1829, .T. ) ;
#1446 = CARTESIAN_POINT ( 'NONE',  ( -0.1000000000000000500, 0.05000000000000000300, -5.421010862427528300E-017 ) ) ;
#1447 = PRODUCT_RELATED_PRODUCT_CATEGORY ( 'part', '', ( #1371 ) ) ;
#1448 = AXIS2_PLACEMENT_3D ( 'NONE', #999, #1506, #3306 ) ;
#1449 = EDGE_LOOP ( 'NONE', ( #697, #2625, #2159, #1408 ) ) ;
#1450 = CARTESIAN_POINT ( 'NONE',  ( 1.399999999999999700, 0.1499999999999999900, -0.3749999999999998900 ) ) ;
#1451 = CARTESIAN_POINT ( 'NONE',  ( 1.399999999999999700, 0.1499999999999999900, -0.8749999999999998900 ) ) ;
#1452 = CARTESIAN_POINT ( 'NONE',  ( -1.175000000000000500, 0.1499999999999999700, -0.6249999999999998900 ) ) ;
#1453 = EDGE_LOOP ( 'NONE', ( #96, #2888, #2987, #1312 ) ) ;
#1454 = LINE ( 'NONE', #2546, #1848 ) ;
#1455 = CARTESIAN_POINT ( 'NONE',  ( 1.399999999999999700, 0.0000000000000000000, 1.500000000000000000 ) ) ;
#1456 = DIRECTION ( 'NONE',  ( -1.000000000000000000, -0.0000000000000000000, -0.0000000000000000000 ) ) ;
#1457 = LINE ( 'NONE', #1926, #758 ) ;
#1458 = EDGE_CURVE ( 'NONE', #2753, #777, #3185, .T. ) ;
#1459 = ORIENTED_EDGE ( 'NONE', *, *, #2989, .F. ) ;
#1460 = CARTESIAN_POINT ( 'NONE',  ( -0.09999999999999965900, 1.762451549659709700, -0.7249999999999995300 ) ) ;
#1461 = FACE_BOUND ( 'NONE', #1171, .T. ) ;
#1462 = CARTESIAN_POINT ( 'NONE',  ( -0.09999999999999965900, -0.0000000000000000000, -0.7249999999999995300 ) ) ;
#1463 = DIRECTION ( 'NONE',  ( 0.0000000000000000000, 0.0000000000000000000, 1.000000000000000000 ) ) ;
#1464 = DIRECTION ( 'NONE',  ( 0.0000000000000000000, 1.000000000000000000, 0.0000000000000000000 ) ) ;
#1465 = EDGE_CURVE ( 'NONE', #168, #2627, #1879, .T. ) ;
#1466 = CARTESIAN_POINT ( 'NONE',  ( 1.399999999999999700, 0.0000000000000000000, -0.3749999999999998900 ) ) ;
#1467 = ADVANCED_FACE ( 'NONE', ( #2972 ), #2147, .F. ) ;
#1468 = CARTESIAN_POINT ( 'NONE',  ( -1.175000000000000500, 0.1499999999999999900, -0.6249999999999998900 ) ) ;
#1469 = STYLED_ITEM ( 'NONE', ( #3063 ), #1426 ) ;
#1470 = ADVANCED_FACE ( 'NONE', ( #1288 ), #2488, .F. ) ;
#1471 = ORIENTED_EDGE ( 'NONE', *, *, #1117, .T. ) ;
#1472 = FACE_OUTER_BOUND ( 'NONE', #486, .T. ) ;
#1473 = CARTESIAN_POINT ( 'NONE',  ( 0.0000000000000000000, 0.5801162633521307300, 0.8750000000000001100 ) ) ;
#1474 = DIRECTION ( 'NONE',  ( 0.0000000000000000000, 0.0000000000000000000, -1.000000000000000000 ) ) ;
#1475 = ORIENTED_EDGE ( 'NONE', *, *, #609, .F. ) ;
#1476 = DIRECTION ( 'NONE',  ( -0.0000000000000000000, -1.000000000000000000, -0.0000000000000000000 ) ) ;
#1477 = CARTESIAN_POINT ( 'NONE',  ( -1.175000000000000500, 0.1499999999999999900, 0.2500000000000001100 ) ) ;
#1478 = ORIENTED_EDGE ( 'NONE', *, *, #1237, .F. ) ;
#1479 = VERTEX_POINT ( 'NONE', #1173 ) ;
#1480 = VERTEX_POINT ( 'NONE', #3199 ) ;
#1481 = VECTOR ( 'NONE', #617, 1000.000000000000000 ) ;
#1482 = CARTESIAN_POINT ( 'NONE',  ( -1.214904624038740400, 0.5999999999999999800, -0.4916069548025952000 ) ) ;
#1483 = ORIENTED_EDGE ( 'NONE', *, *, #3149, .F. ) ;
#1484 = ORIENTED_EDGE ( 'NONE', *, *, #205, .T. ) ;
#1485 = LINE ( 'NONE', #3165, #1165 ) ;
#1486 = FACE_OUTER_BOUND ( 'NONE', #1449, .T. ) ;
#1487 = FACE_OUTER_BOUND ( 'NONE', #1350, .T. ) ;
#1488 = DIRECTION ( 'NONE',  ( 0.0000000000000000000, -0.0000000000000000000, 1.000000000000000000 ) ) ;
#1489 = VERTEX_POINT ( 'NONE', #2162 ) ;
#1490 = AXIS2_PLACEMENT_3D ( 'NONE', #3034, #1193, #1463 ) ;
#1491 = VECTOR ( 'NONE', #118, 1000.000000000000000 ) ;
#1492 = VECTOR ( 'NONE', #1762, 1000.000000000000000 ) ;
#1493 = CARTESIAN_POINT ( 'NONE',  ( -0.09999999999999982500, 0.0000000000000000000, 0.8000000000000006000 ) ) ;
#1494 = CARTESIAN_POINT ( 'NONE',  ( 1.399999999999999700, 0.0000000000000000000, 0.6250000000000001100 ) ) ;
#1495 = CARTESIAN_POINT ( 'NONE',  ( 1.175000000000000500, 0.1499999999999999700, 0.2500000000000001100 ) ) ;
#1496 = FACE_OUTER_BOUND ( 'NONE', #2794, .T. ) ;
#1497 = VERTEX_POINT ( 'NONE', #1420 ) ;
#1498 = ADVANCED_FACE ( 'NONE', ( #253 ), #420, .T. ) ;
#1499 = DIRECTION ( 'NONE',  ( 0.0000000000000000000, -0.0000000000000000000, 1.000000000000000000 ) ) ;
#1500 = VECTOR ( 'NONE', #597, 1000.000000000000000 ) ;
#1501 = DIRECTION ( 'NONE',  ( 0.0000000000000000000, 0.0000000000000000000, 1.000000000000000000 ) ) ;
#1502 = VERTEX_POINT ( 'NONE', #1411 ) ;
#1503 = ORIENTED_EDGE ( 'NONE', *, *, #3167, .F. ) ;
#1504 = ADVANCED_FACE ( 'NONE', ( #2643 ), #2696, .T. ) ;
#1505 = EDGE_CURVE ( 'NONE', #1158, #1684, #1094, .T. ) ;
#1506 = DIRECTION ( 'NONE',  ( 0.0000000000000000000, -1.000000000000000000, 0.0000000000000000000 ) ) ;
#1507 = VERTEX_POINT ( 'NONE', #1151 ) ;
#1508 = DIRECTION ( 'NONE',  ( 0.0000000000000000000, -0.0000000000000000000, -1.000000000000000000 ) ) ;
#1509 = AXIS2_PLACEMENT_3D ( 'NONE', #2918, #2406, #1690 ) ;
#1510 = DIRECTION ( 'NONE',  ( -0.0000000000000000000, 1.000000000000000000, -0.0000000000000000000 ) ) ;
#1511 = ORIENTED_EDGE ( 'NONE', *, *, #212, .F. ) ;
#1512 = AXIS2_PLACEMENT_3D ( 'NONE', #1586, #641, #3172 ) ;
#1513 = CIRCLE ( 'NONE', #2229, 0.1250000000000000000 ) ;
#1514 = PLANE ( 'NONE',  #2097 ) ;
#1515 = ORIENTED_EDGE ( 'NONE', *, *, #2067, .F. ) ;
#1516 = ORIENTED_EDGE ( 'NONE', *, *, #228, .F. ) ;
#1517 = VERTEX_POINT ( 'NONE', #1668 ) ;
#1518 = PLANE ( 'NONE',  #2736 ) ;
#1519 = ORIENTED_EDGE ( 'NONE', *, *, #1221, .F. ) ;
#1520 = FACE_OUTER_BOUND ( 'NONE', #1666, .T. ) ;
#1521 = ORIENTED_EDGE ( 'NONE', *, *, #2526, .F. ) ;
#1522 = EDGE_CURVE ( 'NONE', #1130, #3035, #3266, .T. ) ;
#1523 = CIRCLE ( 'NONE', #255, 0.1250000000000000000 ) ;
#1524 = EDGE_LOOP ( 'NONE', ( #309, #1908, #2230, #2967 ) ) ;
#1525 = CARTESIAN_POINT ( 'NONE',  ( -1.175000000000000500, 0.1499999999999999900, 0.8750000000000001100 ) ) ;
#1526 = CIRCLE ( 'NONE', #116, 0.1250000000000000000 ) ;
#1527 = EDGE_LOOP ( 'NONE', ( #1293, #1471, #3250, #160 ) ) ;
#1528 = FACE_OUTER_BOUND ( 'NONE', #2108, .T. ) ;
#1529 = EDGE_CURVE ( 'NONE', #407, #2627, #2114, .T. ) ;
#1530 = VECTOR ( 'NONE', #746, 1000.000000000000000 ) ;
#1531 = DIRECTION ( 'NONE',  ( 0.0000000000000000000, -1.000000000000000000, 0.0000000000000000000 ) ) ;
#1532 = EDGE_LOOP ( 'NONE', ( #905, #1038, #2886, #3005 ) ) ;
#1533 = ORIENTED_EDGE ( 'NONE', *, *, #1612, .F. ) ;
#1534 =( NAMED_UNIT ( * ) SI_UNIT ( $, .STERADIAN. ) SOLID_ANGLE_UNIT ( ) );
#1535 = DIRECTION ( 'NONE',  ( 0.0000000000000000000, -0.0000000000000000000, -1.000000000000000000 ) ) ;
#1536 = ADVANCED_FACE ( 'NONE', ( #783 ), #1980, .T. ) ;
#1537 = ADVANCED_FACE ( 'NONE', ( #1773 ), #2251, .F. ) ;
#1538 = MANIFOLD_SOLID_BREP ( 'Cut-Extrude4', #2083 ) ;
#1539 = DIRECTION ( 'NONE',  ( 0.0000000000000000000, 0.0000000000000000000, 1.000000000000000000 ) ) ;
#1540 = AXIS2_PLACEMENT_3D ( 'NONE', #2053, #807, #838 ) ;
#1541 = ORIENTED_EDGE ( 'NONE', *, *, #2913, .F. ) ;
#1542 = VERTEX_POINT ( 'NONE', #2996 ) ;
#1543 = CIRCLE ( 'NONE', #2779, 0.1416588759627156700 ) ;
#1544 = DIRECTION ( 'NONE',  ( 0.0000000000000000000, 1.000000000000000000, 0.0000000000000000000 ) ) ;
#1545 = DIRECTION ( 'NONE',  ( -1.227398685832646800E-016, 0.0000000000000000000, 1.000000000000000000 ) ) ;
#1546 = VERTEX_POINT ( 'NONE', #1198 ) ;
#1547 = CARTESIAN_POINT ( 'NONE',  ( -1.175000000000000500, 0.1499999999999999900, -0.2499999999999998900 ) ) ;
#1548 =( NAMED_UNIT ( * ) SI_UNIT ( $, .STERADIAN. ) SOLID_ANGLE_UNIT ( ) );
#1549 = AXIS2_PLACEMENT_3D ( 'NONE', #438, #2493, #3258 ) ;
#1550 = VERTEX_POINT ( 'NONE', #1482 ) ;
#1551 = LINE ( 'NONE', #1748, #1383 ) ;
#1552 = FILL_AREA_STYLE ('',( #15 ) ) ;
#1553 = ADVANCED_FACE ( 'NONE', ( #419 ), #2489, .T. ) ;
#1554 = CARTESIAN_POINT ( 'NONE',  ( -1.399999999999999700, 0.1499999999999999900, 0.3750000000000001100 ) ) ;
#1555 = ORIENTED_EDGE ( 'NONE', *, *, #1529, .F. ) ;
#1556 =( GEOMETRIC_REPRESENTATION_CONTEXT ( 3 ) GLOBAL_UNCERTAINTY_ASSIGNED_CONTEXT ( ( #2716 ) ) GLOBAL_UNIT_ASSIGNED_CONTEXT ( ( #2705, #3022, #2973 ) ) REPRESENTATION_CONTEXT ( 'NONE', 'WORKASPACE' ) );
#1557 = DIRECTION ( 'NONE',  ( 0.0000000000000000000, 0.0000000000000000000, -1.000000000000000000 ) ) ;
#1558 = ORIENTED_EDGE ( 'NONE', *, *, #1703, .F. ) ;
#1559 = VERTEX_POINT ( 'NONE', #970 ) ;
#1560 = VECTOR ( 'NONE', #126, 1000.000000000000000 ) ;
#1561 =( NAMED_UNIT ( * ) PLANE_ANGLE_UNIT ( ) SI_UNIT ( $, .RADIAN. ) );
#1562 = SURFACE_STYLE_USAGE ( .BOTH. , #754 ) ;
#1563 = LINE ( 'NONE', #725, #1126 ) ;
#1564 = DIRECTION ( 'NONE',  ( 0.0000000000000000000, 0.0000000000000000000, 1.000000000000000000 ) ) ;
#1565 = PLANE ( 'NONE',  #1710 ) ;
#1566 = ORIENTED_EDGE ( 'NONE', *, *, #224, .T. ) ;
#1567 = EDGE_CURVE ( 'NONE', #3076, #1913, #1840, .T. ) ;
#1568 = ORIENTED_EDGE ( 'NONE', *, *, #2875, .T. ) ;
#1569 = VECTOR ( 'NONE', #3040, 1000.000000000000000 ) ;
#1570 = LINE ( 'NONE', #1315, #3297 ) ;
#1571 = ADVANCED_FACE ( 'NONE', ( #3058 ), #474, .F. ) ;
#1572 = ORIENTED_EDGE ( 'NONE', *, *, #1102, .T. ) ;
#1573 = DIRECTION ( 'NONE',  ( -1.000000000000000000, 0.0000000000000000000, 0.0000000000000000000 ) ) ;
#1574 = CARTESIAN_POINT ( 'NONE',  ( 1.399999999999999700, 0.1499999999999999900, -0.8749999999999998900 ) ) ;
#1575 = COLOUR_RGB ( '',0.7921568627450980000, 0.8196078431372548800, 0.9333333333333333500 ) ;
#1576 = CYLINDRICAL_SURFACE ( 'NONE', #2307, 0.1250000000000000000 ) ;
#1577 = EDGE_LOOP ( 'NONE', ( #1959, #1364, #2564, #204 ) ) ;
#1578 = EDGE_CURVE ( 'NONE', #1291, #716, #100, .T. ) ;
#1579 = LINE ( 'NONE', #3222, #1778 ) ;
#1580 = DIRECTION ( 'NONE',  ( -1.000000000000000000, 0.0000000000000000000, 0.0000000000000000000 ) ) ;
#1581 = CARTESIAN_POINT ( 'NONE',  ( -1.175000000000000500, 0.5801162633521307300, 0.6250000000000001100 ) ) ;
#1582 = UNCERTAINTY_MEASURE_WITH_UNIT (LENGTH_MEASURE( 1.000000000000000100E-005 ), #2805, 'distance_accuracy_value', 'NONE');
#1583 = AXIS2_PLACEMENT_3D ( 'NONE', #859, #2622, #1107 ) ;
#1584 = VECTOR ( 'NONE', #297, 1000.000000000000000 ) ;
#1585 = DIRECTION ( 'NONE',  ( 0.0000000000000000000, 0.0000000000000000000, -1.000000000000000000 ) ) ;
#1586 = CARTESIAN_POINT ( 'NONE',  ( 1.500000000000000400, 4.805551275463989700, 1.000000000000000000 ) ) ;
#1587 = ADVANCED_FACE ( 'NONE', ( #1528 ), #2501, .T. ) ;
#1588 = EDGE_CURVE ( 'NONE', #1763, #2299, #3301, .T. ) ;
#1589 = DIRECTION ( 'NONE',  ( 1.000000000000000000, -0.0000000000000000000, -0.0000000000000000000 ) ) ;
#1590 = DIRECTION ( 'NONE',  ( 1.000000000000000000, 0.0000000000000000000, 0.0000000000000000000 ) ) ;
#1591 = EDGE_CURVE ( 'NONE', #1631, #2193, #620, .T. ) ;
#1592 = ORIENTED_EDGE ( 'NONE', *, *, #3240, .T. ) ;
#1593 = SURFACE_STYLE_USAGE ( .BOTH. , #586 ) ;
#1594 = AXIS2_PLACEMENT_3D ( 'NONE', #2473, #953, #2192 ) ;
#1595 = CARTESIAN_POINT ( 'NONE',  ( 1.399999999999999700, 0.1499999999999999900, -0.1249999999999998900 ) ) ;
#1596 = CARTESIAN_POINT ( 'NONE',  ( -1.399999999999999700, 0.5801162633521307300, 0.1250000000000001100 ) ) ;
#1597 = VERTEX_POINT ( 'NONE', #453 ) ;
#1598 = AXIS2_PLACEMENT_3D ( 'NONE', #388, #1183, #1439 ) ;
#1599 = DIRECTION ( 'NONE',  ( -1.000000000000000000, 0.0000000000000000000, 0.0000000000000000000 ) ) ;
#1600 = DIRECTION ( 'NONE',  ( 1.000000000000000000, -0.0000000000000000000, 0.0000000000000000000 ) ) ;
#1601 = VERTEX_POINT ( 'NONE', #2752 ) ;
#1602 = CIRCLE ( 'NONE', #2056, 0.1416588759627156700 ) ;
#1603 = ORIENTED_EDGE ( 'NONE', *, *, #2199, .T. ) ;
#1604 = EDGE_CURVE ( 'NONE', #1434, #3076, #459, .T. ) ;
#1605 = LINE ( 'NONE', #2674, #2682 ) ;
#1606 = FILL_AREA_STYLE_COLOUR ( '', #3160 ) ;
#1607 = ORIENTED_EDGE ( 'NONE', *, *, #2457, .T. ) ;
#1608 = LINE ( 'NONE', #1033, #1172 ) ;
#1609 = DIRECTION ( 'NONE',  ( 0.0000000000000000000, -1.000000000000000000, 0.0000000000000000000 ) ) ;
#1610 = CARTESIAN_POINT ( 'NONE',  ( -1.399999999999999700, 0.0000000000000000000, -0.1249999999999998900 ) ) ;
#1611 = ORIENTED_EDGE ( 'NONE', *, *, #755, .F. ) ;
#1612 = EDGE_CURVE ( 'NONE', #2534, #1367, #576, .T. ) ;
#1613 = SURFACE_STYLE_FILL_AREA ( #2263 ) ;
#1614 = PRODUCT_DEFINITION_SHAPE ( 'NONE', 'NONE',  #1175 ) ;
#1615 = DIRECTION ( 'NONE',  ( -0.0000000000000000000, 0.0000000000000000000, 1.000000000000000000 ) ) ;
#1616 = CARTESIAN_POINT ( 'NONE',  ( 1.175000000000000500, 0.1499999999999999900, -0.1249999999999998900 ) ) ;
#1617 = FACE_OUTER_BOUND ( 'NONE', #1066, .T. ) ;
#1618 = AXIS2_PLACEMENT_3D ( 'NONE', #2095, #1895, #123 ) ;
#1619 = CARTESIAN_POINT ( 'NONE',  ( 1.399999999999999700, 0.0000000000000000000, -0.1249999999999998900 ) ) ;
#1620 = LINE ( 'NONE', #1216, #34 ) ;
#1621 = PRODUCT_CONTEXT ( 'NONE', #1787, 'mechanical' ) ;
#1622 = EDGE_LOOP ( 'NONE', ( #3049, #3106, #1000, #104 ) ) ;
#1623 = CARTESIAN_POINT ( 'NONE',  ( -1.175000000000000500, 0.0000000000000000000, -0.1249999999999998900 ) ) ;
#1624 = LINE ( 'NONE', #3153, #2388 ) ;
#1625 = AXIS2_PLACEMENT_3D ( 'NONE', #1957, #1425, #471 ) ;
#1626 = CARTESIAN_POINT ( 'NONE',  ( -1.399999999999999700, 0.5801162633521307300, -0.8749999999999998900 ) ) ;
#1627 = ORIENTED_EDGE ( 'NONE', *, *, #1016, .F. ) ;
#1628 = EDGE_CURVE ( 'NONE', #1962, #968, #1017, .T. ) ;
#1629 = PLANE ( 'NONE',  #1044 ) ;
#1630 = DIRECTION ( 'NONE',  ( -1.000000000000000000, 0.0000000000000000000, -0.0000000000000000000 ) ) ;
#1631 = VERTEX_POINT ( 'NONE', #2295 ) ;
#1632 = DIRECTION ( 'NONE',  ( 0.0000000000000000000, 1.000000000000000000, 0.0000000000000000000 ) ) ;
#1633 = EDGE_CURVE ( 'NONE', #731, #623, #2605, .T. ) ;
#1634 = CARTESIAN_POINT ( 'NONE',  ( -1.175000000000000500, 0.1499999999999999900, 0.8750000000000001100 ) ) ;
#1635 = EDGE_LOOP ( 'NONE', ( #2277, #1239, #1104, #1155 ) ) ;
#1636 = CARTESIAN_POINT ( 'NONE',  ( 1.399999999999999700, 0.1499999999999999900, -0.6249999999999998900 ) ) ;
#1637 = VERTEX_POINT ( 'NONE', #1231 ) ;
#1638 = MECHANICAL_DESIGN_GEOMETRIC_PRESENTATION_REPRESENTATION (  '', ( #1469 ), #1807 ) ;
#1639 = ORIENTED_EDGE ( 'NONE', *, *, #3190, .F. ) ;
#1640 = CIRCLE ( 'NONE', #1733, 0.1000000000000000500 ) ;
#1641 = CARTESIAN_POINT ( 'NONE',  ( 1.500000000000000000, 4.805551275463989700, -1.000000000000000400 ) ) ;
#1642 = DIRECTION ( 'NONE',  ( -0.0000000000000000000, -1.000000000000000000, -0.0000000000000000000 ) ) ;
#1643 = LINE ( 'NONE', #2141, #2764 ) ;
#1644 = EDGE_LOOP ( 'NONE', ( #1053, #2479, #916, #1823 ) ) ;
#1645 = LINE ( 'NONE', #117, #982 ) ;
#1646 = DIRECTION ( 'NONE',  ( 0.0000000000000000000, -0.0000000000000000000, -1.000000000000000000 ) ) ;
#1647 = EDGE_LOOP ( 'NONE', ( #2885, #450, #938, #361 ) ) ;
#1648 = ADVANCED_FACE ( 'NONE', ( #2531 ), #1362, .T. ) ;
#1649 = LINE ( 'NONE', #303, #827 ) ;
#1650 = ADVANCED_FACE ( 'NONE', ( #336 ), #3054, .T. ) ;
#1651 = VECTOR ( 'NONE', #2328, 1000.000000000000000 ) ;
#1652 = CARTESIAN_POINT ( 'NONE',  ( -1.175000000000000500, 0.1499999999999999900, -0.2499999999999998900 ) ) ;
#1653 = CARTESIAN_POINT ( 'NONE',  ( -1.399999999999999700, 0.1499999999999999700, -0.1249999999999998900 ) ) ;
#1654 = FACE_OUTER_BOUND ( 'NONE', #2590, .T. ) ;
#1655 = CARTESIAN_POINT ( 'NONE',  ( -1.399999999999999700, 0.1499999999999999700, -0.3749999999999998900 ) ) ;
#1656 = CARTESIAN_POINT ( 'NONE',  ( 0.0000000000000000000, 0.1499999999999999700, -0.8749999999999998900 ) ) ;
#1657 = FACE_OUTER_BOUND ( 'NONE', #1437, .T. ) ;
#1658 = ADVANCED_FACE ( 'NONE', ( #1921 ), #1514, .T. ) ;
#1659 =( NAMED_UNIT ( * ) SI_UNIT ( $, .STERADIAN. ) SOLID_ANGLE_UNIT ( ) );
#1660 = CARTESIAN_POINT ( 'NONE',  ( 0.0000000000000000000, 0.05000000000000000300, -0.3749999999999998900 ) ) ;
#1661 = DIRECTION ( 'NONE',  ( 1.000000000000000000, 0.0000000000000000000, -1.084202172485505200E-015 ) ) ;
#1662 = AXIS2_PLACEMENT_3D ( 'NONE', #553, #313, #1306 ) ;
#1663 = DIRECTION ( 'NONE',  ( -1.000000000000000000, -0.0000000000000000000, -0.0000000000000000000 ) ) ;
#1664 = CARTESIAN_POINT ( 'NONE',  ( 1.500000000000000000, 0.5999999999999998700, -1.000000000000000400 ) ) ;
#1665 = CARTESIAN_POINT ( 'NONE',  ( 1.399999999999999700, 0.0000000000000000000, -0.6249999999999998900 ) ) ;
#1666 = EDGE_LOOP ( 'NONE', ( #1990, #1519, #2937, #3180 ) ) ;
#1667 = ORIENTED_EDGE ( 'NONE', *, *, #2913, .T. ) ;
#1668 = CARTESIAN_POINT ( 'NONE',  ( 1.500000000000000000, 0.5999999999999998700, -1.000000000000000400 ) ) ;
#1669 = CARTESIAN_POINT ( 'NONE',  ( 1.399999999999999700, 0.1499999999999999900, -0.1249999999999998900 ) ) ;
#1670 = EDGE_CURVE ( 'NONE', #1076, #8, #1608, .T. ) ;
#1671 = ORIENTED_EDGE ( 'NONE', *, *, #2177, .T. ) ;
#1672 = DIRECTION ( 'NONE',  ( -0.0000000000000000000, -1.000000000000000000, -0.0000000000000000000 ) ) ;
#1673 = DIRECTION ( 'NONE',  ( -0.0000000000000000000, 0.0000000000000000000, 1.000000000000000000 ) ) ;
#1674 = FILL_AREA_STYLE ('',( #395 ) ) ;
#1675 = ORIENTED_EDGE ( 'NONE', *, *, #2966, .T. ) ;
#1676 = UNCERTAINTY_MEASURE_WITH_UNIT (LENGTH_MEASURE( 1.000000000000000100E-005 ), #2582, 'distance_accuracy_value', 'NONE');
#1677 = DIRECTION ( 'NONE',  ( 0.0000000000000000000, 1.000000000000000000, 0.0000000000000000000 ) ) ;
#1678 = AXIS2_PLACEMENT_3D ( 'NONE', #177, #1702, #687 ) ;
#1679 = LINE ( 'NONE', #1653, #2633 ) ;
#1680 = LINE ( 'NONE', #662, #2597 ) ;
#1681 = DIRECTION ( 'NONE',  ( 0.0000000000000000000, -1.000000000000000000, 0.0000000000000000000 ) ) ;
#1682 = MECHANICAL_DESIGN_GEOMETRIC_PRESENTATION_REPRESENTATION (  '', ( #598 ), #647 ) ;
#1683 = AXIS2_PLACEMENT_3D ( 'NONE', #2101, #1863, #51 ) ;
#1684 = VERTEX_POINT ( 'NONE', #3314 ) ;
#1685 = ADVANCED_FACE ( 'NONE', ( #708 ), #778, .F. ) ;
#1686 = CIRCLE ( 'NONE', #582, 0.1250000000000000000 ) ;
#1687 = FACE_OUTER_BOUND ( 'NONE', #2285, .T. ) ;
#1688 = CARTESIAN_POINT ( 'NONE',  ( 1.399999999999999700, 0.1499999999999999900, 0.1250000000000001100 ) ) ;
#1689 = CARTESIAN_POINT ( 'NONE',  ( -1.399999999999999700, 0.1499999999999999900, -0.6249999999999998900 ) ) ;
#1690 = DIRECTION ( 'NONE',  ( 1.000000000000000000, 0.0000000000000000000, -0.0000000000000000000 ) ) ;
#1691 = VERTEX_POINT ( 'NONE', #1493 ) ;
#1692 = SURFACE_STYLE_FILL_AREA ( #2743 ) ;
#1693 = LINE ( 'NONE', #2221, #2974 ) ;
#1694 = DIRECTION ( 'NONE',  ( 1.000000000000000000, 0.0000000000000000000, -1.084202172485505200E-015 ) ) ;
#1695 = ORIENTED_EDGE ( 'NONE', *, *, #2587, .F. ) ;
#1696 = VECTOR ( 'NONE', #2509, 1000.000000000000000 ) ;
#1697 = EDGE_CURVE ( 'NONE', #2071, #3313, #3150, .T. ) ;
#1698 = CARTESIAN_POINT ( 'NONE',  ( 1.175000000000000500, 0.1499999999999999900, 0.7500000000000001100 ) ) ;
#1699 = LINE ( 'NONE', #422, #342 ) ;
#1700 = DIRECTION ( 'NONE',  ( -1.000000000000000000, 0.0000000000000000000, 0.0000000000000000000 ) ) ;
#1701 = VECTOR ( 'NONE', #3271, 1000.000000000000000 ) ;
#1702 = DIRECTION ( 'NONE',  ( -0.0000000000000000000, 0.0000000000000000000, -1.000000000000000000 ) ) ;
#1703 = EDGE_CURVE ( 'NONE', #3046, #1480, #2565, .T. ) ;
#1704 = ORIENTED_EDGE ( 'NONE', *, *, #1385, .T. ) ;
#1705 = CIRCLE ( 'NONE', #1002, 0.1250000000000000000 ) ;
#1706 = CARTESIAN_POINT ( 'NONE',  ( -0.09999999999999965900, -0.0000000000000000000, -0.7249999999999995300 ) ) ;
#1707 = CARTESIAN_POINT ( 'NONE',  ( -1.175000000000000500, 0.1499999999999999900, -0.1249999999999998900 ) ) ;
#1708 = CARTESIAN_POINT ( 'NONE',  ( 1.175000000000000500, 0.1499999999999999900, 0.8750000000000001100 ) ) ;
#1709 = DIRECTION ( 'NONE',  ( -1.000000000000000000, 0.0000000000000000000, 0.0000000000000000000 ) ) ;
#1710 = AXIS2_PLACEMENT_3D ( 'NONE', #1595, #2354, #2091 ) ;
#1711 = CARTESIAN_POINT ( 'NONE',  ( -1.175000000000000500, 0.1499999999999999700, 0.2500000000000001100 ) ) ;
#1712 = ORIENTED_EDGE ( 'NONE', *, *, #2712, .F. ) ;
#1713 = DIRECTION ( 'NONE',  ( -1.000000000000000000, 0.0000000000000000000, 2.891205793294678300E-016 ) ) ;
#1714 = CARTESIAN_POINT ( 'NONE',  ( -1.175000000000000500, 0.1499999999999999900, -0.6249999999999998900 ) ) ;
#1715 = ORIENTED_EDGE ( 'NONE', *, *, #1928, .F. ) ;
#1716 = EDGE_CURVE ( 'NONE', #1559, #1349, #179, .T. ) ;
#1717 = ADVANCED_FACE ( 'NONE', ( #1486 ), #3075, .F. ) ;
#1718 = CARTESIAN_POINT ( 'NONE',  ( -0.09999999999999982500, 1.762451549659709700, 0.8000000000000006000 ) ) ;
#1719 = ORIENTED_EDGE ( 'NONE', *, *, #2660, .T. ) ;
#1720 = ORIENTED_EDGE ( 'NONE', *, *, #2854, .T. ) ;
#1721 = PLANE ( 'NONE',  #1490 ) ;
#1722 = ORIENTED_EDGE ( 'NONE', *, *, #1208, .F. ) ;
#1723 = CARTESIAN_POINT ( 'NONE',  ( 0.0000000000000000000, 0.5999999999999999800, 0.0000000000000000000 ) ) ;
#1724 = CARTESIAN_POINT ( 'NONE',  ( 0.0000000000000000000, 0.05000000000000000300, -0.1249999999999998900 ) ) ;
#1725 = EDGE_LOOP ( 'NONE', ( #2507, #822, #912, #568 ) ) ;
#1726 = EDGE_CURVE ( 'NONE', #1850, #1768, #819, .T. ) ;
#1727 = FACE_OUTER_BOUND ( 'NONE', #841, .T. ) ;
#1728 = VERTEX_POINT ( 'NONE', #269 ) ;
#1729 = VECTOR ( 'NONE', #960, 1000.000000000000000 ) ;
#1730 = SURFACE_SIDE_STYLE ('',( #1692 ) ) ;
#1731 = LINE ( 'NONE', #2182, #2286 ) ;
#1732 = EDGE_LOOP ( 'NONE', ( #2308, #2063, #1996, #2362 ) ) ;
#1733 = AXIS2_PLACEMENT_3D ( 'NONE', #439, #3262, #2210 ) ;
#1734 = AXIS2_PLACEMENT_3D ( 'NONE', #735, #214, #2499 ) ;
#1735 = ORIENTED_EDGE ( 'NONE', *, *, #2007, .T. ) ;
#1736 = DIRECTION ( 'NONE',  ( -0.0000000000000000000, -1.000000000000000000, -0.0000000000000000000 ) ) ;
#1737 = CARTESIAN_POINT ( 'NONE',  ( 1.399999999999999700, 0.5801162633521307300, 1.000000000000000000 ) ) ;
#1738 = VERTEX_POINT ( 'NONE', #2037 ) ;
#1739 = LINE ( 'NONE', #354, #504 ) ;
#1740 = CARTESIAN_POINT ( 'NONE',  ( -1.214904624038740400, 0.5999999999999999800, -0.6332658307653108400 ) ) ;
#1741 = DIRECTION ( 'NONE',  ( 0.0000000000000000000, 1.000000000000000000, 0.0000000000000000000 ) ) ;
#1742 = LINE ( 'NONE', #2287, #73 ) ;
#1743 = EDGE_CURVE ( 'NONE', #1349, #1158, #3224, .T. ) ;
#1744 = CARTESIAN_POINT ( 'NONE',  ( 1.399999999999999700, 0.5801162633521307300, -0.1249999999999998900 ) ) ;
#1745 = VECTOR ( 'NONE', #2878, 1000.000000000000000 ) ;
#1746 = CARTESIAN_POINT ( 'NONE',  ( 0.1000000000000000500, 1.762451549659709700, 0.8000000000000003800 ) ) ;
#1747 = CARTESIAN_POINT ( 'NONE',  ( -1.399999999999999700, 0.05000000000000000300, 1.500000000000000000 ) ) ;
#1748 = CARTESIAN_POINT ( 'NONE',  ( 1.399999999999999700, 0.1499999999999999700, 1.000000000000000000 ) ) ;
#1749 = ORIENTED_EDGE ( 'NONE', *, *, #2630, .F. ) ;
#1750 = EDGE_LOOP ( 'NONE', ( #152, #2637, #2580, #2024 ) ) ;
#1751 = DIRECTION ( 'NONE',  ( -0.0000000000000000000, -1.000000000000000000, -0.0000000000000000000 ) ) ;
#1752 = DIRECTION ( 'NONE',  ( 0.0000000000000000000, 0.0000000000000000000, -1.000000000000000000 ) ) ;
#1753 = ADVANCED_FACE ( 'NONE', ( #987 ), #753, .T. ) ;
#1754 = CLOSED_SHELL ( 'NONE', ( #203, #692, #1498, #2432, #2079, #503 ) ) ;
#1755 = DIRECTION ( 'NONE',  ( 0.0000000000000000000, 1.000000000000000000, 0.0000000000000000000 ) ) ;
#1756 = CARTESIAN_POINT ( 'NONE',  ( 1.175000000000000500, 0.04999999999999999600, -0.8749999999999998900 ) ) ;
#1757 = ORIENTED_EDGE ( 'NONE', *, *, #2654, .T. ) ;
#1758 = DIRECTION ( 'NONE',  ( 0.0000000000000000000, 0.0000000000000000000, -1.000000000000000000 ) ) ;
#1759 = CARTESIAN_POINT ( 'NONE',  ( -1.399999999999999700, 0.1499999999999999900, 0.1250000000000001100 ) ) ;
#1760 = EDGE_CURVE ( 'NONE', #1429, #3035, #2281, .T. ) ;
#1761 = ORIENTED_EDGE ( 'NONE', *, *, #2067, .T. ) ;
#1762 = DIRECTION ( 'NONE',  ( 0.0000000000000000000, -1.000000000000000000, 0.0000000000000000000 ) ) ;
#1763 = VERTEX_POINT ( 'NONE', #2604 ) ;
#1764 = ORIENTED_EDGE ( 'NONE', *, *, #416, .F. ) ;
#1765 = VECTOR ( 'NONE', #1709, 1000.000000000000000 ) ;
#1766 = EDGE_CURVE ( 'NONE', #742, #2074, #2600, .T. ) ;
#1767 = CARTESIAN_POINT ( 'NONE',  ( -0.09999999999999967200, 1.762451549659709700, -0.6249999999999994400 ) ) ;
#1768 = VERTEX_POINT ( 'NONE', #258 ) ;
#1769 = LINE ( 'NONE', #3171, #1322 ) ;
#1770 = VECTOR ( 'NONE', #282, 1000.000000000000000 ) ;
#1771 = DIRECTION ( 'NONE',  ( 0.0000000000000000000, 1.000000000000000000, 0.0000000000000000000 ) ) ;
#1772 = AXIS2_PLACEMENT_3D ( 'NONE', #2206, #678, #1415 ) ;
#1773 = FACE_OUTER_BOUND ( 'NONE', #1453, .T. ) ;
#1774 = FACE_OUTER_BOUND ( 'NONE', #1577, .T. ) ;
#1775 = ADVANCED_FACE ( 'NONE', ( #2524 ), #1917, .T. ) ;
#1776 = SURFACE_STYLE_FILL_AREA ( #1674 ) ;
#1777 = ORIENTED_EDGE ( 'NONE', *, *, #729, .F. ) ;
#1778 = VECTOR ( 'NONE', #154, 1000.000000000000000 ) ;
#1779 = LINE ( 'NONE', #3070, #1332 ) ;
#1780 = EDGE_CURVE ( 'NONE', #1550, #3046, #2157, .T. ) ;
#1781 = VECTOR ( 'NONE', #741, 1000.000000000000000 ) ;
#1782 = EDGE_LOOP ( 'NONE', ( #2838, #1916, #138, #1218 ) ) ;
#1783 = VECTOR ( 'NONE', #2889, 1000.000000000000000 ) ;
#1784 = EDGE_CURVE ( 'NONE', #64, #168, #333, .T. ) ;
#1785 = CARTESIAN_POINT ( 'NONE',  ( -1.399999999999999700, 0.5801162633521307300, -0.3749999999999998900 ) ) ;
#1786 = EDGE_CURVE ( 'NONE', #267, #127, #1168, .T. ) ;
#1787 = APPLICATION_CONTEXT ( 'automotive_design' ) ;
#1788 = ORIENTED_EDGE ( 'NONE', *, *, #959, .T. ) ;
#1789 = AXIS2_PLACEMENT_3D ( 'NONE', #681, #690, #2711 ) ;
#1790 = DIRECTION ( 'NONE',  ( 0.0000000000000000000, 0.0000000000000000000, -1.000000000000000000 ) ) ;
#1791 = CLOSED_SHELL ( 'NONE', ( #544, #1717, #2784, #2304, #3084, #2271 ) ) ;
#1792 = ORIENTED_EDGE ( 'NONE', *, *, #1329, .F. ) ;
#1793 = CARTESIAN_POINT ( 'NONE',  ( -1.214904624038740400, 0.4999999999999998900, -0.6332658307653108400 ) ) ;
#1794 = CARTESIAN_POINT ( 'NONE',  ( 0.0000000000000000000, 0.05000000000000000300, -0.6249999999999998900 ) ) ;
#1795 = EDGE_CURVE ( 'NONE', #1597, #1043, #1649, .T. ) ;
#1796 = LINE ( 'NONE', #922, #171 ) ;
#1797 = CLOSED_SHELL ( 'NONE', ( #762, #125, #299, #1960, #57, #2160 ) ) ;
#1798 = EDGE_LOOP ( 'NONE', ( #2969, #659, #502, #1399 ) ) ;
#1799 = LINE ( 'NONE', #2178, #615 ) ;
#1800 = ORIENTED_EDGE ( 'NONE', *, *, #3097, .T. ) ;
#1801 = EDGE_CURVE ( 'NONE', #2474, #1850, #2685, .T. ) ;
#1802 = DIRECTION ( 'NONE',  ( 0.0000000000000000000, 0.0000000000000000000, 1.000000000000000000 ) ) ;
#1803 = ORIENTED_EDGE ( 'NONE', *, *, #312, .F. ) ;
#1804 = VECTOR ( 'NONE', #2626, 1000.000000000000000 ) ;
#1805 = DIRECTION ( 'NONE',  ( 0.0000000000000000000, -0.0000000000000000000, 1.000000000000000000 ) ) ;
#1806 = DIRECTION ( 'NONE',  ( 1.000000000000000000, 0.0000000000000000000, -0.0000000000000000000 ) ) ;
#1807 =( GEOMETRIC_REPRESENTATION_CONTEXT ( 3 ) GLOBAL_UNCERTAINTY_ASSIGNED_CONTEXT ( ( #2874 ) ) GLOBAL_UNIT_ASSIGNED_CONTEXT ( ( #2437, #1384, #1659 ) ) REPRESENTATION_CONTEXT ( 'NONE', 'WORKASPACE' ) );
#1808 = ORIENTED_EDGE ( 'NONE', *, *, #747, .T. ) ;
#1809 = LINE ( 'NONE', #352, #1651 ) ;
#1810 = LINE ( 'NONE', #927, #2211 ) ;
#1811 = CARTESIAN_POINT ( 'NONE',  ( -1.399999999999999700, 0.1499999999999999900, 0.8750000000000001100 ) ) ;
#1812 = LINE ( 'NONE', #2131, #914 ) ;
#1813 = EDGE_CURVE ( 'NONE', #878, #1768, #288, .T. ) ;
#1814 = CARTESIAN_POINT ( 'NONE',  ( -1.399999999999999700, 0.0000000000000000000, -0.3749999999999998900 ) ) ;
#1815 = CARTESIAN_POINT ( 'NONE',  ( 0.0000000000000000000, 0.5801162633521307300, -0.8749999999999998900 ) ) ;
#1816 = CARTESIAN_POINT ( 'NONE',  ( 1.399999999999999700, 0.1499999999999999900, 0.6250000000000001100 ) ) ;
#1817 = DIRECTION ( 'NONE',  ( -1.000000000000000000, 0.0000000000000000000, 0.0000000000000000000 ) ) ;
#1818 = VERTEX_POINT ( 'NONE', #1070 ) ;
#1819 = DIRECTION ( 'NONE',  ( -1.000000000000000000, 0.0000000000000000000, 0.0000000000000000000 ) ) ;
#1820 = DIRECTION ( 'NONE',  ( 1.355252715606880500E-016, 0.0000000000000000000, -1.000000000000000000 ) ) ;
#1821 = ORIENTED_EDGE ( 'NONE', *, *, #915, .F. ) ;
#1822 = DIRECTION ( 'NONE',  ( 0.0000000000000000000, 0.0000000000000000000, -1.000000000000000000 ) ) ;
#1823 = ORIENTED_EDGE ( 'NONE', *, *, #1670, .F. ) ;
#1824 =( GEOMETRIC_REPRESENTATION_CONTEXT ( 3 ) GLOBAL_UNCERTAINTY_ASSIGNED_CONTEXT ( ( #351 ) ) GLOBAL_UNIT_ASSIGNED_CONTEXT ( ( #1157, #2940, #3232 ) ) REPRESENTATION_CONTEXT ( 'NONE', 'WORKASPACE' ) );
#1825 = CARTESIAN_POINT ( 'NONE',  ( 1.399999999999999700, 0.5801162633521307300, 0.5000000000000000000 ) ) ;
#1826 = DIRECTION ( 'NONE',  ( 0.0000000000000000000, 0.0000000000000000000, -1.000000000000000000 ) ) ;
#1827 = ORIENTED_EDGE ( 'NONE', *, *, #1858, .T. ) ;
#1828 = COLOUR_RGB ( '',0.7921568627450980000, 0.8196078431372548800, 0.9333333333333333500 ) ;
#1829 = EDGE_CURVE ( 'NONE', #2812, #2772, #2856, .T. ) ;
#1830 = DIRECTION ( 'NONE',  ( 0.0000000000000000000, 0.0000000000000000000, -1.000000000000000000 ) ) ;
#1831 = VECTOR ( 'NONE', #2963, 1000.000000000000000 ) ;
#1832 = CARTESIAN_POINT ( 'NONE',  ( 0.0000000000000000000, 0.1499999999999999700, 0.3750000000000001100 ) ) ;
#1833 = ORIENTED_EDGE ( 'NONE', *, *, #1801, .F. ) ;
#1834 = DIRECTION ( 'NONE',  ( 0.0000000000000000000, -0.0000000000000000000, 1.000000000000000000 ) ) ;
#1835 = EDGE_CURVE ( 'NONE', #2798, #1203, #2680, .T. ) ;
#1836 = LINE ( 'NONE', #78, #2451 ) ;
#1837 = VECTOR ( 'NONE', #2019, 1000.000000000000000 ) ;
#1838 = CARTESIAN_POINT ( 'NONE',  ( -1.214904624038740400, 0.5999999999999999800, -0.6332658307653108400 ) ) ;
#1839 = DIRECTION ( 'NONE',  ( 0.0000000000000000000, -1.000000000000000000, 0.0000000000000000000 ) ) ;
#1840 = LINE ( 'NONE', #1718, #863 ) ;
#1841 = LINE ( 'NONE', #1759, #2458 ) ;
#1842 = ORIENTED_EDGE ( 'NONE', *, *, #1786, .T. ) ;
#1843 = ORIENTED_EDGE ( 'NONE', *, *, #1347, .T. ) ;
#1844 =( GEOMETRIC_REPRESENTATION_CONTEXT ( 3 ) GLOBAL_UNCERTAINTY_ASSIGNED_CONTEXT ( ( #12 ) ) GLOBAL_UNIT_ASSIGNED_CONTEXT ( ( #3244, #2958, #1927 ) ) REPRESENTATION_CONTEXT ( 'NONE', 'WORKASPACE' ) );
#1845 = CARTESIAN_POINT ( 'NONE',  ( 1.175000000000000500, 0.5801162633521307300, -0.6249999999999998900 ) ) ;
#1846 = LINE ( 'NONE', #1413, #1099 ) ;
#1847 = DIRECTION ( 'NONE',  ( 0.0000000000000000000, 1.000000000000000000, 0.0000000000000000000 ) ) ;
#1848 = VECTOR ( 'NONE', #1023, 1000.000000000000000 ) ;
#1849 = CARTESIAN_POINT ( 'NONE',  ( -1.175000000000000500, 0.1499999999999999900, 0.3750000000000001100 ) ) ;
#1850 = VERTEX_POINT ( 'NONE', #2872 ) ;
#1851 = CARTESIAN_POINT ( 'NONE',  ( -1.399999999999999700, 0.5801162633521307300, -0.3749999999999998900 ) ) ;
#1852 = AXIS2_PLACEMENT_3D ( 'NONE', #562, #2870, #2881 ) ;
#1853 = AXIS2_PLACEMENT_3D ( 'NONE', #2771, #484, #2734 ) ;
#1854 = PLANE ( 'NONE',  #1852 ) ;
#1855 = PLANE ( 'NONE',  #1598 ) ;
#1856 = ORIENTED_EDGE ( 'NONE', *, *, #228, .T. ) ;
#1857 = PLANE ( 'NONE',  #1583 ) ;
#1858 = EDGE_CURVE ( 'NONE', #1158, #3290, #1836, .T. ) ;
#1859 = APPLICATION_PROTOCOL_DEFINITION ( 'draft international standard', 'automotive_design', 1998, #1108 ) ;
#1860 = CARTESIAN_POINT ( 'NONE',  ( -1.399999999999999700, 0.5801162633521307300, 0.1250000000000001100 ) ) ;
#1861 = ADVANCED_FACE ( 'NONE', ( #295 ), #320, .F. ) ;
#1862 = EDGE_CURVE ( 'NONE', #1502, #2687, #3144, .T. ) ;
#1863 = DIRECTION ( 'NONE',  ( 0.0000000000000000000, 1.000000000000000000, -0.0000000000000000000 ) ) ;
#1864 = EDGE_LOOP ( 'NONE', ( #1136, #1720, #1459, #814 ) ) ;
#1865 = PRESENTATION_LAYER_ASSIGNMENT (  '', '', ( #3265 ) ) ;
#1866 = ORIENTED_EDGE ( 'NONE', *, *, #2301, .F. ) ;
#1867 = DIRECTION ( 'NONE',  ( 0.0000000000000000000, 0.0000000000000000000, -1.000000000000000000 ) ) ;
#1868 = DIRECTION ( 'NONE',  ( -1.000000000000000000, 0.0000000000000000000, 0.0000000000000000000 ) ) ;
#1869 = SHAPE_DEFINITION_REPRESENTATION ( #1614, #3079 ) ;
#1870 = ORIENTED_EDGE ( 'NONE', *, *, #1835, .F. ) ;
#1871 = AXIS2_PLACEMENT_3D ( 'NONE', #251, #2030, #37 ) ;
#1872 = PLANE ( 'NONE',  #889 ) ;
#1873 = LINE ( 'NONE', #193, #2143 ) ;
#1874 = DIRECTION ( 'NONE',  ( 1.000000000000000000, 0.0000000000000000000, 0.0000000000000000000 ) ) ;
#1875 = EDGE_CURVE ( 'NONE', #1118, #1434, #143, .T. ) ;
#1876 = FACE_OUTER_BOUND ( 'NONE', #55, .T. ) ;
#1877 = CARTESIAN_POINT ( 'NONE',  ( 1.399999999999999700, 0.1499999999999999900, -0.3749999999999998900 ) ) ;
#1878 = ORIENTED_EDGE ( 'NONE', *, *, #2660, .F. ) ;
#1879 = LINE ( 'NONE', #2416, #370 ) ;
#1880 = VECTOR ( 'NONE', #3204, 1000.000000000000000 ) ;
#1881 = DIRECTION ( 'NONE',  ( -0.0000000000000000000, 0.0000000000000000000, 1.000000000000000000 ) ) ;
#1882 = VERTEX_POINT ( 'NONE', #3107 ) ;
#1883 = CIRCLE ( 'NONE', #451, 0.1416588759627156700 ) ;
#1884 = CARTESIAN_POINT ( 'NONE',  ( 1.399999999999999700, 0.1499999999999999700, -0.6249999999999998900 ) ) ;
#1885 = ORIENTED_EDGE ( 'NONE', *, *, #2092, .F. ) ;
#1886 = VECTOR ( 'NONE', #2905, 1000.000000000000000 ) ;
#1887 = AXIS2_PLACEMENT_3D ( 'NONE', #1737, #2709, #2475 ) ;
#1888 = DIRECTION ( 'NONE',  ( -0.0000000000000000000, -1.000000000000000000, -0.0000000000000000000 ) ) ;
#1889 = PRESENTATION_STYLE_ASSIGNMENT (( #3202 ) ) ;
#1890 = DIRECTION ( 'NONE',  ( 2.891205793294678300E-016, -0.0000000000000000000, 1.000000000000000000 ) ) ;
#1891 = DIRECTION ( 'NONE',  ( 0.0000000000000000000, 0.0000000000000000000, -1.000000000000000000 ) ) ;
#1892 = LINE ( 'NONE', #2663, #1186 ) ;
#1893 = AXIS2_PLACEMENT_3D ( 'NONE', #1825, #1069, #41 ) ;
#1894 = AXIS2_PLACEMENT_3D ( 'NONE', #945, #2434, #1407 ) ;
#1895 = DIRECTION ( 'NONE',  ( -1.000000000000000000, 0.0000000000000000000, -0.0000000000000000000 ) ) ;
#1896 = DIRECTION ( 'NONE',  ( -1.000000000000000000, 0.0000000000000000000, 0.0000000000000000000 ) ) ;
#1897 = DIRECTION ( 'NONE',  ( 0.0000000000000000000, 0.0000000000000000000, -1.000000000000000000 ) ) ;
#1898 = CARTESIAN_POINT ( 'NONE',  ( -1.175000000000000500, 0.1499999999999999700, 0.6250000000000001100 ) ) ;
#1899 = DIRECTION ( 'NONE',  ( 0.0000000000000000000, -1.000000000000000000, 0.0000000000000000000 ) ) ;
#1900 = EDGE_CURVE ( 'NONE', #2041, #1489, #3053, .T. ) ;
#1901 = DIRECTION ( 'NONE',  ( -0.0000000000000000000, -1.000000000000000000, 0.0000000000000000000 ) ) ;
#1902 =( LENGTH_UNIT ( ) NAMED_UNIT ( * ) SI_UNIT ( .MILLI., .METRE. ) );
#1903 = ORIENTED_EDGE ( 'NONE', *, *, #1123, .T. ) ;
#1904 = AXIS2_PLACEMENT_3D ( 'NONE', #3102, #2045, #1822 ) ;
#1905 = DIRECTION ( 'NONE',  ( 1.000000000000000000, -0.0000000000000000000, 1.355252715606880500E-016 ) ) ;
#1906 = ORIENTED_EDGE ( 'NONE', *, *, #2365, .F. ) ;
#1907 = CARTESIAN_POINT ( 'NONE',  ( -0.09999999999999961700, 0.1499999999999999700, -0.7999999999999994900 ) ) ;
#1908 = ORIENTED_EDGE ( 'NONE', *, *, #1858, .F. ) ;
#1909 = AXIS2_PLACEMENT_3D ( 'NONE', #185, #935, #709 ) ;
#1910 = CYLINDRICAL_SURFACE ( 'NONE', #2420, 0.1416588759627156700 ) ;
#1911 = DIRECTION ( 'NONE',  ( 0.0000000000000000000, -0.0000000000000000000, 1.000000000000000000 ) ) ;
#1912 = ORIENTED_EDGE ( 'NONE', *, *, #766, .F. ) ;
#1913 = VERTEX_POINT ( 'NONE', #2336 ) ;
#1914 = VECTOR ( 'NONE', #2357, 1000.000000000000000 ) ;
#1915 = ORIENTED_EDGE ( 'NONE', *, *, #1432, .T. ) ;
#1916 = ORIENTED_EDGE ( 'NONE', *, *, #264, .T. ) ;
#1917 = CYLINDRICAL_SURFACE ( 'NONE', #2284, 0.1250000000000000000 ) ;
#1918 = LINE ( 'NONE', #1849, #2452 ) ;
#1919 = ORIENTED_EDGE ( 'NONE', *, *, #1169, .F. ) ;
#1920 = EDGE_CURVE ( 'NONE', #8, #322, #1686, .T. ) ;
#1921 = FACE_OUTER_BOUND ( 'NONE', #1285, .T. ) ;
#1922 = CYLINDRICAL_SURFACE ( 'NONE', #1894, 0.1250000000000000000 ) ;
#1923 = ORIENTED_EDGE ( 'NONE', *, *, #1784, .F. ) ;
#1924 = ORIENTED_EDGE ( 'NONE', *, *, #355, .T. ) ;
#1925 = LINE ( 'NONE', #1708, #2610 ) ;
#1926 = CARTESIAN_POINT ( 'NONE',  ( -0.09999999999999965900, 1.762451549659709700, -0.5249999999999994700 ) ) ;
#1927 =( NAMED_UNIT ( * ) SI_UNIT ( $, .STERADIAN. ) SOLID_ANGLE_UNIT ( ) );
#1928 = EDGE_CURVE ( 'NONE', #127, #2608, #744, .T. ) ;
#1929 = LINE ( 'NONE', #761, #2255 ) ;
#1930 = CARTESIAN_POINT ( 'NONE',  ( -1.175000000000000500, 0.1499999999999999900, 0.7500000000000001100 ) ) ;
#1931 = CARTESIAN_POINT ( 'NONE',  ( -1.175000000000000500, 0.04999999999999999600, -0.1249999999999998900 ) ) ;
#1932 = CARTESIAN_POINT ( 'NONE',  ( 1.175000000000000500, 0.0000000000000000000, -0.1249999999999998900 ) ) ;
#1933 = EDGE_CURVE ( 'NONE', #704, #650, #2247, .T. ) ;
#1934 = ORIENTED_EDGE ( 'NONE', *, *, #2092, .T. ) ;
#1935 = DIRECTION ( 'NONE',  ( 0.0000000000000000000, 1.000000000000000000, 0.0000000000000000000 ) ) ;
#1936 = DIRECTION ( 'NONE',  ( 1.000000000000000000, -0.0000000000000000000, 0.0000000000000000000 ) ) ;
#1937 = EDGE_CURVE ( 'NONE', #1944, #1008, #1013, .T. ) ;
#1938 = VERTEX_POINT ( 'NONE', #1292 ) ;
#1939 = PLANE ( 'NONE',  #1772 ) ;
#1940 = VERTEX_POINT ( 'NONE', #1120 ) ;
#1941 = DIRECTION ( 'NONE',  ( -0.0000000000000000000, -1.000000000000000000, -0.0000000000000000000 ) ) ;
#1942 = EDGE_CURVE ( 'NONE', #170, #2330, #2939, .T. ) ;
#1943 = ORIENTED_EDGE ( 'NONE', *, *, #270, .T. ) ;
#1944 = VERTEX_POINT ( 'NONE', #1884 ) ;
#1945 = COLOUR_RGB ( '',0.7921568627450980000, 0.8196078431372548800, 0.9333333333333333500 ) ;
#1946 = DIRECTION ( 'NONE',  ( -1.000000000000000000, 0.0000000000000000000, 0.0000000000000000000 ) ) ;
#1947 = CARTESIAN_POINT ( 'NONE',  ( 1.399999999999999700, 0.1499999999999999900, -0.1249999999999998900 ) ) ;
#1948 = VERTEX_POINT ( 'NONE', #2624 ) ;
#1949 = PRESENTATION_LAYER_ASSIGNMENT (  '', '', ( #2167 ) ) ;
#1950 = ORIENTED_EDGE ( 'NONE', *, *, #3190, .T. ) ;
#1951 = FACE_OUTER_BOUND ( 'NONE', #158, .T. ) ;
#1952 = DIRECTION ( 'NONE',  ( 0.0000000000000000000, 0.0000000000000000000, -1.000000000000000000 ) ) ;
#1953 = DIRECTION ( 'NONE',  ( 0.0000000000000000000, 0.0000000000000000000, -1.000000000000000000 ) ) ;
#1954 = ORIENTED_EDGE ( 'NONE', *, *, #1900, .F. ) ;
#1955 = ADVANCED_FACE ( 'NONE', ( #2774 ), #1872, .F. ) ;
#1956 = VECTOR ( 'NONE', #1972, 1000.000000000000000 ) ;
#1957 = CARTESIAN_POINT ( 'NONE',  ( 0.0000000000000000000, 0.5801162633521307300, 0.6250000000000001100 ) ) ;
#1958 = CARTESIAN_POINT ( 'NONE',  ( -1.175000000000000500, 0.1499999999999999900, 0.7500000000000001100 ) ) ;
#1959 = ORIENTED_EDGE ( 'NONE', *, *, #3051, .F. ) ;
#1960 = ADVANCED_FACE ( 'NONE', ( #2081 ), #1576, .T. ) ;
#1961 = CARTESIAN_POINT ( 'NONE',  ( 1.175000000000000500, 0.5801162633521307300, -0.8749999999999998900 ) ) ;
#1962 = VERTEX_POINT ( 'NONE', #2651 ) ;
#1963 = EDGE_CURVE ( 'NONE', #168, #3062, #1769, .T. ) ;
#1964 = DIRECTION ( 'NONE',  ( -1.227398685832646800E-016, 0.0000000000000000000, 1.000000000000000000 ) ) ;
#1965 = CIRCLE ( 'NONE', #3067, 0.1250000000000000000 ) ;
#1966 = ADVANCED_FACE ( 'NONE', ( #2768 ), #632, .T. ) ;
#1967 = PLANE ( 'NONE',  #1110 ) ;
#1968 = DIRECTION ( 'NONE',  ( 1.000000000000000000, -0.0000000000000000000, -0.0000000000000000000 ) ) ;
#1969 = DIRECTION ( 'NONE',  ( 0.0000000000000000000, 0.0000000000000000000, 1.000000000000000000 ) ) ;
#1970 = EDGE_CURVE ( 'NONE', #1145, #1352, #415, .T. ) ;
#1971 = CYLINDRICAL_SURFACE ( 'NONE', #150, 0.1250000000000000000 ) ;
#1972 = DIRECTION ( 'NONE',  ( 0.0000000000000000000, 0.0000000000000000000, 1.000000000000000000 ) ) ;
#1973 = ORIENTED_EDGE ( 'NONE', *, *, #558, .F. ) ;
#1974 = CARTESIAN_POINT ( 'NONE',  ( -1.399999999999999700, 0.0000000000000000000, -0.6249999999999998900 ) ) ;
#1975 = DIRECTION ( 'NONE',  ( 0.0000000000000000000, 0.0000000000000000000, 1.000000000000000000 ) ) ;
#1976 = CARTESIAN_POINT ( 'NONE',  ( 1.399999999999999700, 0.5801162633521307300, -0.6249999999999998900 ) ) ;
#1977 = VERTEX_POINT ( 'NONE', #2882 ) ;
#1978 = EDGE_CURVE ( 'NONE', #1083, #980, #749, .T. ) ;
#1979 = FACE_OUTER_BOUND ( 'NONE', #272, .T. ) ;
#1980 = PLANE ( 'NONE',  #1909 ) ;
#1981 = EDGE_LOOP ( 'NONE', ( #1073, #1162, #828, #1440 ) ) ;
#1982 = CARTESIAN_POINT ( 'NONE',  ( 0.1000000000000002600, 0.0000000000000000000, -0.7999999999999994900 ) ) ;
#1983 = DIRECTION ( 'NONE',  ( 0.0000000000000000000, -0.0000000000000000000, 1.000000000000000000 ) ) ;
#1984 = EDGE_LOOP ( 'NONE', ( #2698, #1511, #2717, #516 ) ) ;
#1985 = FACE_OUTER_BOUND ( 'NONE', #84, .T. ) ;
#1986 = ADVANCED_FACE ( 'NONE', ( #1091 ), #3166, .T. ) ;
#1987 = VERTEX_POINT ( 'NONE', #2634 ) ;
#1988 = DIRECTION ( 'NONE',  ( 0.0000000000000000000, -1.000000000000000000, 0.0000000000000000000 ) ) ;
#1989 = VERTEX_POINT ( 'NONE', #2367 ) ;
#1990 = ORIENTED_EDGE ( 'NONE', *, *, #2222, .T. ) ;
#1991 = LINE ( 'NONE', #302, #366 ) ;
#1992 = ORIENTED_EDGE ( 'NONE', *, *, #2577, .T. ) ;
#1993 = LINE ( 'NONE', #1427, #660 ) ;
#1994 = CARTESIAN_POINT ( 'NONE',  ( -1.214904624038740400, 0.5999999999999999800, -0.6332658307653108400 ) ) ;
#1995 = CYLINDRICAL_SURFACE ( 'NONE', #775, 0.1000000000000000500 ) ;
#1996 = ORIENTED_EDGE ( 'NONE', *, *, #1074, .F. ) ;
#1997 = VECTOR ( 'NONE', #2448, 1000.000000000000000 ) ;
#1998 = VECTOR ( 'NONE', #3003, 1000.000000000000000 ) ;
#1999 = DIRECTION ( 'NONE',  ( 0.0000000000000000000, 1.000000000000000000, 0.0000000000000000000 ) ) ;
#2000 = EDGE_LOOP ( 'NONE', ( #2708, #45, #2460, #1261 ) ) ;
#2001 = EDGE_CURVE ( 'NONE', #1029, #322, #1405, .T. ) ;
#2002 = CIRCLE ( 'NONE', #1683, 0.1250000000000000000 ) ;
#2003 = CARTESIAN_POINT ( 'NONE',  ( 1.175000000000000500, 0.04999999999999999600, -0.2499999999999998900 ) ) ;
#2004 = CARTESIAN_POINT ( 'NONE',  ( -0.09999999999999961700, 1.762451549659709700, -0.7999999999999994900 ) ) ;
#2005 = CARTESIAN_POINT ( 'NONE',  ( -1.175000000000000500, 0.0000000000000000000, 0.3750000000000001100 ) ) ;
#2006 = LINE ( 'NONE', #2027, #225 ) ;
#2007 = EDGE_CURVE ( 'NONE', #588, #2330, #1645, .T. ) ;
#2008 = ORIENTED_EDGE ( 'NONE', *, *, #2129, .F. ) ;
#2009 = DIRECTION ( 'NONE',  ( 0.0000000000000000000, 1.000000000000000000, -0.0000000000000000000 ) ) ;
#2010 = VERTEX_POINT ( 'NONE', #592 ) ;
#2011 = AXIS2_PLACEMENT_3D ( 'NONE', #920, #1417, #3228 ) ;
#2012 = CARTESIAN_POINT ( 'NONE',  ( -1.399999999999999700, 0.1499999999999999700, -0.1249999999999998900 ) ) ;
#2013 = CARTESIAN_POINT ( 'NONE',  ( 0.1000000000000000500, 1.762451549659709700, 0.8000000000000003800 ) ) ;
#2014 = AXIS2_PLACEMENT_3D ( 'NONE', #882, #2127, #1646 ) ;
#2015 = DIRECTION ( 'NONE',  ( -0.0000000000000000000, -0.0000000000000000000, 1.000000000000000000 ) ) ;
#2016 = ORIENTED_EDGE ( 'NONE', *, *, #2043, .F. ) ;
#2017 = CARTESIAN_POINT ( 'NONE',  ( -1.399999999999999700, 0.0000000000000000000, 0.8750000000000001100 ) ) ;
#2018 = ORIENTED_EDGE ( 'NONE', *, *, #930, .F. ) ;
#2019 = DIRECTION ( 'NONE',  ( -0.0000000000000000000, -1.000000000000000000, -0.0000000000000000000 ) ) ;
#2020 = ADVANCED_FACE ( 'NONE', ( #910 ), #1855, .T. ) ;
#2021 = EDGE_CURVE ( 'NONE', #2751, #985, #2850, .T. ) ;
#2022 = DIRECTION ( 'NONE',  ( 1.000000000000000000, 0.0000000000000000000, -0.0000000000000000000 ) ) ;
#2023 = FACE_OUTER_BOUND ( 'NONE', #2632, .T. ) ;
#2024 = ORIENTED_EDGE ( 'NONE', *, *, #883, .T. ) ;
#2025 = VECTOR ( 'NONE', #2181, 1000.000000000000000 ) ;
#2026 = EDGE_CURVE ( 'NONE', #2069, #29, #1993, .T. ) ;
#2027 = CARTESIAN_POINT ( 'NONE',  ( 0.0000000000000000000, 0.05000000000000000300, 0.3750000000000001100 ) ) ;
#2028 = ORIENTED_EDGE ( 'NONE', *, *, #2090, .T. ) ;
#2029 = FACE_OUTER_BOUND ( 'NONE', #2731, .T. ) ;
#2030 = DIRECTION ( 'NONE',  ( 0.0000000000000000000, 1.000000000000000000, 0.0000000000000000000 ) ) ;
#2031 = ORIENTED_EDGE ( 'NONE', *, *, #3208, .T. ) ;
#2032 = AXIS2_PLACEMENT_3D ( 'NONE', #1495, #2735, #1953 ) ;
#2033 = ORIENTED_EDGE ( 'NONE', *, *, #1226, .F. ) ;
#2034 = COLOUR_RGB ( '',0.7921568627450980000, 0.8196078431372548800, 0.9333333333333333500 ) ;
#2035 = ORIENTED_EDGE ( 'NONE', *, *, #2208, .T. ) ;
#2036 = EDGE_LOOP ( 'NONE', ( #1866, #991, #265, #1764 ) ) ;
#2037 = CARTESIAN_POINT ( 'NONE',  ( 1.175000000000000500, 0.1499999999999999700, 0.3750000000000001100 ) ) ;
#2038 = AXIS2_PLACEMENT_3D ( 'NONE', #2082, #1304, #2579 ) ;
#2039 = ADVANCED_FACE ( 'NONE', ( #2725 ), #2959, .F. ) ;
#2040 = VERTEX_POINT ( 'NONE', #2195 ) ;
#2041 = VERTEX_POINT ( 'NONE', #1665 ) ;
#2042 = LINE ( 'NONE', #2681, #537 ) ;
#2043 = EDGE_CURVE ( 'NONE', #650, #731, #1289, .T. ) ;
#2044 = VECTOR ( 'NONE', #201, 1000.000000000000000 ) ;
#2045 = DIRECTION ( 'NONE',  ( -0.0000000000000000000, 1.000000000000000000, -0.0000000000000000000 ) ) ;
#2046 = VECTOR ( 'NONE', #3118, 1000.000000000000000 ) ;
#2047 = DIRECTION ( 'NONE',  ( 0.0000000000000000000, -1.000000000000000000, 0.0000000000000000000 ) ) ;
#2048 = CARTESIAN_POINT ( 'NONE',  ( -1.214904624038740400, 0.5999999999999999800, -0.7749247067280264900 ) ) ;
#2049 = LINE ( 'NONE', #2422, #3081 ) ;
#2050 = CARTESIAN_POINT ( 'NONE',  ( 1.175000000000000500, 0.1499999999999999900, -0.2499999999999998900 ) ) ;
#2051 = AXIS2_PLACEMENT_3D ( 'NONE', #1815, #1834, #1806 ) ;
#2052 =( NAMED_UNIT ( * ) PLANE_ANGLE_UNIT ( ) SI_UNIT ( $, .RADIAN. ) );
#2053 = CARTESIAN_POINT ( 'NONE',  ( 1.175000000000000500, 0.04999999999999999600, 0.2500000000000001100 ) ) ;
#2054 = ADVANCED_FACE ( 'NONE', ( #2566 ), #1051, .T. ) ;
#2055 = DIRECTION ( 'NONE',  ( 0.0000000000000000000, 0.0000000000000000000, -1.000000000000000000 ) ) ;
#2056 = AXIS2_PLACEMENT_3D ( 'NONE', #2618, #3156, #2389 ) ;
#2057 = AXIS2_PLACEMENT_3D ( 'NONE', #1477, #2740, #478 ) ;
#2058 = CARTESIAN_POINT ( 'NONE',  ( -0.09999999999999967200, 0.1499999999999999700, -0.6249999999999994400 ) ) ;
#2059 = VERTEX_POINT ( 'NONE', #2678 ) ;
#2060 = ORIENTED_EDGE ( 'NONE', *, *, #1117, .F. ) ;
#2061 = CARTESIAN_POINT ( 'NONE',  ( 1.175000000000000500, 0.1499999999999999900, -0.1249999999999998900 ) ) ;
#2062 = EDGE_LOOP ( 'NONE', ( #1777, #1915, #2016, #2836 ) ) ;
#2063 = ORIENTED_EDGE ( 'NONE', *, *, #585, .F. ) ;
#2064 = CARTESIAN_POINT ( 'NONE',  ( 1.175000000000000500, 0.1499999999999999900, -0.7499999999999998900 ) ) ;
#2065 = DIRECTION ( 'NONE',  ( -0.0000000000000000000, -1.000000000000000000, 0.0000000000000000000 ) ) ;
#2066 = CARTESIAN_POINT ( 'NONE',  ( 1.399999999999999700, 0.1499999999999999900, -0.8749999999999998900 ) ) ;
#2067 = EDGE_CURVE ( 'NONE', #27, #3295, #3186, .T. ) ;
#2068 = LINE ( 'NONE', #727, #244 ) ;
#2069 = VERTEX_POINT ( 'NONE', #2459 ) ;
#2070 = DIRECTION ( 'NONE',  ( -0.0000000000000000000, 1.000000000000000000, -0.0000000000000000000 ) ) ;
#2071 = VERTEX_POINT ( 'NONE', #3246 ) ;
#2072 = LINE ( 'NONE', #1816, #59 ) ;
#2073 = ORIENTED_EDGE ( 'NONE', *, *, #1097, .T. ) ;
#2074 = VERTEX_POINT ( 'NONE', #1932 ) ;
#2075 = VECTOR ( 'NONE', #2702, 1000.000000000000000 ) ;
#2076 = EDGE_CURVE ( 'NONE', #1507, #862, #3105, .T. ) ;
#2077 = LINE ( 'NONE', #2151, #779 ) ;
#2078 = PLANE ( 'NONE',  #1150 ) ;
#2079 = ADVANCED_FACE ( 'NONE', ( #421 ), #137, .T. ) ;
#2080 = FACE_OUTER_BOUND ( 'NONE', #2387, .T. ) ;
#2081 = FACE_OUTER_BOUND ( 'NONE', #781, .T. ) ;
#2082 = CARTESIAN_POINT ( 'NONE',  ( -1.175000000000000500, 0.5801162633521307300, -0.2499999999999998900 ) ) ;
#2083 = CLOSED_SHELL ( 'NONE', ( #187, #1587, #1265, #3002, #2125, #119, #840, #1025, #56, #2843, #1504, #266, #1571, #2525, #3069, #1232, #2498, #548, #4, #1536, #390, #533, #1116, #1685, #2539, #7, #3136, #2377, #1470, #2572, #1390, #1753, #1966, #246, #1414, #835, #3289, #2871, #1138, #2811, #1537, #2602, #2319, #1149, #1065, #773, #25, #2431, #2039, #1553, #2136, #483, #527, #1650, #3133, #3309 ) ) ;
#2084 = AXIS2_PLACEMENT_3D ( 'NONE', #572, #2361, #546 ) ;
#2085 = EDGE_LOOP ( 'NONE', ( #3039, #380, #2401, #1259 ) ) ;
#2086 = PRESENTATION_STYLE_ASSIGNMENT (( #2714 ) ) ;
#2087 = PLANE ( 'NONE',  #3120 ) ;
#2088 = VECTOR ( 'NONE', #2609, 1000.000000000000000 ) ;
#2089 = EDGE_LOOP ( 'NONE', ( #178, #3037, #17, #2239 ) ) ;
#2090 = EDGE_CURVE ( 'NONE', #1076, #2767, #3059, .T. ) ;
#2091 = DIRECTION ( 'NONE',  ( -0.0000000000000000000, 0.0000000000000000000, 1.000000000000000000 ) ) ;
#2092 = EDGE_CURVE ( 'NONE', #1882, #1913, #1731, .T. ) ;
#2093 = DIRECTION ( 'NONE',  ( 0.0000000000000000000, 0.0000000000000000000, 1.000000000000000000 ) ) ;
#2094 = ORIENTED_EDGE ( 'NONE', *, *, #43, .T. ) ;
#2095 = CARTESIAN_POINT ( 'NONE',  ( 1.399999999999999700, 0.1499999999999999900, 0.3750000000000001100 ) ) ;
#2096 = ORIENTED_EDGE ( 'NONE', *, *, #805, .T. ) ;
#2097 = AXIS2_PLACEMENT_3D ( 'NONE', #2272, #2282, #2022 ) ;
#2098 = EDGE_LOOP ( 'NONE', ( #1695, #1307, #165, #601 ) ) ;
#2099 = DIRECTION ( 'NONE',  ( -2.168404344971008100E-016, 0.0000000000000000000, -1.000000000000000000 ) ) ;
#2100 = CARTESIAN_POINT ( 'NONE',  ( -1.175000000000000500, 0.5801162633521307300, -0.1249999999999998900 ) ) ;
#2101 = CARTESIAN_POINT ( 'NONE',  ( 1.175000000000000500, 0.0000000000000000000, 0.7500000000000001100 ) ) ;
#2102 = CARTESIAN_POINT ( 'NONE',  ( -0.09999999999999965900, 1.762451549659709700, -0.7249999999999995300 ) ) ;
#2103 = EDGE_LOOP ( 'NONE', ( #169, #1382, #1361, #2961 ) ) ;
#2104 = EDGE_LOOP ( 'NONE', ( #3148, #3251, #1675, #2018 ) ) ;
#2105 = VECTOR ( 'NONE', #2540, 1000.000000000000000 ) ;
#2106 = DIRECTION ( 'NONE',  ( 0.0000000000000000000, -1.000000000000000000, 0.0000000000000000000 ) ) ;
#2107 = EDGE_CURVE ( 'NONE', #405, #1177, #1018, .T. ) ;
#2108 = EDGE_LOOP ( 'NONE', ( #207, #1255, #587, #608 ) ) ;
#2109 = ORIENTED_EDGE ( 'NONE', *, *, #3315, .T. ) ;
#2110 = LINE ( 'NONE', #1554, #289 ) ;
#2111 = VERTEX_POINT ( 'NONE', #182 ) ;
#2112 = CARTESIAN_POINT ( 'NONE',  ( -1.175000000000000500, 0.0000000000000000000, -0.2499999999999998900 ) ) ;
#2113 = ORIENTED_EDGE ( 'NONE', *, *, #1784, .T. ) ;
#2114 = LINE ( 'NONE', #737, #1244 ) ;
#2115 = FACE_OUTER_BOUND ( 'NONE', #3218, .T. ) ;
#2116 = EDGE_LOOP ( 'NONE', ( #1870, #2231, #851, #2975 ) ) ;
#2117 = MANIFOLD_SOLID_BREP ( 'Boss-Extrude4', #2568 ) ;
#2118 = MECHANICAL_DESIGN_GEOMETRIC_PRESENTATION_REPRESENTATION (  '', ( #2638 ), #1844 ) ;
#2119 = CARTESIAN_POINT ( 'NONE',  ( -1.175000000000000500, 0.1499999999999999700, -0.8749999999999998900 ) ) ;
#2120 = ORIENTED_EDGE ( 'NONE', *, *, #2612, .T. ) ;
#2121 = LINE ( 'NONE', #1947, #2163 ) ;
#2122 = CARTESIAN_POINT ( 'NONE',  ( 0.0000000000000000000, 0.05000000000000000300, 0.8750000000000001100 ) ) ;
#2123 = DIRECTION ( 'NONE',  ( -0.0000000000000000000, -1.000000000000000000, 0.0000000000000000000 ) ) ;
#2124 = AXIS2_PLACEMENT_3D ( 'NONE', #1473, #2237, #2745 ) ;
#2125 = ADVANCED_FACE ( 'NONE', ( #2332 ), #1922, .F. ) ;
#2126 = DIRECTION ( 'NONE',  ( -0.0000000000000000000, -1.000000000000000000, -0.0000000000000000000 ) ) ;
#2127 = DIRECTION ( 'NONE',  ( 0.0000000000000000000, -1.000000000000000000, 0.0000000000000000000 ) ) ;
#2128 = LINE ( 'NONE', #847, #2907 ) ;
#2129 = EDGE_CURVE ( 'NONE', #971, #985, #943, .T. ) ;
#2130 = CARTESIAN_POINT ( 'NONE',  ( 1.175000000000000500, 0.5801162633521307300, 0.3750000000000001100 ) ) ;
#2131 = CARTESIAN_POINT ( 'NONE',  ( 1.399999999999999700, 0.5801162633521307300, 0.8750000000000001100 ) ) ;
#2132 = ORIENTED_EDGE ( 'NONE', *, *, #2133, .T. ) ;
#2133 = EDGE_CURVE ( 'NONE', #318, #267, #3017, .T. ) ;
#2134 = ORIENTED_EDGE ( 'NONE', *, *, #2289, .T. ) ;
#2135 = FILL_AREA_STYLE_COLOUR ( '', #66 ) ;
#2136 = ADVANCED_FACE ( 'NONE', ( #864 ), #180, .F. ) ;
#2137 = ORIENTED_EDGE ( 'NONE', *, *, #270, .F. ) ;
#2138 = PLANE ( 'NONE',  #2755 ) ;
#2139 = DIRECTION ( 'NONE',  ( -1.000000000000000000, 0.0000000000000000000, -0.0000000000000000000 ) ) ;
#2140 = ORIENTED_EDGE ( 'NONE', *, *, #2695, .T. ) ;
#2141 = CARTESIAN_POINT ( 'NONE',  ( -1.399999999999999700, 0.0000000000000000000, 0.1250000000000001100 ) ) ;
#2142 = ORIENTED_EDGE ( 'NONE', *, *, #2966, .F. ) ;
#2143 = VECTOR ( 'NONE', #1694, 1000.000000000000000 ) ;
#2144 = ORIENTED_EDGE ( 'NONE', *, *, #2222, .F. ) ;
#2145 = EDGE_CURVE ( 'NONE', #2204, #396, #3268, .T. ) ;
#2146 = VECTOR ( 'NONE', #3121, 1000.000000000000000 ) ;
#2147 = PLANE ( 'NONE',  #2844 ) ;
#2148 = ORIENTED_EDGE ( 'NONE', *, *, #542, .T. ) ;
#2149 = VECTOR ( 'NONE', #1113, 1000.000000000000000 ) ;
#2150 = LINE ( 'NONE', #2276, #63 ) ;
#2151 = CARTESIAN_POINT ( 'NONE',  ( 8.673617379884047300E-016, 0.05000000000000000300, 0.8000000000000004900 ) ) ;
#2152 = CARTESIAN_POINT ( 'NONE',  ( 0.0000000000000000000, 0.05000000000000000300, -0.7999999999999994900 ) ) ;
#2153 = ORIENTED_EDGE ( 'NONE', *, *, #2365, .T. ) ;
#2154 = CARTESIAN_POINT ( 'NONE',  ( -1.399999999999999700, 0.1499999999999999900, -0.8749999999999998900 ) ) ;
#2155 = ORIENTED_EDGE ( 'NONE', *, *, #2879, .T. ) ;
#2156 = LINE ( 'NONE', #2061, #464 ) ;
#2157 = LINE ( 'NONE', #2358, #3296 ) ;
#2158 = UNCERTAINTY_MEASURE_WITH_UNIT (LENGTH_MEASURE( 1.000000000000000100E-005 ), #2986, 'distance_accuracy_value', 'NONE');
#2159 = ORIENTED_EDGE ( 'NONE', *, *, #348, .T. ) ;
#2160 = ADVANCED_FACE ( 'NONE', ( #2810 ), #967, .F. ) ;
#2161 = FACE_OUTER_BOUND ( 'NONE', #1012, .T. ) ;
#2162 = CARTESIAN_POINT ( 'NONE',  ( 1.399999999999999700, 0.0000000000000000000, -0.8749999999999998900 ) ) ;
#2163 = VECTOR ( 'NONE', #2946, 1000.000000000000000 ) ;
#2164 = CARTESIAN_POINT ( 'NONE',  ( -1.399999999999999700, 0.1499999999999999900, 0.8750000000000001100 ) ) ;
#2165 = CARTESIAN_POINT ( 'NONE',  ( 1.399999999999999700, 0.1499999999999999900, 0.1250000000000001100 ) ) ;
#2166 = VECTOR ( 'NONE', #3192, 1000.000000000000000 ) ;
#2167 = STYLED_ITEM ( 'NONE', ( #2895 ), #1538 ) ;
#2168 = VERTEX_POINT ( 'NONE', #2781 ) ;
#2169 = VERTEX_POINT ( 'NONE', #997 ) ;
#2170 = ORIENTED_EDGE ( 'NONE', *, *, #1294, .T. ) ;
#2171 = DIRECTION ( 'NONE',  ( -1.227398685832646800E-016, 0.0000000000000000000, 1.000000000000000000 ) ) ;
#2172 = CARTESIAN_POINT ( 'NONE',  ( 1.399999999999999700, 0.5801162633521307300, 0.6250000000000001100 ) ) ;
#2173 = EDGE_CURVE ( 'NONE', #2074, #1367, #338, .T. ) ;
#2174 = DIRECTION ( 'NONE',  ( -1.000000000000000000, 0.0000000000000000000, -0.0000000000000000000 ) ) ;
#2175 = ADVANCED_FACE ( 'NONE', ( #3151 ), #3018, .F. ) ;
#2176 = DIRECTION ( 'NONE',  ( 1.000000000000000000, 0.0000000000000000000, 0.0000000000000000000 ) ) ;
#2177 = EDGE_CURVE ( 'NONE', #2244, #2672, #1325, .T. ) ;
#2178 = CARTESIAN_POINT ( 'NONE',  ( -1.175000000000000500, 0.1499999999999999700, -0.1249999999999998900 ) ) ;
#2179 = CARTESIAN_POINT ( 'NONE',  ( -1.175000000000000500, 0.1499999999999999900, -0.2499999999999998900 ) ) ;
#2180 = ORIENTED_EDGE ( 'NONE', *, *, #510, .F. ) ;
#2181 = DIRECTION ( 'NONE',  ( 1.000000000000000000, -0.0000000000000000000, -0.0000000000000000000 ) ) ;
#2182 = CARTESIAN_POINT ( 'NONE',  ( -0.09999999999999972800, 0.05000000000000000300, -1.227398685832643600E-017 ) ) ;
#2183 = STYLED_ITEM ( 'NONE', ( #1444 ), #197 ) ;
#2184 = ORIENTED_EDGE ( 'NONE', *, *, #391, .F. ) ;
#2185 = CARTESIAN_POINT ( 'NONE',  ( -1.499999999999999800, 4.805551275463989700, 1.000000000000000400 ) ) ;
#2186 = ORIENTED_EDGE ( 'NONE', *, *, #506, .F. ) ;
#2187 = AXIS2_PLACEMENT_3D ( 'NONE', #2292, #3168, #316 ) ;
#2188 = MECHANICAL_DESIGN_GEOMETRIC_PRESENTATION_REPRESENTATION (  '', ( #3249 ), #776 ) ;
#2189 = FACE_OUTER_BOUND ( 'NONE', #2869, .T. ) ;
#2190 = DIRECTION ( 'NONE',  ( 0.0000000000000000000, -1.000000000000000000, 0.0000000000000000000 ) ) ;
#2191 = ORIENTED_EDGE ( 'NONE', *, *, #682, .F. ) ;
#2192 = DIRECTION ( 'NONE',  ( 0.0000000000000000000, 0.0000000000000000000, -1.000000000000000000 ) ) ;
#2193 = VERTEX_POINT ( 'NONE', #1195 ) ;
#2194 = VECTOR ( 'NONE', #996, 1000.000000000000000 ) ;
#2195 = CARTESIAN_POINT ( 'NONE',  ( 1.399999999999999700, 0.1499999999999999700, -0.8749999999999998900 ) ) ;
#2196 = ORIENTED_EDGE ( 'NONE', *, *, #733, .F. ) ;
#2197 = LINE ( 'NONE', #102, #939 ) ;
#2198 = ORIENTED_EDGE ( 'NONE', *, *, #545, .F. ) ;
#2199 = EDGE_CURVE ( 'NONE', #3140, #418, #666, .T. ) ;
#2200 = ORIENTED_EDGE ( 'NONE', *, *, #2814, .F. ) ;
#2201 = SURFACE_STYLE_USAGE ( .BOTH. , #1730 ) ;
#2202 = LINE ( 'NONE', #1724, #1530 ) ;
#2203 = CARTESIAN_POINT ( 'NONE',  ( -1.500000000000000000, 4.805551275463989700, -0.9999999999999995600 ) ) ;
#2204 = VERTEX_POINT ( 'NONE', #3029 ) ;
#2205 = ORIENTED_EDGE ( 'NONE', *, *, #2551, .F. ) ;
#2206 = CARTESIAN_POINT ( 'NONE',  ( -1.399999999999999700, 0.1499999999999999900, -0.1249999999999998900 ) ) ;
#2207 = CARTESIAN_POINT ( 'NONE',  ( -1.214904624038740400, 0.4999999999999998900, -0.6332658307653108400 ) ) ;
#2208 = EDGE_CURVE ( 'NONE', #2169, #588, #2606, .T. ) ;
#2209 = VECTOR ( 'NONE', #2787, 1000.000000000000000 ) ;
#2210 = DIRECTION ( 'NONE',  ( 0.0000000000000000000, 0.0000000000000000000, 1.000000000000000000 ) ) ;
#2211 = VECTOR ( 'NONE', #3242, 1000.000000000000000 ) ;
#2212 = AXIS2_PLACEMENT_3D ( 'NONE', #1278, #803, #3043 ) ;
#2213 = DIRECTION ( 'NONE',  ( 0.0000000000000000000, -0.0000000000000000000, -1.000000000000000000 ) ) ;
#2214 = CARTESIAN_POINT ( 'NONE',  ( -0.09999999999999965900, 0.04999999999999991300, -0.7249999999999995300 ) ) ;
#2215 = VERTEX_POINT ( 'NONE', #3038 ) ;
#2216 = LINE ( 'NONE', #3044, #2046 ) ;
#2217 = CARTESIAN_POINT ( 'NONE',  ( -1.499999999999999800, 0.5999999999999998700, 1.000000000000000000 ) ) ;
#2218 = DIRECTION ( 'NONE',  ( -1.000000000000000000, 0.0000000000000000000, 0.0000000000000000000 ) ) ;
#2219 = AXIS2_PLACEMENT_3D ( 'NONE', #846, #330, #296 ) ;
#2220 = DIRECTION ( 'NONE',  ( -0.0000000000000000000, -1.000000000000000000, -0.0000000000000000000 ) ) ;
#2221 = CARTESIAN_POINT ( 'NONE',  ( -1.175000000000000500, 0.1499999999999999700, -0.6249999999999998900 ) ) ;
#2222 = EDGE_CURVE ( 'NONE', #1601, #1287, #2202, .T. ) ;
#2223 = DIRECTION ( 'NONE',  ( -0.0000000000000000000, -1.000000000000000000, -0.0000000000000000000 ) ) ;
#2224 = ORIENTED_EDGE ( 'NONE', *, *, #447, .F. ) ;
#2225 = DIRECTION ( 'NONE',  ( 0.0000000000000000000, 0.0000000000000000000, 1.000000000000000000 ) ) ;
#2226 =( NAMED_UNIT ( * ) PLANE_ANGLE_UNIT ( ) SI_UNIT ( $, .RADIAN. ) );
#2227 = ORIENTED_EDGE ( 'NONE', *, *, #1726, .F. ) ;
#2228 = CARTESIAN_POINT ( 'NONE',  ( -1.214904624038740400, 0.4999999999999998900, -0.6332658307653108400 ) ) ;
#2229 = AXIS2_PLACEMENT_3D ( 'NONE', #1711, #428, #1202 ) ;
#2230 = ORIENTED_EDGE ( 'NONE', *, *, #1505, .T. ) ;
#2231 = ORIENTED_EDGE ( 'NONE', *, *, #2472, .F. ) ;
#2232 = FACE_OUTER_BOUND ( 'NONE', #298, .T. ) ;
#2233 = AXIS2_PLACEMENT_3D ( 'NONE', #430, #2476, #2726 ) ;
#2234 = AXIS2_PLACEMENT_3D ( 'NONE', #1460, #1222, #3253 ) ;
#2235 = EDGE_LOOP ( 'NONE', ( #3207, #3184, #712, #1566 ) ) ;
#2236 = FACE_OUTER_BOUND ( 'NONE', #700, .T. ) ;
#2237 = DIRECTION ( 'NONE',  ( 0.0000000000000000000, 0.0000000000000000000, -1.000000000000000000 ) ) ;
#2238 = CARTESIAN_POINT ( 'NONE',  ( 1.175000000000000500, 0.1499999999999999900, 0.2500000000000001100 ) ) ;
#2239 = ORIENTED_EDGE ( 'NONE', *, *, #1056, .F. ) ;
#2240 = ORIENTED_EDGE ( 'NONE', *, *, #906, .T. ) ;
#2241 = VECTOR ( 'NONE', #1380, 1000.000000000000000 ) ;
#2242 = LINE ( 'NONE', #1054, #2283 ) ;
#2243 = CARTESIAN_POINT ( 'NONE',  ( 1.399999999999999700, 0.5801162633521307300, -0.8749999999999998900 ) ) ;
#2244 = VERTEX_POINT ( 'NONE', #1714 ) ;
#2245 = CARTESIAN_POINT ( 'NONE',  ( 1.175000000000000500, 0.1499999999999999900, 0.7500000000000001100 ) ) ;
#2246 = LINE ( 'NONE', #71, #624 ) ;
#2247 = CIRCLE ( 'NONE', #1093, 0.1250000000000000000 ) ;
#2248 = VECTOR ( 'NONE', #2442, 1000.000000000000000 ) ;
#2249 = ORIENTED_EDGE ( 'NONE', *, *, #2495, .T. ) ;
#2250 = EDGE_CURVE ( 'NONE', #1850, #3213, #1841, .T. ) ;
#2251 = PLANE ( 'NONE',  #2234 ) ;
#2252 = VECTOR ( 'NONE', #2671, 1000.000000000000000 ) ;
#2253 = PRODUCT_DEFINITION_CONTEXT ( 'detailed design', #1108, 'design' ) ;
#2254 = DIRECTION ( 'NONE',  ( 0.0000000000000000000, -1.000000000000000000, 0.0000000000000000000 ) ) ;
#2255 = VECTOR ( 'NONE', #3316, 1000.000000000000000 ) ;
#2256 = EDGE_LOOP ( 'NONE', ( #2180, #2924, #2333, #1885 ) ) ;
#2257 = AXIS2_PLACEMENT_3D ( 'NONE', #2691, #1389, #649 ) ;
#2258 = DIRECTION ( 'NONE',  ( -0.0000000000000000000, -1.000000000000000000, 0.0000000000000000000 ) ) ;
#2259 = LINE ( 'NONE', #818, #2426 ) ;
#2260 = ORIENTED_EDGE ( 'NONE', *, *, #98, .T. ) ;
#2261 = FACE_OUTER_BOUND ( 'NONE', #3031, .T. ) ;
#2262 = AXIS2_PLACEMENT_3D ( 'NONE', #2852, #314, #1082 ) ;
#2263 = FILL_AREA_STYLE ('',( #3033 ) ) ;
#2264 = FILL_AREA_STYLE_COLOUR ( '', #3243 ) ;
#2265 = PLANE ( 'NONE',  #2414 ) ;
#2266 = ADVANCED_FACE ( 'NONE', ( #3302 ), #3231, .T. ) ;
#2267 = DIRECTION ( 'NONE',  ( 0.0000000000000000000, 0.0000000000000000000, 1.000000000000000000 ) ) ;
#2268 = VERTEX_POINT ( 'NONE', #232 ) ;
#2269 = DIRECTION ( 'NONE',  ( 1.000000000000000000, 0.0000000000000000000, -0.0000000000000000000 ) ) ;
#2270 = EDGE_CURVE ( 'NONE', #3295, #124, #1693, .T. ) ;
#2271 = ADVANCED_FACE ( 'NONE', ( #784 ), #703, .F. ) ;
#2272 = CARTESIAN_POINT ( 'NONE',  ( -1.175000000000000500, 0.5801162633521307300, -0.6249999999999998900 ) ) ;
#2273 = ORIENTED_EDGE ( 'NONE', *, *, #13, .F. ) ;
#2274 = EDGE_CURVE ( 'NONE', #2672, #2897, #710, .T. ) ;
#2275 = DIRECTION ( 'NONE',  ( 0.0000000000000000000, -0.0000000000000000000, -1.000000000000000000 ) ) ;
#2276 = CARTESIAN_POINT ( 'NONE',  ( 0.1000000000000000500, 1.762451549659709700, 0.8000000000000003800 ) ) ;
#2277 = ORIENTED_EDGE ( 'NONE', *, *, #264, .F. ) ;
#2278 = MECHANICAL_DESIGN_GEOMETRIC_PRESENTATION_REPRESENTATION (  '', ( #2750 ), #2513 ) ;
#2279 = ORIENTED_EDGE ( 'NONE', *, *, #2400, .F. ) ;
#2280 = VECTOR ( 'NONE', #77, 1000.000000000000000 ) ;
#2281 = LINE ( 'NONE', #992, #1492 ) ;
#2282 = DIRECTION ( 'NONE',  ( 0.0000000000000000000, -0.0000000000000000000, 1.000000000000000000 ) ) ;
#2283 = VECTOR ( 'NONE', #577, 1000.000000000000000 ) ;
#2284 = AXIS2_PLACEMENT_3D ( 'NONE', #1331, #564, #2589 ) ;
#2285 = EDGE_LOOP ( 'NONE', ( #1856, #1749, #2639, #768 ) ) ;
#2286 = VECTOR ( 'NONE', #2667, 1000.000000000000000 ) ;
#2287 = CARTESIAN_POINT ( 'NONE',  ( 0.0000000000000000000, 0.05000000000000000300, -0.3749999999999998900 ) ) ;
#2288 = VERTEX_POINT ( 'NONE', #2312 ) ;
#2289 = EDGE_CURVE ( 'NONE', #2555, #1691, #1363, .T. ) ;
#2290 = ADVANCED_FACE ( 'NONE', ( #2115 ), #2303, .F. ) ;
#2291 = FACE_OUTER_BOUND ( 'NONE', #785, .T. ) ;
#2292 = CARTESIAN_POINT ( 'NONE',  ( 0.0000000000000000000, 0.0000000000000000000, 0.0000000000000000000 ) ) ;
#2293 = ADVANCED_FACE ( 'NONE', ( #1774 ), #525, .T. ) ;
#2294 = EDGE_CURVE ( 'NONE', #2395, #1480, #1170, .T. ) ;
#2295 = CARTESIAN_POINT ( 'NONE',  ( 1.175000000000000500, 0.1499999999999999700, 0.1250000000000001100 ) ) ;
#2296 = LINE ( 'NONE', #2152, #3310 ) ;
#2297 = CARTESIAN_POINT ( 'NONE',  ( -1.175000000000000500, 0.0000000000000000000, -0.6249999999999998900 ) ) ;
#2298 = FILL_AREA_STYLE ('',( #10 ) ) ;
#2299 = VERTEX_POINT ( 'NONE', #1284 ) ;
#2300 = FACE_BOUND ( 'NONE', #872, .T. ) ;
#2301 = EDGE_CURVE ( 'NONE', #1428, #27, #984, .T. ) ;
#2302 = DIRECTION ( 'NONE',  ( -0.0000000000000000000, -1.000000000000000000, -0.0000000000000000000 ) ) ;
#2303 = PLANE ( 'NONE',  #1871 ) ;
#2304 = ADVANCED_FACE ( 'NONE', ( #2527 ), #2851, .T. ) ;
#2305 = ADVANCED_FACE ( 'NONE', ( #1242 ), #1518, .F. ) ;
#2306 = AXIS2_PLACEMENT_3D ( 'NONE', #319, #2335, #1077 ) ;
#2307 = AXIS2_PLACEMENT_3D ( 'NONE', #853, #345, #618 ) ;
#2308 = ORIENTED_EDGE ( 'NONE', *, *, #2960, .F. ) ;
#2309 = DIRECTION ( 'NONE',  ( 0.0000000000000000000, 1.000000000000000000, 0.0000000000000000000 ) ) ;
#2310 = ORIENTED_EDGE ( 'NONE', *, *, #241, .T. ) ;
#2311 = CARTESIAN_POINT ( 'NONE',  ( 1.175000000000000500, 0.1499999999999999900, 0.3750000000000001100 ) ) ;
#2312 = CARTESIAN_POINT ( 'NONE',  ( -1.399999999999999700, 0.0000000000000000000, -0.3749999999999998900 ) ) ;
#2313 = UNCERTAINTY_MEASURE_WITH_UNIT (LENGTH_MEASURE( 1.000000000000000100E-005 ), #2521, 'distance_accuracy_value', 'NONE');
#2314 = EDGE_CURVE ( 'NONE', #2753, #707, #745, .T. ) ;
#2315 = ORIENTED_EDGE ( 'NONE', *, *, #590, .F. ) ;
#2316 = FACE_OUTER_BOUND ( 'NONE', #2912, .T. ) ;
#2317 = CARTESIAN_POINT ( 'NONE',  ( 1.399999999999999700, 0.0000000000000000000, 0.0000000000000000000 ) ) ;
#2318 = ORIENTED_EDGE ( 'NONE', *, *, #1016, .T. ) ;
#2319 = ADVANCED_FACE ( 'NONE', ( #2804 ), #263, .F. ) ;
#2320 = VECTOR ( 'NONE', #1403, 1000.000000000000000 ) ;
#2321 = ORIENTED_EDGE ( 'NONE', *, *, #1060, .F. ) ;
#2322 = EDGE_CURVE ( 'NONE', #3213, #2359, #2110, .T. ) ;
#2323 = CARTESIAN_POINT ( 'NONE',  ( 0.0000000000000000000, 0.0000000000000000000, -0.8749999999999998900 ) ) ;
#2324 = LINE ( 'NONE', #713, #3181 ) ;
#2325 = FILL_AREA_STYLE_COLOUR ( '', #1945 ) ;
#2326 = DIRECTION ( 'NONE',  ( 0.0000000000000000000, 0.0000000000000000000, 1.000000000000000000 ) ) ;
#2327 = ORIENTED_EDGE ( 'NONE', *, *, #845, .T. ) ;
#2328 = DIRECTION ( 'NONE',  ( -1.000000000000000000, -0.0000000000000000000, -0.0000000000000000000 ) ) ;
#2329 = MECHANICAL_DESIGN_GEOMETRIC_PRESENTATION_REPRESENTATION (  '', ( #317 ), #1338 ) ;
#2330 = VERTEX_POINT ( 'NONE', #759 ) ;
#2331 = VECTOR ( 'NONE', #3195, 1000.000000000000000 ) ;
#2332 = FACE_OUTER_BOUND ( 'NONE', #1524, .T. ) ;
#2333 = ORIENTED_EDGE ( 'NONE', *, *, #1567, .T. ) ;
#2334 = ORIENTED_EDGE ( 'NONE', *, *, #1900, .T. ) ;
#2335 = DIRECTION ( 'NONE',  ( 0.0000000000000000000, -1.000000000000000000, 0.0000000000000000000 ) ) ;
#2336 = CARTESIAN_POINT ( 'NONE',  ( -0.09999999999999982500, 0.05000000000000000300, 0.8000000000000006000 ) ) ;
#2337 = VECTOR ( 'NONE', #2254, 1000.000000000000000 ) ;
#2338 = ORIENTED_EDGE ( 'NONE', *, *, #3287, .F. ) ;
#2339 = ORIENTED_EDGE ( 'NONE', *, *, #2854, .F. ) ;
#2340 = CARTESIAN_POINT ( 'NONE',  ( 1.175000000000000500, 0.1499999999999999900, 0.3750000000000001100 ) ) ;
#2341 = FACE_OUTER_BOUND ( 'NONE', #1406, .T. ) ;
#2342 = DIRECTION ( 'NONE',  ( 1.000000000000000000, 0.0000000000000000000, 0.0000000000000000000 ) ) ;
#2343 = EDGE_CURVE ( 'NONE', #1196, #1818, #3055, .T. ) ;
#2344 = DIRECTION ( 'NONE',  ( 0.0000000000000000000, -0.0000000000000000000, 1.000000000000000000 ) ) ;
#2345 = VECTOR ( 'NONE', #2351, 1000.000000000000000 ) ;
#2346 = CARTESIAN_POINT ( 'NONE',  ( -1.399999999999999700, 0.05000000000000000300, -0.0000000000000000000 ) ) ;
#2347 = LINE ( 'NONE', #1851, #2657 ) ;
#2348 = DIRECTION ( 'NONE',  ( -0.0000000000000000000, -1.000000000000000000, -0.0000000000000000000 ) ) ;
#2349 = DIRECTION ( 'NONE',  ( 0.0000000000000000000, 0.0000000000000000000, 1.000000000000000000 ) ) ;
#2350 = EDGE_LOOP ( 'NONE', ( #2945, #903, #653, #2655 ) ) ;
#2351 = DIRECTION ( 'NONE',  ( 0.0000000000000000000, -1.000000000000000000, 0.0000000000000000000 ) ) ;
#2352 = ADVANCED_FACE ( 'NONE', ( #1323 ), #2806, .T. ) ;
#2353 = AXIS2_PLACEMENT_3D ( 'NONE', #2839, #3146, #829 ) ;
#2354 = DIRECTION ( 'NONE',  ( -1.000000000000000000, 0.0000000000000000000, -0.0000000000000000000 ) ) ;
#2355 = DIRECTION ( 'NONE',  ( 0.0000000000000000000, 1.000000000000000000, -0.0000000000000000000 ) ) ;
#2356 = AXIS2_PLACEMENT_3D ( 'NONE', #1264, #520, #2769 ) ;
#2357 = DIRECTION ( 'NONE',  ( 0.0000000000000000000, -1.000000000000000000, 0.0000000000000000000 ) ) ;
#2358 = CARTESIAN_POINT ( 'NONE',  ( -1.214904624038740400, 0.5999999999999999800, -0.4916069548025952000 ) ) ;
#2359 = VERTEX_POINT ( 'NONE', #2529 ) ;
#2360 = ORIENTED_EDGE ( 'NONE', *, *, #790, .T. ) ;
#2361 = DIRECTION ( 'NONE',  ( 0.0000000000000000000, -1.000000000000000000, 0.0000000000000000000 ) ) ;
#2362 = ORIENTED_EDGE ( 'NONE', *, *, #2145, .F. ) ;
#2363 = CARTESIAN_POINT ( 'NONE',  ( 1.175000000000000500, 0.04999999999999999600, 0.8750000000000001100 ) ) ;
#2364 = ORIENTED_EDGE ( 'NONE', *, *, #658, .T. ) ;
#2365 = EDGE_CURVE ( 'NONE', #3291, #1938, #2150, .T. ) ;
#2366 = ORIENTED_EDGE ( 'NONE', *, *, #1302, .T. ) ;
#2367 = CARTESIAN_POINT ( 'NONE',  ( 0.1000000000000002600, 0.1499999999999999700, -0.7999999999999994900 ) ) ;
#2368 = ORIENTED_EDGE ( 'NONE', *, *, #2129, .T. ) ;
#2369 = LINE ( 'NONE', #810, #2280 ) ;
#2370 = VECTOR ( 'NONE', #1046, 1000.000000000000000 ) ;
#2371 = EDGE_CURVE ( 'NONE', #2168, #1043, #2930, .T. ) ;
#2372 = VECTOR ( 'NONE', #2547, 1000.000000000000000 ) ;
#2373 = CARTESIAN_POINT ( 'NONE',  ( -1.175000000000000500, 0.04999999999999999600, -0.8749999999999998900 ) ) ;
#2374 = EDGE_LOOP ( 'NONE', ( #374, #895, #2995, #145 ) ) ;
#2375 = VECTOR ( 'NONE', #2985, 1000.000000000000000 ) ;
#2376 = CARTESIAN_POINT ( 'NONE',  ( -1.175000000000000500, 0.04999999999999999600, -0.3749999999999998900 ) ) ;
#2377 = ADVANCED_FACE ( 'NONE', ( #1487 ), #2541, .T. ) ;
#2378 = CARTESIAN_POINT ( 'NONE',  ( 1.175000000000000500, 0.1499999999999999900, -0.6249999999999998900 ) ) ;
#2379 = DIRECTION ( 'NONE',  ( 0.0000000000000000000, 0.0000000000000000000, 1.000000000000000000 ) ) ;
#2380 = FACE_OUTER_BOUND ( 'NONE', #1324, .T. ) ;
#2381 = DIRECTION ( 'NONE',  ( -0.0000000000000000000, 0.0000000000000000000, 1.000000000000000000 ) ) ;
#2382 = CARTESIAN_POINT ( 'NONE',  ( 0.0000000000000000000, 0.0000000000000000000, -0.3749999999999998900 ) ) ;
#2383 = SURFACE_STYLE_FILL_AREA ( #132 ) ;
#2384 = ORIENTED_EDGE ( 'NONE', *, *, #2814, .T. ) ;
#2385 = EDGE_CURVE ( 'NONE', #170, #1738, #1014, .T. ) ;
#2386 = DIRECTION ( 'NONE',  ( -1.000000000000000000, 0.0000000000000000000, 0.0000000000000000000 ) ) ;
#2387 = EDGE_LOOP ( 'NONE', ( #315, #1134, #831, #2200 ) ) ;
#2388 = VECTOR ( 'NONE', #636, 1000.000000000000000 ) ;
#2389 = DIRECTION ( 'NONE',  ( 0.0000000000000000000, 0.0000000000000000000, 1.000000000000000000 ) ) ;
#2390 = EDGE_CURVE ( 'NONE', #2897, #2299, #661, .T. ) ;
#2391 = CARTESIAN_POINT ( 'NONE',  ( 1.175000000000000500, 0.04999999999999999600, 0.7500000000000001100 ) ) ;
#2392 = ORIENTED_EDGE ( 'NONE', *, *, #2712, .T. ) ;
#2393 = ORIENTED_EDGE ( 'NONE', *, *, #2766, .T. ) ;
#2394 = CARTESIAN_POINT ( 'NONE',  ( 1.175000000000000500, 0.0000000000000000000, -0.6249999999999998900 ) ) ;
#2395 = VERTEX_POINT ( 'NONE', #2877 ) ;
#2396 = FACE_OUTER_BOUND ( 'NONE', #2098, .T. ) ;
#2397 = DIRECTION ( 'NONE',  ( 0.0000000000000000000, 0.0000000000000000000, -1.000000000000000000 ) ) ;
#2398 = DIRECTION ( 'NONE',  ( -5.421010862427525100E-016, 0.0000000000000000000, 1.000000000000000000 ) ) ;
#2399 = ORIENTED_EDGE ( 'NONE', *, *, #930, .T. ) ;
#2400 = EDGE_CURVE ( 'NONE', #1189, #364, #1570, .T. ) ;
#2401 = ORIENTED_EDGE ( 'NONE', *, *, #1578, .T. ) ;
#2402 = ORIENTED_EDGE ( 'NONE', *, *, #2947, .T. ) ;
#2403 = LINE ( 'NONE', #3082, #1277 ) ;
#2404 = CARTESIAN_POINT ( 'NONE',  ( -1.175000000000000500, 0.1499999999999999900, -0.1249999999999998900 ) ) ;
#2405 = ORIENTED_EDGE ( 'NONE', *, *, #1187, .T. ) ;
#2406 = DIRECTION ( 'NONE',  ( 0.0000000000000000000, -0.0000000000000000000, 1.000000000000000000 ) ) ;
#2407 = CLOSED_SHELL ( 'NONE', ( #1955, #2827, #382, #894, #2727, #796 ) ) ;
#2408 = FACE_OUTER_BOUND ( 'NONE', #227, .T. ) ;
#2409 = ADVANCED_FACE ( 'NONE', ( #22 ), #3152, .T. ) ;
#2410 = ORIENTED_EDGE ( 'NONE', *, *, #2495, .F. ) ;
#2411 = ORIENTED_EDGE ( 'NONE', *, *, #3097, .F. ) ;
#2412 = VECTOR ( 'NONE', #2470, 1000.000000000000000 ) ;
#2413 = DIRECTION ( 'NONE',  ( 0.0000000000000000000, -1.000000000000000000, 0.0000000000000000000 ) ) ;
#2414 = AXIS2_PLACEMENT_3D ( 'NONE', #1785, #1248, #2554 ) ;
#2415 = SURFACE_STYLE_FILL_AREA ( #2661 ) ;
#2416 = CARTESIAN_POINT ( 'NONE',  ( -1.399999999999999700, 0.1499999999999999900, -0.3749999999999998900 ) ) ;
#2417 = CLOSED_SHELL ( 'NONE', ( #1648, #2830, #3176, #2290 ) ) ;
#2418 = FACE_OUTER_BOUND ( 'NONE', #767, .T. ) ;
#2419 = CARTESIAN_POINT ( 'NONE',  ( -1.399999999999999700, 0.0000000000000000000, -0.6249999999999998900 ) ) ;
#2420 = AXIS2_PLACEMENT_3D ( 'NONE', #2228, #1510, #1262 ) ;
#2421 = AXIS2_PLACEMENT_3D ( 'NONE', #2903, #1632, #2659 ) ;
#2422 = CARTESIAN_POINT ( 'NONE',  ( -1.399999999999999700, 0.5801162633521307300, -0.6249999999999998900 ) ) ;
#2423 = VECTOR ( 'NONE', #793, 1000.000000000000000 ) ;
#2424 = CARTESIAN_POINT ( 'NONE',  ( 1.175000000000000500, 0.1499999999999999900, 0.1250000000000001100 ) ) ;
#2425 = CARTESIAN_POINT ( 'NONE',  ( -1.175000000000000500, 0.5801162633521307300, 0.2500000000000001100 ) ) ;
#2426 = VECTOR ( 'NONE', #1868, 1000.000000000000000 ) ;
#2427 = VECTOR ( 'NONE', #3193, 1000.000000000000000 ) ;
#2428 = EDGE_CURVE ( 'NONE', #2516, #3229, #2242, .T. ) ;
#2429 =( NAMED_UNIT ( * ) SI_UNIT ( $, .STERADIAN. ) SOLID_ANGLE_UNIT ( ) );
#2430 = DIRECTION ( 'NONE',  ( 0.0000000000000000000, 0.0000000000000000000, 1.000000000000000000 ) ) ;
#2431 = ADVANCED_FACE ( 'NONE', ( #1442 ), #1565, .T. ) ;
#2432 = ADVANCED_FACE ( 'NONE', ( #417 ), #571, .T. ) ;
#2433 = PLANE ( 'NONE',  #2934 ) ;
#2434 = DIRECTION ( 'NONE',  ( 0.0000000000000000000, -1.000000000000000000, 0.0000000000000000000 ) ) ;
#2435 = AXIS2_PLACEMENT_3D ( 'NONE', #2759, #1464, #963 ) ;
#2436 = ORIENTED_EDGE ( 'NONE', *, *, #2021, .T. ) ;
#2437 =( LENGTH_UNIT ( ) NAMED_UNIT ( * ) SI_UNIT ( .MILLI., .METRE. ) );
#2438 = CARTESIAN_POINT ( 'NONE',  ( 1.399999999999999700, 0.1499999999999999900, 0.1250000000000001100 ) ) ;
#2439 = VERTEX_POINT ( 'NONE', #2363 ) ;
#2440 = DIRECTION ( 'NONE',  ( -1.000000000000000000, 0.0000000000000000000, 0.0000000000000000000 ) ) ;
#2441 = DIRECTION ( 'NONE',  ( 0.0000000000000000000, 0.0000000000000000000, 1.000000000000000000 ) ) ;
#2442 = DIRECTION ( 'NONE',  ( -1.000000000000000000, 0.0000000000000000000, 0.0000000000000000000 ) ) ;
#2443 = ORIENTED_EDGE ( 'NONE', *, *, #845, .F. ) ;
#2444 = ORIENTED_EDGE ( 'NONE', *, *, #566, .F. ) ;
#2445 = CLOSED_SHELL ( 'NONE', ( #308, #811, #2352, #2054, #721, #2175 ) ) ;
#2446 = EDGE_CURVE ( 'NONE', #2268, #854, #1092, .T. ) ;
#2447 = LINE ( 'NONE', #1215, #740 ) ;
#2448 = DIRECTION ( 'NONE',  ( -0.0000000000000000000, -1.000000000000000000, -0.0000000000000000000 ) ) ;
#2449 = PLANE ( 'NONE',  #494 ) ;
#2450 = ORIENTED_EDGE ( 'NONE', *, *, #2322, .T. ) ;
#2451 = VECTOR ( 'NONE', #1839, 1000.000000000000000 ) ;
#2452 = VECTOR ( 'NONE', #1609, 1000.000000000000000 ) ;
#2453 = CARTESIAN_POINT ( 'NONE',  ( -1.399999999999999700, 0.04999999999999999600, -0.3749999999999998900 ) ) ;
#2454 = PLANE ( 'NONE',  #1314 ) ;
#2455 = PLANE ( 'NONE',  #1509 ) ;
#2456 = VECTOR ( 'NONE', #1273, 1000.000000000000000 ) ;
#2457 = EDGE_CURVE ( 'NONE', #850, #2672, #1526, .T. ) ;
#2458 = VECTOR ( 'NONE', #1456, 1000.000000000000000 ) ;
#2459 = CARTESIAN_POINT ( 'NONE',  ( -0.09999999999999965900, 0.1499999999999999700, -0.5249999999999994700 ) ) ;
#2460 = ORIENTED_EDGE ( 'NONE', *, *, #585, .T. ) ;
#2461 = FACE_OUTER_BOUND ( 'NONE', #1068, .T. ) ;
#2462 = SURFACE_STYLE_FILL_AREA ( #3132 ) ;
#2463 = ORIENTED_EDGE ( 'NONE', *, *, #1347, .F. ) ;
#2464 = SURFACE_SIDE_STYLE ('',( #2780 ) ) ;
#2465 = CARTESIAN_POINT ( 'NONE',  ( 0.0000000000000000000, 0.5801162633521307300, -0.3749999999999998900 ) ) ;
#2466 = DIRECTION ( 'NONE',  ( 0.0000000000000000000, -1.000000000000000000, 0.0000000000000000000 ) ) ;
#2467 = LINE ( 'NONE', #1451, #3274 ) ;
#2468 = CARTESIAN_POINT ( 'NONE',  ( 1.399999999999999700, 0.04999999999999999600, 0.8750000000000001100 ) ) ;
#2469 = FACE_BOUND ( 'NONE', #3052, .T. ) ;
#2470 = DIRECTION ( 'NONE',  ( 1.000000000000000000, 0.0000000000000000000, 0.0000000000000000000 ) ) ;
#2471 = CARTESIAN_POINT ( 'NONE',  ( 1.175000000000000500, 0.1499999999999999700, -0.6249999999999998900 ) ) ;
#2472 = EDGE_CURVE ( 'NONE', #2915, #2798, #2601, .T. ) ;
#2473 = CARTESIAN_POINT ( 'NONE',  ( -1.175000000000000500, 0.1499999999999999700, 0.7500000000000001100 ) ) ;
#2474 = VERTEX_POINT ( 'NONE', #2614 ) ;
#2475 = DIRECTION ( 'NONE',  ( 0.0000000000000000000, 0.0000000000000000000, 1.000000000000000000 ) ) ;
#2476 = DIRECTION ( 'NONE',  ( 0.0000000000000000000, 0.0000000000000000000, -1.000000000000000000 ) ) ;
#2477 = ORIENTED_EDGE ( 'NONE', *, *, #3030, .F. ) ;
#2478 = CARTESIAN_POINT ( 'NONE',  ( -1.399999999999999700, 0.1499999999999999900, -0.8749999999999998900 ) ) ;
#2479 = ORIENTED_EDGE ( 'NONE', *, *, #2001, .T. ) ;
#2480 = DIRECTION ( 'NONE',  ( 0.0000000000000000000, 0.0000000000000000000, 1.000000000000000000 ) ) ;
#2481 = SURFACE_STYLE_FILL_AREA ( #1283 ) ;
#2482 = DIRECTION ( 'NONE',  ( 0.0000000000000000000, -1.000000000000000000, 0.0000000000000000000 ) ) ;
#2483 = EDGE_LOOP ( 'NONE', ( #1318, #3134, #1112, #1833 ) ) ;
#2484 = ORIENTED_EDGE ( 'NONE', *, *, #1418, .F. ) ;
#2485 = FACE_OUTER_BOUND ( 'NONE', #423, .T. ) ;
#2486 = EDGE_CURVE ( 'NONE', #2474, #183, #1918, .T. ) ;
#2487 = ORIENTED_EDGE ( 'NONE', *, *, #1703, .T. ) ;
#2488 = CYLINDRICAL_SURFACE ( 'NONE', #47, 0.1250000000000000000 ) ;
#2489 = PLANE ( 'NONE',  #235 ) ;
#2490 = ORIENTED_EDGE ( 'NONE', *, *, #792, .T. ) ;
#2491 = CIRCLE ( 'NONE', #626, 0.1250000000000000000 ) ;
#2492 = PLANE ( 'NONE',  #575 ) ;
#2493 = DIRECTION ( 'NONE',  ( -0.0000000000000000000, -1.000000000000000000, 0.0000000000000000000 ) ) ;
#2494 = ORIENTED_EDGE ( 'NONE', *, *, #378, .F. ) ;
#2495 = EDGE_CURVE ( 'NONE', #1145, #704, #140, .T. ) ;
#2496 = LINE ( 'NONE', #2297, #986 ) ;
#2497 = DIRECTION ( 'NONE',  ( 1.000000000000000000, 0.0000000000000000000, 0.0000000000000000000 ) ) ;
#2498 = ADVANCED_FACE ( 'NONE', ( #1687 ), #2866, .T. ) ;
#2499 = DIRECTION ( 'NONE',  ( 0.0000000000000000000, -0.0000000000000000000, -1.000000000000000000 ) ) ;
#2500 = AXIS2_PLACEMENT_3D ( 'NONE', #1397, #3189, #2174 ) ;
#2501 = PLANE ( 'NONE',  #133 ) ;
#2502 = LINE ( 'NONE', #3163, #1500 ) ;
#2503 = DIRECTION ( 'NONE',  ( 0.0000000000000000000, -1.000000000000000000, 0.0000000000000000000 ) ) ;
#2504 = ADVANCED_FACE ( 'NONE', ( #2971 ), #2857, .F. ) ;
#2505 = CARTESIAN_POINT ( 'NONE',  ( 0.0000000000000000000, 0.0000000000000000000, -0.1249999999999998900 ) ) ;
#2506 = EDGE_CURVE ( 'NONE', #1738, #588, #858, .T. ) ;
#2507 = ORIENTED_EDGE ( 'NONE', *, *, #3167, .T. ) ;
#2508 = VERTEX_POINT ( 'NONE', #2404 ) ;
#2509 = DIRECTION ( 'NONE',  ( 1.000000000000000000, 0.0000000000000000000, -0.0000000000000000000 ) ) ;
#2510 =( NAMED_UNIT ( * ) PLANE_ANGLE_UNIT ( ) SI_UNIT ( $, .RADIAN. ) );
#2511 = VERTEX_POINT ( 'NONE', #2419 ) ;
#2512 = CARTESIAN_POINT ( 'NONE',  ( 0.1000000000000000500, 0.0000000000000000000, 0.8000000000000003800 ) ) ;
#2513 =( GEOMETRIC_REPRESENTATION_CONTEXT ( 3 ) GLOBAL_UNCERTAINTY_ASSIGNED_CONTEXT ( ( #1128 ) ) GLOBAL_UNIT_ASSIGNED_CONTEXT ( ( #726, #2226, #732 ) ) REPRESENTATION_CONTEXT ( 'NONE', 'WORKASPACE' ) );
#2514 = ORIENTED_EDGE ( 'NONE', *, *, #424, .T. ) ;
#2515 = AXIS2_PLACEMENT_3D ( 'NONE', #1020, #496, #1539 ) ;
#2516 = VERTEX_POINT ( 'NONE', #1064 ) ;
#2517 = ORIENTED_EDGE ( 'NONE', *, *, #328, .F. ) ;
#2518 = ORIENTED_EDGE ( 'NONE', *, *, #205, .F. ) ;
#2519 = LINE ( 'NONE', #2990, #1765 ) ;
#2520 = SURFACE_STYLE_USAGE ( .BOTH. , #445 ) ;
#2521 =( LENGTH_UNIT ( ) NAMED_UNIT ( * ) SI_UNIT ( .MILLI., .METRE. ) );
#2522 = ORIENTED_EDGE ( 'NONE', *, *, #766, .T. ) ;
#2523 = ORIENTED_EDGE ( 'NONE', *, *, #2301, .T. ) ;
#2524 = FACE_OUTER_BOUND ( 'NONE', #1233, .T. ) ;
#2525 = ADVANCED_FACE ( 'NONE', ( #173 ), #121, .T. ) ;
#2526 = EDGE_CURVE ( 'NONE', #932, #2069, #2891, .T. ) ;
#2527 = FACE_OUTER_BOUND ( 'NONE', #1981, .T. ) ;
#2528 = PLANE ( 'NONE',  #435 ) ;
#2529 = CARTESIAN_POINT ( 'NONE',  ( -1.399999999999999700, 0.1499999999999999900, 0.3750000000000001100 ) ) ;
#2530 = ORIENTED_EDGE ( 'NONE', *, *, #1829, .F. ) ;
#2531 = FACE_OUTER_BOUND ( 'NONE', #1268, .T. ) ;
#2532 = VECTOR ( 'NONE', #2728, 1000.000000000000000 ) ;
#2533 = ORIENTED_EDGE ( 'NONE', *, *, #1143, .F. ) ;
#2534 = VERTEX_POINT ( 'NONE', #2628 ) ;
#2535 = EDGE_CURVE ( 'NONE', #2244, #3233, #97, .T. ) ;
#2536 = LINE ( 'NONE', #2164, #2733 ) ;
#2537 = DIRECTION ( 'NONE',  ( 0.0000000000000000000, 0.0000000000000000000, -1.000000000000000000 ) ) ;
#2538 = CIRCLE ( 'NONE', #2353, 0.1250000000000000000 ) ;
#2539 = ADVANCED_FACE ( 'NONE', ( #2770 ), #1629, .F. ) ;
#2540 = DIRECTION ( 'NONE',  ( 0.0000000000000000000, -0.0000000000000000000, -1.000000000000000000 ) ) ;
#2541 = PLANE ( 'NONE',  #631 ) ;
#2542 = ORIENTED_EDGE ( 'NONE', *, *, #1102, .F. ) ;
#2543 = ORIENTED_EDGE ( 'NONE', *, *, #328, .T. ) ;
#2544 = PRODUCT_DEFINITION_FORMATION_WITH_SPECIFIED_SOURCE ( 'ANY', '', #1371, .NOT_KNOWN. ) ;
#2545 = PRESENTATION_LAYER_ASSIGNMENT (  '', '', ( #317 ) ) ;
#2546 = CARTESIAN_POINT ( 'NONE',  ( -1.175000000000000500, 0.1499999999999999700, 0.8750000000000001100 ) ) ;
#2547 = DIRECTION ( 'NONE',  ( 1.355252715606880500E-016, 0.0000000000000000000, -1.000000000000000000 ) ) ;
#2548 = EDGE_CURVE ( 'NONE', #29, #1691, #2197, .T. ) ;
#2549 = DIRECTION ( 'NONE',  ( -0.0000000000000000000, -1.000000000000000000, -0.0000000000000000000 ) ) ;
#2550 = EDGE_LOOP ( 'NONE', ( #616, #714, #3238, #2494 ) ) ;
#2551 = EDGE_CURVE ( 'NONE', #1913, #1938, #2077, .T. ) ;
#2552 = ORIENTED_EDGE ( 'NONE', *, *, #906, .F. ) ;
#2553 = PLANE ( 'NONE',  #2212 ) ;
#2554 = DIRECTION ( 'NONE',  ( -1.000000000000000000, 0.0000000000000000000, -0.0000000000000000000 ) ) ;
#2555 = VERTEX_POINT ( 'NONE', #596 ) ;
#2556 = CARTESIAN_POINT ( 'NONE',  ( 0.0000000000000000000, 0.0000000000000000000, 0.0000000000000000000 ) ) ;
#2557 = ORIENTED_EDGE ( 'NONE', *, *, #1078, .F. ) ;
#2558 = VECTOR ( 'NONE', #1663, 1000.000000000000000 ) ;
#2559 = ORIENTED_EDGE ( 'NONE', *, *, #2526, .T. ) ;
#2560 = VECTOR ( 'NONE', #3099, 1000.000000000000000 ) ;
#2561 = CARTESIAN_POINT ( 'NONE',  ( 0.0000000000000000000, 0.05000000000000000300, 0.1250000000000001100 ) ) ;
#2562 = LINE ( 'NONE', #386, #1560 ) ;
#2563 = AXIS2_PLACEMENT_3D ( 'NONE', #3201, #887, #645 ) ;
#2564 = ORIENTED_EDGE ( 'NONE', *, *, #2289, .F. ) ;
#2565 = CIRCLE ( 'NONE', #2356, 0.1416588759627156700 ) ;
#2566 = FACE_OUTER_BOUND ( 'NONE', #1798, .T. ) ;
#2567 = PLANE ( 'NONE',  #292 ) ;
#2568 = CLOSED_SHELL ( 'NONE', ( #2293, #1280, #2409, #1313, #750, #3109, #2020, #884 ) ) ;
#2569 = EDGE_CURVE ( 'NONE', #1763, #569, #1605, .T. ) ;
#2570 =( NAMED_UNIT ( * ) PLANE_ANGLE_UNIT ( ) SI_UNIT ( $, .RADIAN. ) );
#2571 = CARTESIAN_POINT ( 'NONE',  ( -1.214904624038740400, 0.5999999999999999800, -0.7749247067280264900 ) ) ;
#2572 = ADVANCED_FACE ( 'NONE', ( #2029 ), #2138, .T. ) ;
#2573 = LINE ( 'NONE', #2172, #1886 ) ;
#2574 = LINE ( 'NONE', #221, #2044 ) ;
#2575 = CARTESIAN_POINT ( 'NONE',  ( -1.175000000000000500, 0.1499999999999999700, 0.1250000000000001100 ) ) ;
#2576 = CARTESIAN_POINT ( 'NONE',  ( -1.500000000000000000, 0.05000000000000000300, -0.9999999999999995600 ) ) ;
#2577 = EDGE_CURVE ( 'NONE', #3035, #2439, #1357, .T. ) ;
#2578 = CARTESIAN_POINT ( 'NONE',  ( -1.175000000000000500, 0.04999999999999999600, 0.7500000000000001100 ) ) ;
#2579 = DIRECTION ( 'NONE',  ( 0.0000000000000000000, 0.0000000000000000000, -1.000000000000000000 ) ) ;
#2580 = ORIENTED_EDGE ( 'NONE', *, *, #590, .T. ) ;
#2581 = AXIS2_PLACEMENT_3D ( 'NONE', #3263, #1228, #1501 ) ;
#2582 =( LENGTH_UNIT ( ) NAMED_UNIT ( * ) SI_UNIT ( .MILLI., .METRE. ) );
#2583 = ORIENTED_EDGE ( 'NONE', *, *, #2026, .F. ) ;
#2584 =( NAMED_UNIT ( * ) SI_UNIT ( $, .STERADIAN. ) SOLID_ANGLE_UNIT ( ) );
#2585 = CARTESIAN_POINT ( 'NONE',  ( 1.399999999999999700, 0.1499999999999999900, 0.6250000000000001100 ) ) ;
#2586 = PLANE ( 'NONE',  #3247 ) ;
#2587 = EDGE_CURVE ( 'NONE', #2193, #2853, #3225, .T. ) ;
#2588 = VERTEX_POINT ( 'NONE', #2394 ) ;
#2589 = DIRECTION ( 'NONE',  ( 0.0000000000000000000, 0.0000000000000000000, -1.000000000000000000 ) ) ;
#2590 = EDGE_LOOP ( 'NONE', ( #2523, #1761, #2747, #2140 ) ) ;
#2591 = FACE_OUTER_BOUND ( 'NONE', #394, .T. ) ;
#2592 = MECHANICAL_DESIGN_GEOMETRIC_PRESENTATION_REPRESENTATION (  '', ( #2183 ), #947 ) ;
#2593 =( NAMED_UNIT ( * ) SI_UNIT ( $, .STERADIAN. ) SOLID_ANGLE_UNIT ( ) );
#2594 = DIRECTION ( 'NONE',  ( 0.0000000000000000000, -1.000000000000000000, 0.0000000000000000000 ) ) ;
#2595 = ORIENTED_EDGE ( 'NONE', *, *, #1604, .F. ) ;
#2596 = ORIENTED_EDGE ( 'NONE', *, *, #2343, .T. ) ;
#2597 = VECTOR ( 'NONE', #1672, 1000.000000000000000 ) ;
#2598 = DIRECTION ( 'NONE',  ( -1.000000000000000000, 0.0000000000000000000, 0.0000000000000000000 ) ) ;
#2599 = PLANE ( 'NONE',  #2051 ) ;
#2600 = CIRCLE ( 'NONE', #1662, 0.1250000000000000000 ) ;
#2601 = CIRCLE ( 'NONE', #1540, 0.1250000000000000000 ) ;
#2602 = ADVANCED_FACE ( 'NONE', ( #2718 ), #1995, .T. ) ;
#2603 = ADVANCED_FACE ( 'NONE', ( #1951 ), #3255, .T. ) ;
#2604 = CARTESIAN_POINT ( 'NONE',  ( -1.399999999999999700, 0.1499999999999999900, -0.8749999999999998900 ) ) ;
#2605 = LINE ( 'NONE', #2790, #2723 ) ;
#2606 = CIRCLE ( 'NONE', #2581, 0.1250000000000000000 ) ;
#2607 = ORIENTED_EDGE ( 'NONE', *, *, #2612, .F. ) ;
#2608 = VERTEX_POINT ( 'NONE', #174 ) ;
#2609 = DIRECTION ( 'NONE',  ( 0.0000000000000000000, -1.000000000000000000, 0.0000000000000000000 ) ) ;
#2610 = VECTOR ( 'NONE', #3210, 1000.000000000000000 ) ;
#2611 = DIRECTION ( 'NONE',  ( -0.0000000000000000000, -1.000000000000000000, 0.0000000000000000000 ) ) ;
#2612 = EDGE_CURVE ( 'NONE', #3213, #878, #3220, .T. ) ;
#2613 = LINE ( 'NONE', #2820, #2209 ) ;
#2614 = CARTESIAN_POINT ( 'NONE',  ( -1.175000000000000500, 0.1499999999999999900, 0.3750000000000001100 ) ) ;
#2615 = ORIENTED_EDGE ( 'NONE', *, *, #1933, .F. ) ;
#2616 = DIRECTION ( 'NONE',  ( 0.0000000000000000000, 0.0000000000000000000, -1.000000000000000000 ) ) ;
#2617 = FACE_OUTER_BOUND ( 'NONE', #3303, .T. ) ;
#2618 = CARTESIAN_POINT ( 'NONE',  ( -1.214904624038740400, 0.5999999999999999800, -0.6332658307653108400 ) ) ;
#2619 = EDGE_CURVE ( 'NONE', #3140, #1029, #1799, .T. ) ;
#2620 = ORIENTED_EDGE ( 'NONE', *, *, #856, .T. ) ;
#2621 = CARTESIAN_POINT ( 'NONE',  ( -1.175000000000000500, 0.1499999999999999700, -0.2499999999999998900 ) ) ;
#2622 = DIRECTION ( 'NONE',  ( 1.000000000000000000, 0.0000000000000000000, 0.0000000000000000000 ) ) ;
#2623 = DIRECTION ( 'NONE',  ( 0.0000000000000000000, 1.000000000000000000, 0.0000000000000000000 ) ) ;
#2624 = CARTESIAN_POINT ( 'NONE',  ( -1.175000000000000500, 0.0000000000000000000, -0.6249999999999998900 ) ) ;
#2625 = ORIENTED_EDGE ( 'NONE', *, *, #432, .T. ) ;
#2626 = DIRECTION ( 'NONE',  ( -1.000000000000000000, 0.0000000000000000000, 0.0000000000000000000 ) ) ;
#2627 = VERTEX_POINT ( 'NONE', #2453 ) ;
#2628 = CARTESIAN_POINT ( 'NONE',  ( 1.399999999999999700, 0.1499999999999999700, -0.1249999999999998900 ) ) ;
#2629 = DIRECTION ( 'NONE',  ( 0.0000000000000000000, -1.000000000000000000, 0.0000000000000000000 ) ) ;
#2630 = EDGE_CURVE ( 'NONE', #1, #1130, #455, .T. ) ;
#2631 = ORIENTED_EDGE ( 'NONE', *, *, #2506, .T. ) ;
#2632 = EDGE_LOOP ( 'NONE', ( #2704, #1310, #1943, #2318 ) ) ;
#2633 = VECTOR ( 'NONE', #2430, 1000.000000000000000 ) ;
#2634 = CARTESIAN_POINT ( 'NONE',  ( -0.09999999999999965900, 0.0000000000000000000, -0.5249999999999994700 ) ) ;
#2635 = ORIENTED_EDGE ( 'NONE', *, *, #542, .F. ) ;
#2636 = CIRCLE ( 'NONE', #300, 0.1250000000000000000 ) ;
#2637 = ORIENTED_EDGE ( 'NONE', *, *, #1034, .F. ) ;
#2638 = STYLED_ITEM ( 'NONE', ( #3061 ), #52 ) ;
#2639 = ORIENTED_EDGE ( 'NONE', *, *, #2960, .T. ) ;
#2640 = VECTOR ( 'NONE', #2386, 1000.000000000000000 ) ;
#2641 = DIRECTION ( 'NONE',  ( 1.084202172485504400E-016, 0.0000000000000000000, 1.000000000000000000 ) ) ;
#2642 = ORIENTED_EDGE ( 'NONE', *, *, #19, .T. ) ;
#2643 = FACE_OUTER_BOUND ( 'NONE', #2797, .T. ) ;
#2644 = VECTOR ( 'NONE', #449, 1000.000000000000000 ) ;
#2645 = DIRECTION ( 'NONE',  ( 0.0000000000000000000, 1.000000000000000000, -0.0000000000000000000 ) ) ;
#2646 = DIRECTION ( 'NONE',  ( 0.0000000000000000000, 0.0000000000000000000, -1.000000000000000000 ) ) ;
#2647 = AXIS2_PLACEMENT_3D ( 'NONE', #223, #1227, #1235 ) ;
#2648 = AXIS2_PLACEMENT_3D ( 'NONE', #1006, #5, #760 ) ;
#2649 = ORIENTED_EDGE ( 'NONE', *, *, #2569, .F. ) ;
#2650 = DIRECTION ( 'NONE',  ( 1.000000000000000000, 0.0000000000000000000, 0.0000000000000000000 ) ) ;
#2651 = CARTESIAN_POINT ( 'NONE',  ( -0.09999999999999961700, 0.04999999999999991300, -0.7999999999999994900 ) ) ;
#2652 = VECTOR ( 'NONE', #1874, 1000.000000000000000 ) ;
#2653 = CARTESIAN_POINT ( 'NONE',  ( -1.175000000000000500, 0.1499999999999999900, 0.3750000000000001100 ) ) ;
#2654 = EDGE_CURVE ( 'NONE', #2059, #1546, #1087, .T. ) ;
#2655 = ORIENTED_EDGE ( 'NONE', *, *, #2837, .T. ) ;
#2656 = CARTESIAN_POINT ( 'NONE',  ( -1.399999999999999700, 0.5801162633521307300, -0.8749999999999998900 ) ) ;
#2657 = VECTOR ( 'NONE', #866, 1000.000000000000000 ) ;
#2658 = DIRECTION ( 'NONE',  ( -1.000000000000000000, 0.0000000000000000000, 0.0000000000000000000 ) ) ;
#2659 = DIRECTION ( 'NONE',  ( 0.0000000000000000000, 0.0000000000000000000, 1.000000000000000000 ) ) ;
#2660 = EDGE_CURVE ( 'NONE', #2853, #2169, #3141, .T. ) ;
#2661 = FILL_AREA_STYLE ('',( #2135 ) ) ;
#2662 = DIRECTION ( 'NONE',  ( 0.0000000000000000000, 0.0000000000000000000, -1.000000000000000000 ) ) ;
#2663 = CARTESIAN_POINT ( 'NONE',  ( 1.175000000000000500, 0.5801162633521307300, -0.3749999999999998900 ) ) ;
#2664 = CARTESIAN_POINT ( 'NONE',  ( -1.399999999999999700, 0.5801162633521307300, -0.6249999999999998900 ) ) ;
#2665 = ORIENTED_EDGE ( 'NONE', *, *, #1795, .F. ) ;
#2666 = CARTESIAN_POINT ( 'NONE',  ( 0.1000000000000002600, 0.1499999999999999700, -0.7999999999999994900 ) ) ;
#2667 = DIRECTION ( 'NONE',  ( -1.227398685832646800E-016, 0.0000000000000000000, 1.000000000000000000 ) ) ;
#2668 = ORIENTED_EDGE ( 'NONE', *, *, #224, .F. ) ;
#2669 = EDGE_CURVE ( 'NONE', #1818, #971, #2519, .T. ) ;
#2670 = DIRECTION ( 'NONE',  ( -0.0000000000000000000, 0.0000000000000000000, -1.000000000000000000 ) ) ;
#2671 = DIRECTION ( 'NONE',  ( -0.0000000000000000000, -1.000000000000000000, -0.0000000000000000000 ) ) ;
#2672 = VERTEX_POINT ( 'NONE', #393 ) ;
#2673 = VECTOR ( 'NONE', #639, 1000.000000000000000 ) ;
#2674 = CARTESIAN_POINT ( 'NONE',  ( -1.399999999999999700, 0.1499999999999999900, -0.6249999999999998900 ) ) ;
#2675 = ORIENTED_EDGE ( 'NONE', *, *, #2001, .F. ) ;
#2676 = PLANE ( 'NONE',  #248 ) ;
#2677 = CYLINDRICAL_SURFACE ( 'NONE', #1213, 0.1416588759627156700 ) ;
#2678 = CARTESIAN_POINT ( 'NONE',  ( 1.175000000000000500, 0.1499999999999999700, 0.6250000000000001100 ) ) ;
#2679 = VERTEX_POINT ( 'NONE', #1688 ) ;
#2680 = LINE ( 'NONE', #2561, #68 ) ;
#2681 = CARTESIAN_POINT ( 'NONE',  ( 1.500000000000000000, 0.05000000000000000300, -1.000000000000000400 ) ) ;
#2682 = VECTOR ( 'NONE', #1376, 1000.000000000000000 ) ;
#2683 = AXIS2_PLACEMENT_3D ( 'NONE', #3111, #2876, #1333 ) ;
#2684 = VECTOR ( 'NONE', #948, 1000.000000000000000 ) ;
#2685 = CIRCLE ( 'NONE', #2935, 0.1250000000000000000 ) ;
#2686 = FILL_AREA_STYLE ('',( #1185 ) ) ;
#2687 = VERTEX_POINT ( 'NONE', #696 ) ;
#2688 = DIRECTION ( 'NONE',  ( 1.000000000000000000, 0.0000000000000000000, 0.0000000000000000000 ) ) ;
#2689 = DIRECTION ( 'NONE',  ( 1.000000000000000000, 0.0000000000000000000, 0.0000000000000000000 ) ) ;
#2690 = AXIS2_PLACEMENT_3D ( 'NONE', #2058, #1301, #1557 ) ;
#2691 = CARTESIAN_POINT ( 'NONE',  ( -1.500000000000000000, 4.805551275463989700, -0.9999999999999995600 ) ) ;
#2692 = FACE_OUTER_BOUND ( 'NONE', #1532, .T. ) ;
#2693 = CARTESIAN_POINT ( 'NONE',  ( -1.175000000000000500, 0.1499999999999999900, -0.6249999999999998900 ) ) ;
#2694 = FILL_AREA_STYLE ('',( #2982 ) ) ;
#2695 = EDGE_CURVE ( 'NONE', #124, #1428, #1396, .T. ) ;
#2696 = PLANE ( 'NONE',  #384 ) ;
#2697 = DIRECTION ( 'NONE',  ( -0.0000000000000000000, -1.000000000000000000, -0.0000000000000000000 ) ) ;
#2698 = ORIENTED_EDGE ( 'NONE', *, *, #937, .F. ) ;
#2699 = EDGE_CURVE ( 'NONE', #1203, #862, #286, .T. ) ;
#2700 = DIRECTION ( 'NONE',  ( 0.0000000000000000000, -1.000000000000000000, 0.0000000000000000000 ) ) ;
#2701 = CARTESIAN_POINT ( 'NONE',  ( -1.175000000000000500, 0.0000000000000000000, -0.3749999999999998900 ) ) ;
#2702 = DIRECTION ( 'NONE',  ( 5.421010862427524100E-016, 0.0000000000000000000, -1.000000000000000000 ) ) ;
#2703 = PRESENTATION_LAYER_ASSIGNMENT (  '', '', ( #2638 ) ) ;
#2704 = ORIENTED_EDGE ( 'NONE', *, *, #2699, .T. ) ;
#2705 =( LENGTH_UNIT ( ) NAMED_UNIT ( * ) SI_UNIT ( .MILLI., .METRE. ) );
#2706 = DIRECTION ( 'NONE',  ( 0.0000000000000000000, -1.000000000000000000, 0.0000000000000000000 ) ) ;
#2707 = AXIS2_PLACEMENT_3D ( 'NONE', #2817, #23, #67 ) ;
#2708 = ORIENTED_EDGE ( 'NONE', *, *, #1522, .T. ) ;
#2709 = DIRECTION ( 'NONE',  ( -1.000000000000000000, 0.0000000000000000000, 0.0000000000000000000 ) ) ;
#2710 = ORIENTED_EDGE ( 'NONE', *, *, #83, .T. ) ;
#2711 = DIRECTION ( 'NONE',  ( 0.0000000000000000000, 0.0000000000000000000, -1.000000000000000000 ) ) ;
#2712 = EDGE_CURVE ( 'NONE', #2040, #1944, #2324, .T. ) ;
#2713 = VECTOR ( 'NONE', #166, 1000.000000000000000 ) ;
#2714 = SURFACE_STYLE_USAGE ( .BOTH. , #2464 ) ;
#2715 = ORIENTED_EDGE ( 'NONE', *, *, #1780, .T. ) ;
#2716 = UNCERTAINTY_MEASURE_WITH_UNIT (LENGTH_MEASURE( 1.000000000000000100E-005 ), #2705, 'distance_accuracy_value', 'NONE');
#2717 = ORIENTED_EDGE ( 'NONE', *, *, #58, .F. ) ;
#2718 = FACE_OUTER_BOUND ( 'NONE', #2103, .T. ) ;
#2719 = CARTESIAN_POINT ( 'NONE',  ( -1.399999999999999700, 0.0000000000000000000, 0.3750000000000001100 ) ) ;
#2720 = CARTESIAN_POINT ( 'NONE',  ( 1.399999999999999700, 0.1499999999999999700, 0.3750000000000001100 ) ) ;
#2721 = EDGE_LOOP ( 'NONE', ( #1515, #802, #1007, #734 ) ) ;
#2722 = ORIENTED_EDGE ( 'NONE', *, *, #792, .F. ) ;
#2723 = VECTOR ( 'NONE', #1752, 1000.000000000000000 ) ;
#2724 = EDGE_CURVE ( 'NONE', #1316, #1502, #2926, .T. ) ;
#2725 = FACE_OUTER_BOUND ( 'NONE', #2089, .T. ) ;
#2726 = DIRECTION ( 'NONE',  ( -1.000000000000000000, 0.0000000000000000000, -0.0000000000000000000 ) ) ;
#2727 = ADVANCED_FACE ( 'NONE', ( #2485 ), #426, .F. ) ;
#2728 = DIRECTION ( 'NONE',  ( 0.0000000000000000000, -1.000000000000000000, 0.0000000000000000000 ) ) ;
#2729 = ORIENTED_EDGE ( 'NONE', *, *, #3016, .F. ) ;
#2730 = VECTOR ( 'NONE', #2594, 1000.000000000000000 ) ;
#2731 = EDGE_LOOP ( 'NONE', ( #3259, #243, #3128, #3256 ) ) ;
#2732 = FILL_AREA_STYLE_COLOUR ( '', #1131 ) ;
#2733 = VECTOR ( 'NONE', #656, 1000.000000000000000 ) ;
#2734 = DIRECTION ( 'NONE',  ( 0.0000000000000000000, -0.0000000000000000000, -1.000000000000000000 ) ) ;
#2735 = DIRECTION ( 'NONE',  ( -0.0000000000000000000, -1.000000000000000000, 0.0000000000000000000 ) ) ;
#2736 = AXIS2_PLACEMENT_3D ( 'NONE', #2556, #1035, #1041 ) ;
#2737 = DIRECTION ( 'NONE',  ( -0.0000000000000000000, 1.000000000000000000, -0.0000000000000000000 ) ) ;
#2738 = CARTESIAN_POINT ( 'NONE',  ( -0.09999999999999982500, 0.1499999999999999700, 0.8000000000000006000 ) ) ;
#2739 = VECTOR ( 'NONE', #103, 1000.000000000000000 ) ;
#2740 = DIRECTION ( 'NONE',  ( 0.0000000000000000000, -1.000000000000000000, 0.0000000000000000000 ) ) ;
#2741 = EDGE_CURVE ( 'NONE', #124, #1948, #1680, .T. ) ;
#2742 = VECTOR ( 'NONE', #2220, 1000.000000000000000 ) ;
#2743 = FILL_AREA_STYLE ('',( #2732 ) ) ;
#2744 = PLANE ( 'NONE',  #91 ) ;
#2745 = DIRECTION ( 'NONE',  ( -1.000000000000000000, 0.0000000000000000000, -0.0000000000000000000 ) ) ;
#2746 = CARTESIAN_POINT ( 'NONE',  ( 1.175000000000000500, 0.04999999999999999600, 0.6250000000000001100 ) ) ;
#2747 = ORIENTED_EDGE ( 'NONE', *, *, #2270, .T. ) ;
#2748 = DIRECTION ( 'NONE',  ( 0.0000000000000000000, 0.0000000000000000000, -1.000000000000000000 ) ) ;
#2749 = CYLINDRICAL_SURFACE ( 'NONE', #2821, 0.1416588759627156700 ) ;
#2750 = STYLED_ITEM ( 'NONE', ( #262 ), #599 ) ;
#2751 = VERTEX_POINT ( 'NONE', #1462 ) ;
#2752 = CARTESIAN_POINT ( 'NONE',  ( 1.399999999999999700, 0.04999999999999999600, -0.1249999999999998900 ) ) ;
#2753 = VERTEX_POINT ( 'NONE', #2217 ) ;
#2754 = PLANE ( 'NONE',  #1853 ) ;
#2755 = AXIS2_PLACEMENT_3D ( 'NONE', #898, #1881, #629 ) ;
#2756 = AXIS2_PLACEMENT_3D ( 'NONE', #1958, #2482, #1535 ) ;
#2757 = ORIENTED_EDGE ( 'NONE', *, *, #2371, .T. ) ;
#2758 = CARTESIAN_POINT ( 'NONE',  ( 1.175000000000000500, 0.0000000000000000000, 0.3750000000000001100 ) ) ;
#2759 = CARTESIAN_POINT ( 'NONE',  ( -1.214904624038740400, 0.5999999999999999800, -0.6332658307653108400 ) ) ;
#2760 = ORIENTED_EDGE ( 'NONE', *, *, #2741, .F. ) ;
#2761 = LINE ( 'NONE', #2788, #2194 ) ;
#2762 = CARTESIAN_POINT ( 'NONE',  ( -1.399999999999999700, 0.1499999999999999900, 0.1250000000000001100 ) ) ;
#2763 = ORIENTED_EDGE ( 'NONE', *, *, #2446, .T. ) ;
#2764 = VECTOR ( 'NONE', #2650, 1000.000000000000000 ) ;
#2765 = UNCERTAINTY_MEASURE_WITH_UNIT (LENGTH_MEASURE( 1.000000000000000100E-005 ), #1902, 'distance_accuracy_value', 'NONE');
#2766 = EDGE_CURVE ( 'NONE', #3101, #2753, #654, .T. ) ;
#2767 = VERTEX_POINT ( 'NONE', #1200 ) ;
#2768 = FACE_OUTER_BOUND ( 'NONE', #3173, .T. ) ;
#2769 = DIRECTION ( 'NONE',  ( 0.0000000000000000000, 0.0000000000000000000, 1.000000000000000000 ) ) ;
#2770 = FACE_OUTER_BOUND ( 'NONE', #2104, .T. ) ;
#2771 = CARTESIAN_POINT ( 'NONE',  ( -1.175000000000000500, 0.1499999999999999900, -0.7499999999999998900 ) ) ;
#2772 = VERTEX_POINT ( 'NONE', #406 ) ;
#2773 = LINE ( 'NONE', #1636, #1491 ) ;
#2774 = FACE_OUTER_BOUND ( 'NONE', #2917, .T. ) ;
#2775 = CARTESIAN_POINT ( 'NONE',  ( 1.399999999999999700, 0.1499999999999999900, 0.8750000000000001100 ) ) ;
#2776 = SURFACE_STYLE_USAGE ( .BOTH. , #3294 ) ;
#2777 = ORIENTED_EDGE ( 'NONE', *, *, #3315, .F. ) ;
#2778 = ORIENTED_EDGE ( 'NONE', *, *, #763, .F. ) ;
#2779 = AXIS2_PLACEMENT_3D ( 'NONE', #539, #788, #1036 ) ;
#2780 = SURFACE_STYLE_FILL_AREA ( #2686 ) ;
#2781 = CARTESIAN_POINT ( 'NONE',  ( -1.214904624038740400, 0.5999999999999999800, -0.4916069548025952000 ) ) ;
#2782 = LINE ( 'NONE', #1845, #3237 ) ;
#2783 = AXIS2_PLACEMENT_3D ( 'NONE', #2621, #1061, #1830 ) ;
#2784 = ADVANCED_FACE ( 'NONE', ( #2236 ), #972, .F. ) ;
#2785 = DIRECTION ( 'NONE',  ( -5.421010862427525100E-016, 0.0000000000000000000, 1.000000000000000000 ) ) ;
#2786 = SURFACE_STYLE_FILL_AREA ( #457 ) ;
#2787 = DIRECTION ( 'NONE',  ( -1.000000000000000000, 0.0000000000000000000, 0.0000000000000000000 ) ) ;
#2788 = CARTESIAN_POINT ( 'NONE',  ( 1.399999999999999700, 0.1499999999999999900, -0.3749999999999998900 ) ) ;
#2789 = EDGE_CURVE ( 'NONE', #569, #2897, #1563, .T. ) ;
#2790 = CARTESIAN_POINT ( 'NONE',  ( -1.399999999999999700, 0.0000000000000000000, 0.8750000000000001100 ) ) ;
#2791 = EDGE_LOOP ( 'NONE', ( #120, #1249, #1924, #1443 ) ) ;
#2792 = EDGE_CURVE ( 'NONE', #751, #2268, #2447, .T. ) ;
#2793 = ADVANCED_FACE ( 'NONE', ( #902 ), #1967, .T. ) ;
#2794 = EDGE_LOOP ( 'NONE', ( #1878, #800, #349, #6 ) ) ;
#2795 = CARTESIAN_POINT ( 'NONE',  ( -1.175000000000000500, 0.04999999999999999600, 0.8750000000000001100 ) ) ;
#2796 = DIRECTION ( 'NONE',  ( -1.000000000000000000, 0.0000000000000000000, 0.0000000000000000000 ) ) ;
#2797 = EDGE_LOOP ( 'NONE', ( #1808, #3096, #1159, #3087 ) ) ;
#2798 = VERTEX_POINT ( 'NONE', #208 ) ;
#2799 = DIRECTION ( 'NONE',  ( 0.0000000000000000000, -1.000000000000000000, 0.0000000000000000000 ) ) ;
#2800 = LINE ( 'NONE', #2666, #1481 ) ;
#2801 = DIRECTION ( 'NONE',  ( -1.000000000000000000, 0.0000000000000000000, 0.0000000000000000000 ) ) ;
#2802 = EDGE_LOOP ( 'NONE', ( #1607, #3021, #757, #2514 ) ) ;
#2803 = EDGE_CURVE ( 'NONE', #2511, #79, #3050, .T. ) ;
#2804 = FACE_OUTER_BOUND ( 'NONE', #2256, .T. ) ;
#2805 =( LENGTH_UNIT ( ) NAMED_UNIT ( * ) SI_UNIT ( .MILLI., .METRE. ) );
#2806 = PLANE ( 'NONE',  #2979 ) ;
#2807 = EDGE_LOOP ( 'NONE', ( #535, #3009, #2631, #1735 ) ) ;
#2808 = ORIENTED_EDGE ( 'NONE', *, *, #3051, .T. ) ;
#2809 = LINE ( 'NONE', #3221, #1050 ) ;
#2810 = FACE_OUTER_BOUND ( 'NONE', #482, .T. ) ;
#2811 = ADVANCED_FACE ( 'NONE', ( #3098 ), #2087, .F. ) ;
#2812 = VERTEX_POINT ( 'NONE', #1330 ) ;
#2813 = VERTEX_POINT ( 'NONE', #3139 ) ;
#2814 = EDGE_CURVE ( 'NONE', #1818, #2010, #565, .T. ) ;
#2815 = CARTESIAN_POINT ( 'NONE',  ( 1.175000000000000500, 0.5801162633521307300, 0.8750000000000001100 ) ) ;
#2816 = LINE ( 'NONE', #2576, #2976 ) ;
#2817 = CARTESIAN_POINT ( 'NONE',  ( 1.175000000000000500, 0.1499999999999999900, -0.2499999999999998900 ) ) ;
#2818 = ORIENTED_EDGE ( 'NONE', *, *, #832, .F. ) ;
#2819 = EDGE_LOOP ( 'NONE', ( #2847, #1276, #908, #604 ) ) ;
#2820 = CARTESIAN_POINT ( 'NONE',  ( 1.399999999999999700, 0.1499999999999999900, 0.1250000000000001100 ) ) ;
#2821 = AXIS2_PLACEMENT_3D ( 'NONE', #2207, #2737, #1969 ) ;
#2822 = DIRECTION ( 'NONE',  ( 0.0000000000000000000, 1.000000000000000000, -0.0000000000000000000 ) ) ;
#2823 = FACE_OUTER_BOUND ( 'NONE', #693, .T. ) ;
#2824 = FACE_OUTER_BOUND ( 'NONE', #2062, .T. ) ;
#2825 = PRESENTATION_LAYER_ASSIGNMENT (  '', '', ( #598 ) ) ;
#2826 = PRESENTATION_LAYER_ASSIGNMENT (  '', '', ( #1319 ) ) ;
#2827 = ADVANCED_FACE ( 'NONE', ( #1727 ), #2892, .F. ) ;
#2828 = DIRECTION ( 'NONE',  ( 0.0000000000000000000, 0.0000000000000000000, -1.000000000000000000 ) ) ;
#2829 = DIRECTION ( 'NONE',  ( 1.000000000000000000, 0.0000000000000000000, 1.355252715606880500E-016 ) ) ;
#2830 = ADVANCED_FACE ( 'NONE', ( #2408 ), #2677, .T. ) ;
#2831 = DIRECTION ( 'NONE',  ( 0.0000000000000000000, -0.0000000000000000000, 1.000000000000000000 ) ) ;
#2832 = CARTESIAN_POINT ( 'NONE',  ( -0.09999999999999982500, 1.762451549659709700, 0.8000000000000006000 ) ) ;
#2833 = EDGE_CURVE ( 'NONE', #2359, #2474, #1485, .T. ) ;
#2834 = ORIENTED_EDGE ( 'NONE', *, *, #355, .F. ) ;
#2835 = CARTESIAN_POINT ( 'NONE',  ( -1.175000000000000500, 0.1499999999999999900, 0.2500000000000001100 ) ) ;
#2836 = ORIENTED_EDGE ( 'NONE', *, *, #397, .F. ) ;
#2837 = EDGE_CURVE ( 'NONE', #418, #2288, #2965, .T. ) ;
#2838 = ORIENTED_EDGE ( 'NONE', *, *, #1970, .T. ) ;
#2839 = CARTESIAN_POINT ( 'NONE',  ( -1.175000000000000500, 0.0000000000000000000, -0.7499999999999998900 ) ) ;
#2840 = ORIENTED_EDGE ( 'NONE', *, *, #146, .F. ) ;
#2841 = CARTESIAN_POINT ( 'NONE',  ( -0.09999999999999965900, 1.762451549659709700, -0.7249999999999995300 ) ) ;
#2842 = DIRECTION ( 'NONE',  ( 1.000000000000000000, -0.0000000000000000000, 0.0000000000000000000 ) ) ;
#2843 = ADVANCED_FACE ( 'NONE', ( #1876 ), #216, .F. ) ;
#2844 = AXIS2_PLACEMENT_3D ( 'NONE', #1930, #1681, #2954 ) ;
#2845 = ORIENTED_EDGE ( 'NONE', *, *, #2983, .T. ) ;
#2846 = CYLINDRICAL_SURFACE ( 'NONE', #951, 0.1250000000000000000 ) ;
#2847 = ORIENTED_EDGE ( 'NONE', *, *, #2792, .F. ) ;
#2848 = ORIENTED_EDGE ( 'NONE', *, *, #634, .T. ) ;
#2849 = ORIENTED_EDGE ( 'NONE', *, *, #146, .T. ) ;
#2850 = LINE ( 'NONE', #1706, #2075 ) ;
#2851 = CYLINDRICAL_SURFACE ( 'NONE', #458, 0.1250000000000000000 ) ;
#2852 = CARTESIAN_POINT ( 'NONE',  ( 1.175000000000000500, 0.5801162633521307300, -0.2499999999999998900 ) ) ;
#2853 = VERTEX_POINT ( 'NONE', #1059 ) ;
#2854 = EDGE_CURVE ( 'NONE', #1291, #454, #411, .T. ) ;
#2855 = CARTESIAN_POINT ( 'NONE',  ( -1.399999999999999700, 0.1499999999999999700, -0.6249999999999998900 ) ) ;
#2856 = LINE ( 'NONE', #531, #570 ) ;
#2857 = PLANE ( 'NONE',  #1358 ) ;
#2858 = CARTESIAN_POINT ( 'NONE',  ( 1.399999999999999700, 0.1499999999999999900, 0.3750000000000001100 ) ) ;
#2859 = ORIENTED_EDGE ( 'NONE', *, *, #790, .F. ) ;
#2860 = FACE_OUTER_BOUND ( 'NONE', #3001, .T. ) ;
#2861 = CARTESIAN_POINT ( 'NONE',  ( 0.0000000000000000000, 0.0000000000000000000, 0.6250000000000001100 ) ) ;
#2862 = CIRCLE ( 'NONE', #1176, 0.1250000000000000000 ) ;
#2863 = CARTESIAN_POINT ( 'NONE',  ( -1.399999999999999700, 0.0000000000000000000, 0.1250000000000001100 ) ) ;
#2864 = FACE_BOUND ( 'NONE', #1031, .T. ) ;
#2865 = ORIENTED_EDGE ( 'NONE', *, *, #1795, .T. ) ;
#2866 = PLANE ( 'NONE',  #870 ) ;
#2867 = PLANE ( 'NONE',  #3130 ) ;
#2868 = CIRCLE ( 'NONE', #1549, 0.1250000000000000000 ) ;
#2869 = EDGE_LOOP ( 'NONE', ( #2364, #1843 ) ) ;
#2870 = DIRECTION ( 'NONE',  ( 1.084202172485505200E-015, -0.0000000000000000000, 1.000000000000000000 ) ) ;
#2871 = ADVANCED_FACE ( 'NONE', ( #1048 ), #1854, .F. ) ;
#2872 = CARTESIAN_POINT ( 'NONE',  ( -1.175000000000000500, 0.1499999999999999900, 0.1250000000000001100 ) ) ;
#2873 = CARTESIAN_POINT ( 'NONE',  ( 1.175000000000000500, 0.1499999999999999900, -0.1249999999999998900 ) ) ;
#2874 = UNCERTAINTY_MEASURE_WITH_UNIT (LENGTH_MEASURE( 1.000000000000000100E-005 ), #2437, 'distance_accuracy_value', 'NONE');
#2875 = EDGE_CURVE ( 'NONE', #2608, #1430, #815, .T. ) ;
#2876 = DIRECTION ( 'NONE',  ( 0.0000000000000000000, -1.000000000000000000, 0.0000000000000000000 ) ) ;
#2877 = CARTESIAN_POINT ( 'NONE',  ( -1.214904624038740400, 0.5999999999999999800, -0.7749247067280264900 ) ) ;
#2878 = DIRECTION ( 'NONE',  ( 0.0000000000000000000, 0.0000000000000000000, -1.000000000000000000 ) ) ;
#2879 = EDGE_CURVE ( 'NONE', #1367, #3229, #2369, .T. ) ;
#2880 = EDGE_LOOP ( 'NONE', ( #1516, #2533, #321, #964 ) ) ;
#2881 = DIRECTION ( 'NONE',  ( 1.000000000000000000, 0.0000000000000000000, -1.084202172485505200E-015 ) ) ;
#2882 = CARTESIAN_POINT ( 'NONE',  ( 1.175000000000000500, 0.0000000000000000000, -0.8749999999999998900 ) ) ;
#2883 = PRESENTATION_LAYER_ASSIGNMENT (  '', '', ( #2183 ) ) ;
#2884 = DIRECTION ( 'NONE',  ( 0.0000000000000000000, 0.0000000000000000000, 1.000000000000000000 ) ) ;
#2885 = ORIENTED_EDGE ( 'NONE', *, *, #2390, .T. ) ;
#2886 = ORIENTED_EDGE ( 'NONE', *, *, #2989, .T. ) ;
#2887 = VECTOR ( 'NONE', #1476, 1000.000000000000000 ) ;
#2888 = ORIENTED_EDGE ( 'NONE', *, *, #1169, .T. ) ;
#2889 = DIRECTION ( 'NONE',  ( -0.0000000000000000000, -1.000000000000000000, -0.0000000000000000000 ) ) ;
#2890 = EDGE_LOOP ( 'NONE', ( #2360, #2668, #2113, #1422 ) ) ;
#2891 = CIRCLE ( 'NONE', #176, 0.1000000000000000500 ) ;
#2892 = PLANE ( 'NONE',  #1893 ) ;
#2893 = SURFACE_STYLE_FILL_AREA ( #2298 ) ;
#2894 = ORIENTED_EDGE ( 'NONE', *, *, #566, .T. ) ;
#2895 = PRESENTATION_STYLE_ASSIGNMENT (( #2201 ) ) ;
#2896 = VECTOR ( 'NONE', #923, 1000.000000000000000 ) ;
#2897 = VERTEX_POINT ( 'NONE', #3126 ) ;
#2898 = ORIENTED_EDGE ( 'NONE', *, *, #2724, .T. ) ;
#2899 = EDGE_CURVE ( 'NONE', #1430, #1189, #1282, .T. ) ;
#2900 = PRESENTATION_STYLE_ASSIGNMENT (( #1593 ) ) ;
#2901 = DIRECTION ( 'NONE',  ( 1.000000000000000000, 0.0000000000000000000, -0.0000000000000000000 ) ) ;
#2902 = FACE_OUTER_BOUND ( 'NONE', #403, .T. ) ;
#2903 = CARTESIAN_POINT ( 'NONE',  ( 1.175000000000000500, 0.1499999999999999900, -0.7499999999999998900 ) ) ;
#2904 = EDGE_CURVE ( 'NONE', #1251, #2215, #1199, .T. ) ;
#2905 = DIRECTION ( 'NONE',  ( -0.0000000000000000000, -1.000000000000000000, -0.0000000000000000000 ) ) ;
#2906 = ORIENTED_EDGE ( 'NONE', *, *, #1294, .F. ) ;
#2907 = VECTOR ( 'NONE', #2106, 1000.000000000000000 ) ;
#2908 = AXIS2_PLACEMENT_3D ( 'NONE', #2050, #236, #2537 ) ;
#2909 = DIRECTION ( 'NONE',  ( 0.0000000000000000000, -0.0000000000000000000, 1.000000000000000000 ) ) ;
#2910 = CARTESIAN_POINT ( 'NONE',  ( 1.399999999999999700, 0.1499999999999999900, -0.8749999999999998900 ) ) ;
#2911 = ORIENTED_EDGE ( 'NONE', *, *, #3234, .F. ) ;
#2912 = EDGE_LOOP ( 'NONE', ( #1366, #327, #686, #1715 ) ) ;
#2913 = EDGE_CURVE ( 'NONE', #2395, #1550, #1602, .T. ) ;
#2914 = LINE ( 'NONE', #2980, #891 ) ;
#2915 = VERTEX_POINT ( 'NONE', #852 ) ;
#2916 = DIRECTION ( 'NONE',  ( 0.0000000000000000000, 0.0000000000000000000, -1.000000000000000000 ) ) ;
#2917 = EDGE_LOOP ( 'NONE', ( #1792, #974, #946, #680 ) ) ;
#2918 = CARTESIAN_POINT ( 'NONE',  ( 0.0000000000000000000, 0.5801162633521307300, 0.1250000000000001100 ) ) ;
#2919 = PRESENTATION_STYLE_ASSIGNMENT (( #36 ) ) ;
#2920 = ORIENTED_EDGE ( 'NONE', *, *, #83, .F. ) ;
#2921 = EDGE_LOOP ( 'NONE', ( #2808, #2596, #1058, #2894, #2559, #113 ) ) ;
#2922 = LINE ( 'NONE', #461, #18 ) ;
#2923 = DIRECTION ( 'NONE',  ( 1.355252715606880500E-016, 0.0000000000000000000, -1.000000000000000000 ) ) ;
#2924 = ORIENTED_EDGE ( 'NONE', *, *, #1604, .T. ) ;
#2925 = PRESENTATION_LAYER_ASSIGNMENT (  '', '', ( #2750 ) ) ;
#2926 = LINE ( 'NONE', #1450, #1831 ) ;
#2927 = DIRECTION ( 'NONE',  ( 1.000000000000000000, 0.0000000000000000000, -0.0000000000000000000 ) ) ;
#2928 = ORIENTED_EDGE ( 'NONE', *, *, #432, .F. ) ;
#2929 = VECTOR ( 'NONE', #801, 1000.000000000000000 ) ;
#2930 = CIRCLE ( 'NONE', #699, 0.1416588759627156700 ) ;
#2931 = CARTESIAN_POINT ( 'NONE',  ( -1.175000000000000500, 0.1499999999999999900, -0.7499999999999998900 ) ) ;
#2932 = CARTESIAN_POINT ( 'NONE',  ( 0.0000000000000000000, 0.05000000000000000300, 0.3750000000000001100 ) ) ;
#2933 = ORIENTED_EDGE ( 'NONE', *, *, #2043, .T. ) ;
#2934 = AXIS2_PLACEMENT_3D ( 'NONE', #1156, #1615, #399 ) ;
#2935 = AXIS2_PLACEMENT_3D ( 'NONE', #2835, #824, #1585 ) ;
#2936 = CARTESIAN_POINT ( 'NONE',  ( 1.399999999999999700, 0.1499999999999999900, 0.6250000000000001100 ) ) ;
#2937 = ORIENTED_EDGE ( 'NONE', *, *, #1978, .T. ) ;
#2938 = VECTOR ( 'NONE', #1580, 1000.000000000000000 ) ;
#2939 = LINE ( 'NONE', #881, #2970 ) ;
#2940 =( NAMED_UNIT ( * ) PLANE_ANGLE_UNIT ( ) SI_UNIT ( $, .RADIAN. ) );
#2941 = CARTESIAN_POINT ( 'NONE',  ( -0.09999999999999967200, 0.1499999999999999700, -0.7249999999999995300 ) ) ;
#2942 = LINE ( 'NONE', #603, #1178 ) ;
#2943 = DIRECTION ( 'NONE',  ( -1.000000000000000000, 0.0000000000000000000, 0.0000000000000000000 ) ) ;
#2944 = VECTOR ( 'NONE', #511, 1000.000000000000000 ) ;
#2945 = ORIENTED_EDGE ( 'NONE', *, *, #3252, .T. ) ;
#2946 = DIRECTION ( 'NONE',  ( 0.0000000000000000000, -1.000000000000000000, 0.0000000000000000000 ) ) ;
#2947 = EDGE_CURVE ( 'NONE', #707, #1517, #1991, .T. ) ;
#2948 = LINE ( 'NONE', #1623, #2739 ) ;
#2949 = CARTESIAN_POINT ( 'NONE',  ( -1.399999999999999700, 0.1499999999999999700, -0.8749999999999998900 ) ) ;
#2950 = VERTEX_POINT ( 'NONE', #2424 ) ;
#2951 = LINE ( 'NONE', #1135, #2742 ) ;
#2952 = CARTESIAN_POINT ( 'NONE',  ( 1.175000000000000500, 0.1499999999999999900, -0.2499999999999998900 ) ) ;
#2953 = EDGE_CURVE ( 'NONE', #854, #405, #1643, .T. ) ;
#2954 = DIRECTION ( 'NONE',  ( 0.0000000000000000000, -0.0000000000000000000, -1.000000000000000000 ) ) ;
#2955 = CARTESIAN_POINT ( 'NONE',  ( -1.214904624038740400, 0.4999999999999998900, -0.4916069548025952000 ) ) ;
#2956 = DIRECTION ( 'NONE',  ( 0.0000000000000000000, 1.000000000000000000, -0.0000000000000000000 ) ) ;
#2957 = CARTESIAN_POINT ( 'NONE',  ( 1.500000000000000400, 0.05000000000000000300, 1.000000000000000000 ) ) ;
#2958 =( NAMED_UNIT ( * ) PLANE_ANGLE_UNIT ( ) SI_UNIT ( $, .RADIAN. ) );
#2959 = PLANE ( 'NONE',  #301 ) ;
#2960 = EDGE_CURVE ( 'NONE', #1, #2204, #2072, .T. ) ;
#2961 = ORIENTED_EDGE ( 'NONE', *, *, #3007, .F. ) ;
#2962 = DIRECTION ( 'NONE',  ( 1.000000000000000000, 0.0000000000000000000, 0.0000000000000000000 ) ) ;
#2963 = DIRECTION ( 'NONE',  ( -1.000000000000000000, 0.0000000000000000000, 0.0000000000000000000 ) ) ;
#2964 = CARTESIAN_POINT ( 'NONE',  ( 0.0000000000000000000, 0.0000000000000000000, 1.500000000000000000 ) ) ;
#2965 = LINE ( 'NONE', #823, #2146 ) ;
#2966 = EDGE_CURVE ( 'NONE', #1637, #2813, #2562, .T. ) ;
#2967 = ORIENTED_EDGE ( 'NONE', *, *, #3045, .T. ) ;
#2968 = CARTESIAN_POINT ( 'NONE',  ( -1.214904624038740400, 0.4999999999999998900, -0.4916069548025952000 ) ) ;
#2969 = ORIENTED_EDGE ( 'NONE', *, *, #164, .F. ) ;
#2970 = VECTOR ( 'NONE', #3157, 1000.000000000000000 ) ;
#2971 = FACE_OUTER_BOUND ( 'NONE', #743, .T. ) ;
#2972 = FACE_OUTER_BOUND ( 'NONE', #1782, .T. ) ;
#2973 =( NAMED_UNIT ( * ) SI_UNIT ( $, .STERADIAN. ) SOLID_ANGLE_UNIT ( ) );
#2974 = VECTOR ( 'NONE', #958, 1000.000000000000000 ) ;
#2975 = ORIENTED_EDGE ( 'NONE', *, *, #2699, .F. ) ;
#2976 = VECTOR ( 'NONE', #2641, 1000.000000000000000 ) ;
#2977 = DIRECTION ( 'NONE',  ( 0.0000000000000000000, 0.0000000000000000000, 1.000000000000000000 ) ) ;
#2978 = PLANE ( 'NONE',  #1085 ) ;
#2979 = AXIS2_PLACEMENT_3D ( 'NONE', #273, #1805, #2269 ) ;
#2980 = CARTESIAN_POINT ( 'NONE',  ( -1.175000000000000500, 0.5801162633521307300, 0.1250000000000001100 ) ) ;
#2981 = ADVANCED_FACE ( 'NONE', ( #610 ), #2846, .T. ) ;
#2982 = FILL_AREA_STYLE_COLOUR ( '', #2034 ) ;
#2983 = EDGE_CURVE ( 'NONE', #707, #519, #3008, .T. ) ;
#2984 = LINE ( 'NONE', #1747, #1781 ) ;
#2985 = DIRECTION ( 'NONE',  ( -0.0000000000000000000, -1.000000000000000000, -0.0000000000000000000 ) ) ;
#2986 =( LENGTH_UNIT ( ) NAMED_UNIT ( * ) SI_UNIT ( .MILLI., .METRE. ) );
#2987 = ORIENTED_EDGE ( 'NONE', *, *, #3312, .T. ) ;
#2988 = LINE ( 'NONE', #888, #1783 ) ;
#2989 = EDGE_CURVE ( 'NONE', #1177, #454, #1234, .T. ) ;
#2990 = CARTESIAN_POINT ( 'NONE',  ( 0.1000000000000002600, 0.1499999999999999700, -0.7999999999999994900 ) ) ;
#2991 = CARTESIAN_POINT ( 'NONE',  ( 1.500000000000000400, 0.5999999999999998700, 1.000000000000000000 ) ) ;
#2992 = CARTESIAN_POINT ( 'NONE',  ( 1.399999999999999700, 0.04999999999999999600, -0.6249999999999998900 ) ) ;
#2993 = DIRECTION ( 'NONE',  ( 1.000000000000000000, -0.0000000000000000000, 0.0000000000000000000 ) ) ;
#2994 = EDGE_CURVE ( 'NONE', #1989, #215, #2800, .T. ) ;
#2995 = ORIENTED_EDGE ( 'NONE', *, *, #1963, .T. ) ;
#2996 = CARTESIAN_POINT ( 'NONE',  ( 1.399999999999999700, 0.05000000000000000300, -0.3749999999999998900 ) ) ;
#2997 = AXIS2_PLACEMENT_3D ( 'NONE', #2578, #549, #1564 ) ;
#2998 = AXIS2_PLACEMENT_3D ( 'NONE', #3216, #669, #904 ) ;
#2999 = ORIENTED_EDGE ( 'NONE', *, *, #3175, .F. ) ;
#3000 = DIRECTION ( 'NONE',  ( -5.421010862427525100E-016, 0.0000000000000000000, 1.000000000000000000 ) ) ;
#3001 = EDGE_LOOP ( 'NONE', ( #1906, #412, #2109, #2198 ) ) ;
#3002 = ADVANCED_FACE ( 'NONE', ( #3260 ), #2433, .T. ) ;
#3003 = DIRECTION ( 'NONE',  ( 0.0000000000000000000, 0.0000000000000000000, -1.000000000000000000 ) ) ;
#3004 = LINE ( 'NONE', #2841, #1272 ) ;
#3005 = ORIENTED_EDGE ( 'NONE', *, *, #3149, .T. ) ;
#3006 = ORIENTED_EDGE ( 'NONE', *, *, #3208, .F. ) ;
#3007 = EDGE_CURVE ( 'NONE', #968, #1882, #1640, .T. ) ;
#3008 = LINE ( 'NONE', #1148, #2673 ) ;
#3009 = ORIENTED_EDGE ( 'NONE', *, *, #2385, .T. ) ;
#3010 = VECTOR ( 'NONE', #1320, 1000.000000000000000 ) ;
#3011 = DIRECTION ( 'NONE',  ( -1.000000000000000000, 0.0000000000000000000, 0.0000000000000000000 ) ) ;
#3012 = CARTESIAN_POINT ( 'NONE',  ( -1.175000000000000500, 0.1499999999999999700, 0.3750000000000001100 ) ) ;
#3013 = DIRECTION ( 'NONE',  ( -0.0000000000000000000, -1.000000000000000000, -0.0000000000000000000 ) ) ;
#3014 = VERTEX_POINT ( 'NONE', #2992 ) ;
#3015 = ORIENTED_EDGE ( 'NONE', *, *, #2551, .T. ) ;
#3016 = EDGE_CURVE ( 'NONE', #738, #1251, #975, .T. ) ;
#3017 = LINE ( 'NONE', #463, #1998 ) ;
#3018 = PLANE ( 'NONE',  #2057 ) ;
#3019 = ORIENTED_EDGE ( 'NONE', *, *, #2803, .T. ) ;
#3020 = CIRCLE ( 'NONE', #1230, 0.1416588759627156700 ) ;
#3021 = ORIENTED_EDGE ( 'NONE', *, *, #2177, .F. ) ;
#3022 =( NAMED_UNIT ( * ) PLANE_ANGLE_UNIT ( ) SI_UNIT ( $, .RADIAN. ) );
#3023 = EDGE_LOOP ( 'NONE', ( #2444, #2368, #614, #1912 ) ) ;
#3024 = DIRECTION ( 'NONE',  ( 0.0000000000000000000, 0.0000000000000000000, -1.000000000000000000 ) ) ;
#3025 = VECTOR ( 'NONE', #1311, 1000.000000000000000 ) ;
#3026 = CARTESIAN_POINT ( 'NONE',  ( 1.175000000000000500, 0.1499999999999999900, -0.8749999999999998900 ) ) ;
#3027 = PLANE ( 'NONE',  #3281 ) ;
#3028 = CIRCLE ( 'NONE', #1904, 0.1000000000000000500 ) ;
#3029 = CARTESIAN_POINT ( 'NONE',  ( 1.175000000000000500, 0.1499999999999999900, 0.6250000000000001100 ) ) ;
#3030 = EDGE_CURVE ( 'NONE', #1009, #2168, #1197, .T. ) ;
#3031 = EDGE_LOOP ( 'NONE', ( #3154, #2227, #1404, #2120 ) ) ;
#3032 = DIRECTION ( 'NONE',  ( 0.0000000000000000000, -0.0000000000000000000, -1.000000000000000000 ) ) ;
#3033 = FILL_AREA_STYLE_COLOUR ( '', #1575 ) ;
#3034 = CARTESIAN_POINT ( 'NONE',  ( -1.399999999999999700, 0.5801162633521307300, -0.1249999999999998900 ) ) ;
#3035 = VERTEX_POINT ( 'NONE', #2468 ) ;
#3036 = DIRECTION ( 'NONE',  ( -0.0000000000000000000, -1.000000000000000000, -0.0000000000000000000 ) ) ;
#3037 = ORIENTED_EDGE ( 'NONE', *, *, #19, .F. ) ;
#3038 = CARTESIAN_POINT ( 'NONE',  ( 1.175000000000000500, 0.0000000000000000000, 0.6250000000000001100 ) ) ;
#3039 = ORIENTED_EDGE ( 'NONE', *, *, #2792, .T. ) ;
#3040 = DIRECTION ( 'NONE',  ( 1.000000000000000000, -0.0000000000000000000, -0.0000000000000000000 ) ) ;
#3041 = AXIS2_PLACEMENT_3D ( 'NONE', #2910, #871, #1139 ) ;
#3042 = VERTEX_POINT ( 'NONE', #1205 ) ;
#3043 = DIRECTION ( 'NONE',  ( 0.0000000000000000000, -0.0000000000000000000, -1.000000000000000000 ) ) ;
#3044 = CARTESIAN_POINT ( 'NONE',  ( -1.175000000000000500, 0.1499999999999999900, -0.3749999999999998900 ) ) ;
#3045 = EDGE_CURVE ( 'NONE', #1684, #2772, #897, .T. ) ;
#3046 = VERTEX_POINT ( 'NONE', #2968 ) ;
#3047 = CARTESIAN_POINT ( 'NONE',  ( 1.175000000000000500, 0.1499999999999999900, 0.3750000000000001100 ) ) ;
#3048 = CARTESIAN_POINT ( 'NONE',  ( -1.399999999999999700, 0.1499999999999999700, -0.8749999999999998900 ) ) ;
#3049 = ORIENTED_EDGE ( 'NONE', *, *, #480, .T. ) ;
#3050 = LINE ( 'NONE', #1974, #3292 ) ;
#3051 = EDGE_CURVE ( 'NONE', #29, #1196, #1873, .T. ) ;
#3052 = EDGE_LOOP ( 'NONE', ( #2279, #3269, #3182, #1356 ) ) ;
#3053 = LINE ( 'NONE', #2317, #2370 ) ;
#3054 = PLANE ( 'NONE',  #928 ) ;
#3055 = LINE ( 'NONE', #772, #2372 ) ;
#3056 = ORIENTED_EDGE ( 'NONE', *, *, #212, .T. ) ;
#3057 = EDGE_LOOP ( 'NONE', ( #2315, #574, #1923, #1400 ) ) ;
#3058 = FACE_OUTER_BOUND ( 'NONE', #1732, .T. ) ;
#3059 = LINE ( 'NONE', #1655, #2896 ) ;
#3060 = CARTESIAN_POINT ( 'NONE',  ( -0.09999999999999965900, 1.762451549659709700, -0.7249999999999995300 ) ) ;
#3061 = PRESENTATION_STYLE_ASSIGNMENT (( #679 ) ) ;
#3062 = VERTEX_POINT ( 'NONE', #689 ) ;
#3063 = PRESENTATION_STYLE_ASSIGNMENT (( #673 ) ) ;
#3064 = CARTESIAN_POINT ( 'NONE',  ( 1.175000000000000500, 0.0000000000000000000, 0.8750000000000001100 ) ) ;
#3065 = FACE_OUTER_BOUND ( 'NONE', #1096, .T. ) ;
#3066 = AXIS2_PLACEMENT_3D ( 'NONE', #2064, #513, #2344 ) ;
#3067 = AXIS2_PLACEMENT_3D ( 'NONE', #2391, #1114, #3197 ) ;
#3068 = COLOUR_RGB ( '',1.000000000000000000, 1.000000000000000000, 1.000000000000000000 ) ;
#3069 = ADVANCED_FACE ( 'NONE', ( #1985 ), #702, .T. ) ;
#3070 = CARTESIAN_POINT ( 'NONE',  ( 1.175000000000000500, 0.1499999999999999900, 0.6250000000000001100 ) ) ;
#3071 = ORIENTED_EDGE ( 'NONE', *, *, #1780, .F. ) ;
#3072 = LINE ( 'NONE', #2932, #151 ) ;
#3073 = DIRECTION ( 'NONE',  ( 0.0000000000000000000, -1.000000000000000000, 0.0000000000000000000 ) ) ;
#3074 = EDGE_CURVE ( 'NONE', #1517, #3101, #1317, .T. ) ;
#3075 = PLANE ( 'NONE',  #2515 ) ;
#3076 = VERTEX_POINT ( 'NONE', #2738 ) ;
#3077 = EDGE_CURVE ( 'NONE', #2268, #1291, #1796, .T. ) ;
#3078 = DIRECTION ( 'NONE',  ( 0.0000000000000000000, 0.0000000000000000000, 1.000000000000000000 ) ) ;
#3079 = ADVANCED_BREP_SHAPE_REPRESENTATION ( 'AT25DN011-MAHF-T', ( #2117, #957, #599, #848, #197, #1290, #1426, #3275, #52, #1538, #534, #2187 ), #1337 ) ;
#3080 = EDGE_LOOP ( 'NONE', ( #2583, #2366, #1821, #1375 ) ) ;
#3081 = VECTOR ( 'NONE', #156, 1000.000000000000000 ) ;
#3082 = CARTESIAN_POINT ( 'NONE',  ( -1.175000000000000500, 0.5801162633521307300, 0.3750000000000001100 ) ) ;
#3083 = DIRECTION ( 'NONE',  ( -1.000000000000000000, 0.0000000000000000000, -1.227398685832646800E-016 ) ) ;
#3084 = ADVANCED_FACE ( 'NONE', ( #2591 ), #667, .F. ) ;
#3085 = DIRECTION ( 'NONE',  ( 0.0000000000000000000, 0.0000000000000000000, 1.000000000000000000 ) ) ;
#3086 = AXIS2_PLACEMENT_3D ( 'NONE', #1767, #1267, #2828 ) ;
#3087 = ORIENTED_EDGE ( 'NONE', *, *, #2486, .T. ) ;
#3088 = ORIENTED_EDGE ( 'NONE', *, *, #2173, .T. ) ;
#3089 = AXIS2_PLACEMENT_3D ( 'NONE', #2832, #3083, #1545 ) ;
#3090 = FACE_OUTER_BOUND ( 'NONE', #3215, .T. ) ;
#3091 = EDGE_LOOP ( 'NONE', ( #605, #2249, #1475, #3138 ) ) ;
#3092 = PRESENTATION_STYLE_ASSIGNMENT (( #1303 ) ) ;
#3093 = CARTESIAN_POINT ( 'NONE',  ( 1.175000000000000500, 0.0000000000000000000, -0.3749999999999998900 ) ) ;
#3094 =( LENGTH_UNIT ( ) NAMED_UNIT ( * ) SI_UNIT ( .MILLI., .METRE. ) );
#3095 = DIRECTION ( 'NONE',  ( -1.000000000000000000, 0.0000000000000000000, 0.0000000000000000000 ) ) ;
#3096 = ORIENTED_EDGE ( 'NONE', *, *, #1245, .F. ) ;
#3097 = EDGE_CURVE ( 'NONE', #569, #2244, #1392, .T. ) ;
#3098 = FACE_OUTER_BOUND ( 'NONE', #954, .T. ) ;
#3099 = DIRECTION ( 'NONE',  ( 1.000000000000000000, 0.0000000000000000000, 0.0000000000000000000 ) ) ;
#3100 = DIRECTION ( 'NONE',  ( 1.000000000000000000, 0.0000000000000000000, -1.445602896647339200E-016 ) ) ;
#3101 = VERTEX_POINT ( 'NONE', #202 ) ;
#3102 = CARTESIAN_POINT ( 'NONE',  ( -0.09999999999999967200, -0.0000000000000000000, -0.6249999999999994400 ) ) ;
#3103 = DIRECTION ( 'NONE',  ( -0.0000000000000000000, -1.000000000000000000, -0.0000000000000000000 ) ) ;
#3104 = EDGE_LOOP ( 'NONE', ( #860, #1115, #2153, #2205 ) ) ;
#3105 = LINE ( 'NONE', #1188, #622 ) ;
#3106 = ORIENTED_EDGE ( 'NONE', *, *, #3240, .F. ) ;
#3107 = CARTESIAN_POINT ( 'NONE',  ( -0.09999999999999965900, 0.04999999999999991300, -0.5249999999999994700 ) ) ;
#3108 = LINE ( 'NONE', #1982, #1696 ) ;
#3109 = ADVANCED_FACE ( 'NONE', ( #284 ), #491, .T. ) ;
#3110 = ORIENTED_EDGE ( 'NONE', *, *, #58, .T. ) ;
#3111 = CARTESIAN_POINT ( 'NONE',  ( -1.175000000000000500, 0.1499999999999999900, 0.2500000000000001100 ) ) ;
#3112 = VECTOR ( 'NONE', #826, 1000.000000000000000 ) ;
#3113 = CARTESIAN_POINT ( 'NONE',  ( -1.399999999999999700, 0.1499999999999999700, 0.3750000000000001100 ) ) ;
#3114 =( LENGTH_UNIT ( ) NAMED_UNIT ( * ) SI_UNIT ( .MILLI., .METRE. ) );
#3115 = LINE ( 'NONE', #1660, #383 ) ;
#3116 = DIRECTION ( 'NONE',  ( -1.000000000000000000, 0.0000000000000000000, 0.0000000000000000000 ) ) ;
#3117 = ORIENTED_EDGE ( 'NONE', *, *, #995, .F. ) ;
#3118 = DIRECTION ( 'NONE',  ( 0.0000000000000000000, -1.000000000000000000, 0.0000000000000000000 ) ) ;
#3119 = VECTOR ( 'NONE', #1089, 1000.000000000000000 ) ;
#3120 = AXIS2_PLACEMENT_3D ( 'NONE', #834, #552, #1599 ) ;
#3121 = DIRECTION ( 'NONE',  ( 0.0000000000000000000, 0.0000000000000000000, -1.000000000000000000 ) ) ;
#3122 = DIRECTION ( 'NONE',  ( -0.0000000000000000000, -1.000000000000000000, -0.0000000000000000000 ) ) ;
#3123 = CARTESIAN_POINT ( 'NONE',  ( 1.175000000000000500, 0.1499999999999999900, 0.8750000000000001100 ) ) ;
#3124 = CARTESIAN_POINT ( 'NONE',  ( 1.175000000000000500, 0.1499999999999999900, 0.7500000000000001100 ) ) ;
#3125 = EDGE_CURVE ( 'NONE', #2040, #1489, #651, .T. ) ;
#3126 = CARTESIAN_POINT ( 'NONE',  ( -1.399999999999999700, 0.05000000000000000300, -0.6249999999999998900 ) ) ;
#3127 = DIRECTION ( 'NONE',  ( 1.000000000000000000, 0.0000000000000000000, 0.0000000000000000000 ) ) ;
#3128 = ORIENTED_EDGE ( 'NONE', *, *, #40, .T. ) ;
#3129 = FACE_OUTER_BOUND ( 'NONE', #2550, .T. ) ;
#3130 = AXIS2_PLACEMENT_3D ( 'NONE', #808, #3137, #526 ) ;
#3131 = ORIENTED_EDGE ( 'NONE', *, *, #2294, .F. ) ;
#3132 = FILL_AREA_STYLE ('',( #1606 ) ) ;
#3133 = ADVANCED_FACE ( 'NONE', ( #2232 ), #1910, .F. ) ;
#3134 = ORIENTED_EDGE ( 'NONE', *, *, #2322, .F. ) ;
#3135 = CARTESIAN_POINT ( 'NONE',  ( -1.175000000000000500, 0.04999999999999999600, -0.7499999999999998900 ) ) ;
#3136 = ADVANCED_FACE ( 'NONE', ( #95, #934 ), #3027, .T. ) ;
#3137 = DIRECTION ( 'NONE',  ( 0.0000000000000000000, 0.0000000000000000000, -1.000000000000000000 ) ) ;
#3138 = ORIENTED_EDGE ( 'NONE', *, *, #3158, .F. ) ;
#3139 = CARTESIAN_POINT ( 'NONE',  ( -1.500000000000000000, 0.05000000000000000300, -0.9999999999999995600 ) ) ;
#3140 = VERTEX_POINT ( 'NONE', #2012 ) ;
#3141 = LINE ( 'NONE', #961, #492 ) ;
#3142 = ORIENTED_EDGE ( 'NONE', *, *, #2294, .T. ) ;
#3143 = ORIENTED_EDGE ( 'NONE', *, *, #2766, .F. ) ;
#3144 = LINE ( 'NONE', #275, #139 ) ;
#3145 = VECTOR ( 'NONE', #3100, 1000.000000000000000 ) ;
#3146 = DIRECTION ( 'NONE',  ( -0.0000000000000000000, -1.000000000000000000, 0.0000000000000000000 ) ) ;
#3147 = CARTESIAN_POINT ( 'NONE',  ( -1.399999999999999700, 0.1499999999999999700, 0.6250000000000001100 ) ) ;
#3148 = ORIENTED_EDGE ( 'NONE', *, *, #3074, .F. ) ;
#3149 = EDGE_CURVE ( 'NONE', #454, #854, #1353, .T. ) ;
#3150 = LINE ( 'NONE', #2815, #2456 ) ;
#3151 = FACE_OUTER_BOUND ( 'NONE', #2085, .T. ) ;
#3152 = PLANE ( 'NONE',  #2219 ) ;
#3153 = CARTESIAN_POINT ( 'NONE',  ( 0.0000000000000000000, 0.1499999999999999700, -0.3749999999999998900 ) ) ;
#3154 = ORIENTED_EDGE ( 'NONE', *, *, #1813, .T. ) ;
#3155 = LINE ( 'NONE', #3123, #30 ) ;
#3156 = DIRECTION ( 'NONE',  ( 0.0000000000000000000, 1.000000000000000000, 0.0000000000000000000 ) ) ;
#3157 = DIRECTION ( 'NONE',  ( -0.0000000000000000000, -1.000000000000000000, -0.0000000000000000000 ) ) ;
#3158 = EDGE_CURVE ( 'NONE', #1352, #623, #452, .T. ) ;
#3159 = PLANE ( 'NONE',  #1512 ) ;
#3160 = COLOUR_RGB ( '',0.7921568627450980000, 0.8196078431372548800, 0.9333333333333333500 ) ;
#3161 = CIRCLE ( 'NONE', #2032, 0.1250000000000000000 ) ;
#3162 =( GEOMETRIC_REPRESENTATION_CONTEXT ( 3 ) GLOBAL_UNCERTAINTY_ASSIGNED_CONTEXT ( ( #2765 ) ) GLOBAL_UNIT_ASSIGNED_CONTEXT ( ( #1902, #646, #2429 ) ) REPRESENTATION_CONTEXT ( 'NONE', 'WORKASPACE' ) );
#3163 = CARTESIAN_POINT ( 'NONE',  ( 1.399999999999999700, 0.1499999999999999700, 1.500000000000000000 ) ) ;
#3164 = LINE ( 'NONE', #75, #1146 ) ;
#3165 = CARTESIAN_POINT ( 'NONE',  ( -1.175000000000000500, 0.1499999999999999900, 0.3750000000000001100 ) ) ;
#3166 = PLANE ( 'NONE',  #1258 ) ;
#3167 = EDGE_CURVE ( 'NONE', #1287, #2687, #1523, .T. ) ;
#3168 = DIRECTION ( 'NONE',  ( 0.0000000000000000000, 0.0000000000000000000, 1.000000000000000000 ) ) ;
#3169 = EDGE_CURVE ( 'NONE', #79, #668, #2068, .T. ) ;
#3170 = ORIENTED_EDGE ( 'NONE', *, *, #517, .F. ) ;
#3171 = CARTESIAN_POINT ( 'NONE',  ( -1.399999999999999700, 0.1499999999999999900, -0.1249999999999998900 ) ) ;
#3172 = DIRECTION ( 'NONE',  ( -1.000000000000000000, 0.0000000000000000000, 1.445602896647339200E-016 ) ) ;
#3173 = EDGE_LOOP ( 'NONE', ( #1395, #377, #1842, #612 ) ) ;
#3174 = ORIENTED_EDGE ( 'NONE', *, *, #1743, .T. ) ;
#3175 = EDGE_CURVE ( 'NONE', #1728, #2071, #2922, .T. ) ;
#3176 = ADVANCED_FACE ( 'NONE', ( #3177 ), #2528, .T. ) ;
#3177 = FACE_OUTER_BOUND ( 'NONE', #3254, .T. ) ;
#3178 = DIRECTION ( 'NONE',  ( 0.0000000000000000000, 0.0000000000000000000, -1.000000000000000000 ) ) ;
#3179 = EDGE_LOOP ( 'NONE', ( #2393, #357, #2402, #1275 ) ) ;
#3180 = ORIENTED_EDGE ( 'NONE', *, *, #921, .T. ) ;
#3181 = VECTOR ( 'NONE', #2480, 1000.000000000000000 ) ;
#3182 = ORIENTED_EDGE ( 'NONE', *, *, #43, .F. ) ;
#3183 = DIRECTION ( 'NONE',  ( -0.0000000000000000000, -1.000000000000000000, 0.0000000000000000000 ) ) ;
#3184 = ORIENTED_EDGE ( 'NONE', *, *, #883, .F. ) ;
#3185 = LINE ( 'NONE', #2185, #1997 ) ;
#3186 = LINE ( 'NONE', #167, #1880 ) ;
#3187 = ORIENTED_EDGE ( 'NONE', *, *, #1161, .T. ) ;
#3188 = LINE ( 'NONE', #485, #2337 ) ;
#3189 = DIRECTION ( 'NONE',  ( 0.0000000000000000000, 0.0000000000000000000, -1.000000000000000000 ) ) ;
#3190 = EDGE_CURVE ( 'NONE', #1944, #2041, #1438, .T. ) ;
#3191 = VECTOR ( 'NONE', #2349, 1000.000000000000000 ) ;
#3192 = DIRECTION ( 'NONE',  ( 1.000000000000000000, -0.0000000000000000000, -1.445602896647339200E-016 ) ) ;
#3193 = DIRECTION ( 'NONE',  ( 0.0000000000000000000, 0.0000000000000000000, 1.000000000000000000 ) ) ;
#3194 = LINE ( 'NONE', #477, #1370 ) ;
#3195 = DIRECTION ( 'NONE',  ( 1.000000000000000000, 0.0000000000000000000, 0.0000000000000000000 ) ) ;
#3196 = EDGE_CURVE ( 'NONE', #1316, #1542, #2761, .T. ) ;
#3197 = DIRECTION ( 'NONE',  ( 0.0000000000000000000, 0.0000000000000000000, 1.000000000000000000 ) ) ;
#3198 = LINE ( 'NONE', #2858, #1745 ) ;
#3199 = CARTESIAN_POINT ( 'NONE',  ( -1.214904624038740400, 0.4999999999999998900, -0.7749247067280264900 ) ) ;
#3200 =( GEOMETRIC_REPRESENTATION_CONTEXT ( 3 ) GLOBAL_UNCERTAINTY_ASSIGNED_CONTEXT ( ( #2158 ) ) GLOBAL_UNIT_ASSIGNED_CONTEXT ( ( #2986, #3248, #711 ) ) REPRESENTATION_CONTEXT ( 'NONE', 'WORKASPACE' ) );
#3201 = CARTESIAN_POINT ( 'NONE',  ( 1.399999999999999700, 0.1499999999999999900, 0.8750000000000001100 ) ) ;
#3202 = SURFACE_STYLE_USAGE ( .BOTH. , #1180 ) ;
#3203 = CARTESIAN_POINT ( 'NONE',  ( -0.09999999999999982500, 0.1499999999999999700, 0.8000000000000006000 ) ) ;
#3204 = DIRECTION ( 'NONE',  ( 0.0000000000000000000, 0.0000000000000000000, 1.000000000000000000 ) ) ;
#3205 = ORIENTED_EDGE ( 'NONE', *, *, #2385, .F. ) ;
#3206 = CARTESIAN_POINT ( 'NONE',  ( 1.399999999999999700, 0.05000000000000000300, 0.6250000000000001100 ) ) ;
#3207 = ORIENTED_EDGE ( 'NONE', *, *, #1410, .T. ) ;
#3208 = EDGE_CURVE ( 'NONE', #3308, #878, #522, .T. ) ;
#3209 = CARTESIAN_POINT ( 'NONE',  ( -1.175000000000000500, 0.1499999999999999900, -0.7499999999999998900 ) ) ;
#3210 = DIRECTION ( 'NONE',  ( 0.0000000000000000000, -1.000000000000000000, 0.0000000000000000000 ) ) ;
#3211 = EDGE_LOOP ( 'NONE', ( #1478, #1954, #2557, #2911 ) ) ;
#3212 = PLANE ( 'NONE',  #1030 ) ;
#3213 = VERTEX_POINT ( 'NONE', #2762 ) ;
#3214 = DIRECTION ( 'NONE',  ( 0.0000000000000000000, 0.0000000000000000000, -1.000000000000000000 ) ) ;
#3215 = EDGE_LOOP ( 'NONE', ( #3143, #2399, #2170, #181 ) ) ;
#3216 = CARTESIAN_POINT ( 'NONE',  ( -1.175000000000000500, 0.0000000000000000000, -0.2499999999999998900 ) ) ;
#3217 = PLANE ( 'NONE',  #2014 ) ;
#3218 = EDGE_LOOP ( 'NONE', ( #942, #1558 ) ) ;
#3219 = ORIENTED_EDGE ( 'NONE', *, *, #1022, .F. ) ;
#3220 = LINE ( 'NONE', #1179, #1010 ) ;
#3221 = CARTESIAN_POINT ( 'NONE',  ( -1.399999999999999700, 0.5801162633521307300, 0.8750000000000001100 ) ) ;
#3222 = CARTESIAN_POINT ( 'NONE',  ( 1.175000000000000500, 0.1499999999999999900, -0.6249999999999998900 ) ) ;
#3223 = VERTEX_POINT ( 'NONE', #3047 ) ;
#3224 = LINE ( 'NONE', #1525, #1569 ) ;
#3225 = LINE ( 'NONE', #1402, #705 ) ;
#3226 = CARTESIAN_POINT ( 'NONE',  ( 0.0000000000000000000, 0.1499999999999999700, 0.6250000000000001100 ) ) ;
#3227 = DIRECTION ( 'NONE',  ( 0.0000000000000000000, 1.000000000000000000, -0.0000000000000000000 ) ) ;
#3228 = DIRECTION ( 'NONE',  ( 1.000000000000000000, 0.0000000000000000000, 0.0000000000000000000 ) ) ;
#3229 = VERTEX_POINT ( 'NONE', #1466 ) ;
#3230 = VECTOR ( 'NONE', #2785, 1000.000000000000000 ) ;
#3231 = CYLINDRICAL_SURFACE ( 'NONE', #821, 0.1250000000000000000 ) ;
#3232 =( NAMED_UNIT ( * ) SI_UNIT ( $, .STERADIAN. ) SOLID_ANGLE_UNIT ( ) );
#3233 = VERTEX_POINT ( 'NONE', #505 ) ;
#3234 = EDGE_CURVE ( 'NONE', #1977, #2588, #2636, .T. ) ;
#3235 = LINE ( 'NONE', #936, #2252 ) ;
#3236 = DIRECTION ( 'NONE',  ( 0.0000000000000000000, 0.0000000000000000000, -1.000000000000000000 ) ) ;
#3237 = VECTOR ( 'NONE', #324, 1000.000000000000000 ) ;
#3238 = ORIENTED_EDGE ( 'NONE', *, *, #3252, .F. ) ;
#3239 = CARTESIAN_POINT ( 'NONE',  ( -1.175000000000000500, 0.1499999999999999700, -0.1249999999999998900 ) ) ;
#3240 = EDGE_CURVE ( 'NONE', #3223, #2915, #3288, .T. ) ;
#3241 = CARTESIAN_POINT ( 'NONE',  ( -1.175000000000000500, 0.0000000000000000000, 0.7500000000000001100 ) ) ;
#3242 = DIRECTION ( 'NONE',  ( -0.0000000000000000000, -1.000000000000000000, -0.0000000000000000000 ) ) ;
#3243 = COLOUR_RGB ( '',0.7921568627450980000, 0.8196078431372548800, 0.9333333333333333500 ) ;
#3244 =( LENGTH_UNIT ( ) NAMED_UNIT ( * ) SI_UNIT ( .MILLI., .METRE. ) );
#3245 = ORIENTED_EDGE ( 'NONE', *, *, #2837, .F. ) ;
#3246 = CARTESIAN_POINT ( 'NONE',  ( 1.175000000000000500, 0.1499999999999999700, 0.8750000000000001100 ) ) ;
#3247 = AXIS2_PLACEMENT_3D ( 'NONE', #39, #2055, #1067 ) ;
#3248 =( NAMED_UNIT ( * ) PLANE_ANGLE_UNIT ( ) SI_UNIT ( $, .RADIAN. ) );
#3249 = STYLED_ITEM ( 'NONE', ( #532 ), #1290 ) ;
#3250 = ORIENTED_EDGE ( 'NONE', *, *, #3125, .T. ) ;
#3251 = ORIENTED_EDGE ( 'NONE', *, *, #978, .T. ) ;
#3252 = EDGE_CURVE ( 'NONE', #2288, #8, #855, .T. ) ;
#3253 = DIRECTION ( 'NONE',  ( -5.421010862427525100E-016, 0.0000000000000000000, 1.000000000000000000 ) ) ;
#3254 = EDGE_LOOP ( 'NONE', ( #1667, #1484 ) ) ;
#3255 = PLANE ( 'NONE',  #528 ) ;
#3256 = ORIENTED_EDGE ( 'NONE', *, *, #1588, .T. ) ;
#3257 = PLANE ( 'NONE',  #233 ) ;
#3258 = DIRECTION ( 'NONE',  ( 0.0000000000000000000, 0.0000000000000000000, 1.000000000000000000 ) ) ;
#3259 = ORIENTED_EDGE ( 'NONE', *, *, #1022, .T. ) ;
#3260 = FACE_OUTER_BOUND ( 'NONE', #643, .T. ) ;
#3261 = EDGE_CURVE ( 'NONE', #716, #1177, #2403, .T. ) ;
#3262 = DIRECTION ( 'NONE',  ( -0.0000000000000000000, -1.000000000000000000, 0.0000000000000000000 ) ) ;
#3263 = CARTESIAN_POINT ( 'NONE',  ( 1.175000000000000500, 0.0000000000000000000, 0.2500000000000001100 ) ) ;
#3264 = VECTOR ( 'NONE', #437, 1000.000000000000000 ) ;
#3265 = STYLED_ITEM ( 'NONE', ( #1889 ), #534 ) ;
#3266 = LINE ( 'NONE', #3280, #1956 ) ;
#3267 = DIRECTION ( 'NONE',  ( -0.0000000000000000000, 0.0000000000000000000, -1.000000000000000000 ) ) ;
#3268 = CIRCLE ( 'NONE', #648, 0.1250000000000000000 ) ;
#3269 = ORIENTED_EDGE ( 'NONE', *, *, #2899, .F. ) ;
#3270 = CARTESIAN_POINT ( 'NONE',  ( -1.500000000000000000, 0.5999999999999998700, -0.9999999999999995600 ) ) ;
#3271 = DIRECTION ( 'NONE',  ( 1.000000000000000000, 0.0000000000000000000, 0.0000000000000000000 ) ) ;
#3272 = CARTESIAN_POINT ( 'NONE',  ( 0.0000000000000000000, 0.1499999999999999700, -0.1249999999999998900 ) ) ;
#3273 = CARTESIAN_POINT ( 'NONE',  ( 0.1000000000000000500, 0.1499999999999999700, 0.8000000000000003800 ) ) ;
#3274 = VECTOR ( 'NONE', #2503, 1000.000000000000000 ) ;
#3275 = MANIFOLD_SOLID_BREP ( 'LPattern2[5]', #1797 ) ;
#3276 = CARTESIAN_POINT ( 'NONE',  ( -1.175000000000000500, 0.1499999999999999700, 0.3750000000000001100 ) ) ;
#3277 = VECTOR ( 'NONE', #3095, 1000.000000000000000 ) ;
#3278 = DIRECTION ( 'NONE',  ( 0.0000000000000000000, -1.000000000000000000, 0.0000000000000000000 ) ) ;
#3279 = DIRECTION ( 'NONE',  ( 0.0000000000000000000, -1.000000000000000000, 0.0000000000000000000 ) ) ;
#3280 = CARTESIAN_POINT ( 'NONE',  ( 1.399999999999999700, 0.05000000000000000300, 1.500000000000000000 ) ) ;
#3281 = AXIS2_PLACEMENT_3D ( 'NONE', #1723, #1771, #1488 ) ;
#3282 = ORIENTED_EDGE ( 'NONE', *, *, #2994, .F. ) ;
#3283 = CARTESIAN_POINT ( 'NONE',  ( -1.175000000000000500, 0.0000000000000000000, 0.6250000000000001100 ) ) ;
#3284 = CARTESIAN_POINT ( 'NONE',  ( -1.399999999999999700, 0.1499999999999999900, -0.3749999999999998900 ) ) ;
#3285 = EDGE_LOOP ( 'NONE', ( #1355, #670, #2443, #962 ) ) ;
#3286 = CARTESIAN_POINT ( 'NONE',  ( -1.399999999999999700, 0.5801162633521307300, -0.1249999999999998900 ) ) ;
#3287 = EDGE_CURVE ( 'NONE', #2772, #3290, #769, .T. ) ;
#3288 = LINE ( 'NONE', #2311, #701 ) ;
#3289 = ADVANCED_FACE ( 'NONE', ( #2316 ), #806, .F. ) ;
#3290 = VERTEX_POINT ( 'NONE', #2795 ) ;
#3291 = VERTEX_POINT ( 'NONE', #3273 ) ;
#3292 = VECTOR ( 'NONE', #85, 1000.000000000000000 ) ;
#3293 = CARTESIAN_POINT ( 'NONE',  ( 1.175000000000000500, 0.1499999999999999700, -0.1249999999999998900 ) ) ;
#3294 = SURFACE_SIDE_STYLE ('',( #2893 ) ) ;
#3295 = VERTEX_POINT ( 'NONE', #2855 ) ;
#3296 = VECTOR ( 'NONE', #3122, 1000.000000000000000 ) ;
#3297 = VECTOR ( 'NONE', #2842, 1000.000000000000000 ) ;
#3298 = CARTESIAN_POINT ( 'NONE',  ( -1.399999999999999700, 0.0000000000000000000, 0.3750000000000001100 ) ) ;
#3299 = DIRECTION ( 'NONE',  ( -0.0000000000000000000, -1.000000000000000000, -0.0000000000000000000 ) ) ;
#3300 = ORIENTED_EDGE ( 'NONE', *, *, #1184, .T. ) ;
#3301 = LINE ( 'NONE', #2478, #1729 ) ;
#3302 = FACE_OUTER_BOUND ( 'NONE', #3285, .T. ) ;
#3303 = EDGE_LOOP ( 'NONE', ( #2722, #2137, #326, #2778 ) ) ;
#3304 = AXIS2_PLACEMENT_3D ( 'NONE', #3124, #538, #739 ) ;
#3305 = ORIENTED_EDGE ( 'NONE', *, *, #2619, .T. ) ;
#3306 = DIRECTION ( 'NONE',  ( 0.0000000000000000000, -0.0000000000000000000, -1.000000000000000000 ) ) ;
#3307 = LINE ( 'NONE', #3060, #2423 ) ;
#3308 = VERTEX_POINT ( 'NONE', #771 ) ;
#3309 = ADVANCED_FACE ( 'NONE', ( #2189 ), #540, .T. ) ;
#3310 = VECTOR ( 'NONE', #1700, 1000.000000000000000 ) ;
#3311 = DIRECTION ( 'NONE',  ( -0.0000000000000000000, -0.0000000000000000000, 1.000000000000000000 ) ) ;
#3312 = EDGE_CURVE ( 'NONE', #1118, #968, #3004, .T. ) ;
#3313 = VERTEX_POINT ( 'NONE', #3064 ) ;
#3314 = CARTESIAN_POINT ( 'NONE',  ( -1.175000000000000500, 0.1499999999999999900, 0.6250000000000001100 ) ) ;
#3315 = EDGE_CURVE ( 'NONE', #1989, #3042, #323, .T. ) ;
#3316 = DIRECTION ( 'NONE',  ( -0.0000000000000000000, -1.000000000000000000, -0.0000000000000000000 ) ) ;
ENDSEC;
END-ISO-10303-21;
