ISO-10303-21;
HEADER;
FILE_DESCRIPTION (( 'STEP AP214' ),
    '1' );
FILE_NAME ('STCC4-D-R3.STEP',
    '2026-01-20T09:59:02',
    ( '' ),
    ( '' ),
    'SwSTEP 2.0',
    'SolidWorks 2024',
    '' );
FILE_SCHEMA (( 'AUTOMOTIVE_DESIGN' ));
ENDSEC;

DATA;
#1 = VERTEX_POINT ( 'NONE', #2167 ) ;
#2 = DIRECTION ( 'NONE',  ( 0.000000000000000000, 1.668003342285392044E-16, -1.000000000000000000 ) ) ;
#3 = CYLINDRICAL_SURFACE ( 'NONE', #3614, 0.2999999999999999334 ) ;
#4 = EDGE_LOOP ( 'NONE', ( #1267, #1300, #773, #187 ) ) ;
#5 =( NAMED_UNIT ( * ) SI_UNIT ( $, .STERADIAN. ) SOLID_ANGLE_UNIT ( ) );
#6 = LINE ( 'NONE', #3126, #3565 ) ;
#7 = EDGE_CURVE ( 'NONE', #2379, #1741, #2586, .T. ) ;
#8 = ORIENTED_EDGE ( 'NONE', *, *, #3725, .F. ) ;
#9 = ORIENTED_EDGE ( 'NONE', *, *, #403, .F. ) ;
#10 = DIRECTION ( 'NONE',  ( 0.000000000000000000, -1.000000000000000000, 0.000000000000000000 ) ) ;
#11 = PRESENTATION_STYLE_ASSIGNMENT (( #4496 ) ) ;
#12 = ADVANCED_FACE ( 'NONE', ( #2241 ), #3644, .F. ) ;
#13 = DIRECTION ( 'NONE',  ( 0.000000000000000000, 0.000000000000000000, 1.000000000000000000 ) ) ;
#14 = EDGE_LOOP ( 'NONE', ( #2764, #4235, #2706, #1696 ) ) ;
#15 =( NAMED_UNIT ( * ) PLANE_ANGLE_UNIT ( ) SI_UNIT ( $, .RADIAN. ) );
#16 = ADVANCED_FACE ( 'NONE', ( #4045 ), #3002, .F. ) ;
#17 = LINE ( 'NONE', #1011, #4172 ) ;
#18 = ADVANCED_FACE ( 'NONE', ( #601 ), #4072, .F. ) ;
#19 = DIRECTION ( 'NONE',  ( 1.000000000000000000, 0.000000000000000000, 0.000000000000000000 ) ) ;
#20 = EDGE_CURVE ( 'NONE', #2100, #4463, #3912, .T. ) ;
#21 = DIRECTION ( 'NONE',  ( -1.000000000000000000, -0.000000000000000000, -0.000000000000000000 ) ) ;
#22 = EDGE_CURVE ( 'NONE', #2502, #2108, #3266, .T. ) ;
#23 = FACE_OUTER_BOUND ( 'NONE', #1543, .T. ) ;
#24 = ORIENTED_EDGE ( 'NONE', *, *, #4295, .T. ) ;
#25 = DIRECTION ( 'NONE',  ( 0.000000000000000000, 6.505213034913024237E-15, 1.000000000000000000 ) ) ;
#26 = DIRECTION ( 'NONE',  ( 1.000000000000000000, -0.000000000000000000, -0.000000000000000000 ) ) ;
#27 = ORIENTED_EDGE ( 'NONE', *, *, #2222, .F. ) ;
#28 = ORIENTED_EDGE ( 'NONE', *, *, #3850, .T. ) ;
#29 = VERTEX_POINT ( 'NONE', #1940 ) ;
#30 = LINE ( 'NONE', #1831, #1711 ) ;
#31 = ADVANCED_FACE ( 'NONE', ( #3193 ), #3954, .T. ) ;
#32 = AXIS2_PLACEMENT_3D ( 'NONE', #2466, #742, #1774 ) ;
#33 = AXIS2_PLACEMENT_3D ( 'NONE', #308, #648, #578 ) ;
#34 = VECTOR ( 'NONE', #1222, 1000.000000000000000 ) ;
#35 = CARTESIAN_POINT ( 'NONE',  ( 1.080000000000000071, -1.300000000000000488, -0.6999999999999994005 ) ) ;
#36 = CARTESIAN_POINT ( 'NONE',  ( 0.08999999999999999667, -1.199999999999999289, -0.3249999999999997891 ) ) ;
#37 = LINE ( 'NONE', #1388, #1288 ) ;
#38 = UNCERTAINTY_MEASURE_WITH_UNIT (LENGTH_MEASURE( 1.000000000000000082E-05 ), #2367, 'distance_accuracy_value', 'NONE');
#39 = AXIS2_PLACEMENT_3D ( 'NONE', #2699, #1643, #2039 ) ;
#40 = FACE_OUTER_BOUND ( 'NONE', #1648, .T. ) ;
#41 = CYLINDRICAL_SURFACE ( 'NONE', #32, 0.09999999999999999167 ) ;
#42 = LINE ( 'NONE', #2120, #2001 ) ;
#43 = ORIENTED_EDGE ( 'NONE', *, *, #1739, .T. ) ;
#44 = VERTEX_POINT ( 'NONE', #2909 ) ;
#45 = DIRECTION ( 'NONE',  ( -1.000000000000000000, -0.000000000000000000, -0.000000000000000000 ) ) ;
#46 = COLOUR_RGB ( '',0.1098039215686274495, 0.1098039215686274495, 0.1098039215686274495 ) ;
#47 = DIRECTION ( 'NONE',  ( 0.000000000000000000, 3.336006684570784088E-16, -1.000000000000000000 ) ) ;
#48 = VERTEX_POINT ( 'NONE', #2237 ) ;
#49 = ORIENTED_EDGE ( 'NONE', *, *, #2232, .F. ) ;
#50 = PRODUCT_DEFINITION_CONTEXT ( 'detailed design', #3141, 'design' ) ;
#51 = SURFACE_STYLE_FILL_AREA ( #3158 ) ;
#52 = AXIS2_PLACEMENT_3D ( 'NONE', #1030, #3468, #329 ) ;
#53 = VECTOR ( 'NONE', #1155, 1000.000000000000000 ) ;
#54 = PLANE ( 'NONE',  #537 ) ;
#55 = DIRECTION ( 'NONE',  ( -0.000000000000000000, 1.000000000000000000, 0.000000000000000000 ) ) ;
#56 = EDGE_CURVE ( 'NONE', #2646, #1393, #1921, .T. ) ;
#57 = AXIS2_PLACEMENT_3D ( 'NONE', #753, #1743, #432 ) ;
#58 = CARTESIAN_POINT ( 'NONE',  ( 0.08999999999999999667, 1.474999999999999423, -0.6999999999999999556 ) ) ;
#59 = ORIENTED_EDGE ( 'NONE', *, *, #1133, .T. ) ;
#60 = DIRECTION ( 'NONE',  ( -1.000000000000000000, 0.000000000000000000, -0.000000000000000000 ) ) ;
#61 = VECTOR ( 'NONE', #1924, 1000.000000000000000 ) ;
#62 = EDGE_CURVE ( 'NONE', #4382, #1536, #3833, .T. ) ;
#63 = VECTOR ( 'NONE', #2047, 1000.000000000000000 ) ;
#64 = DIRECTION ( 'NONE',  ( 1.000000000000000000, -0.000000000000000000, -0.000000000000000000 ) ) ;
#65 = DIRECTION ( 'NONE',  ( -1.000000000000000000, -0.000000000000000000, -0.000000000000000000 ) ) ;
#66 =( NAMED_UNIT ( * ) PLANE_ANGLE_UNIT ( ) SI_UNIT ( $, .RADIAN. ) );
#67 = VERTEX_POINT ( 'NONE', #3243 ) ;
#68 = DIRECTION ( 'NONE',  ( 0.000000000000000000, -0.000000000000000000, 1.000000000000000000 ) ) ;
#69 = ORIENTED_EDGE ( 'NONE', *, *, #1276, .F. ) ;
#70 = ORIENTED_EDGE ( 'NONE', *, *, #3506, .F. ) ;
#71 = CARTESIAN_POINT ( 'NONE',  ( 1.080000000000000071, 1.400000000000000355, -0.9000000000000002442 ) ) ;
#72 = EDGE_LOOP ( 'NONE', ( #2667, #1623, #373, #3837 ) ) ;
#73 = EDGE_CURVE ( 'NONE', #3298, #365, #3978, .T. ) ;
#74 = VERTEX_POINT ( 'NONE', #3612 ) ;
#75 = ORIENTED_EDGE ( 'NONE', *, *, #1670, .T. ) ;
#76 = FACE_OUTER_BOUND ( 'NONE', #4233, .T. ) ;
#77 = ADVANCED_FACE ( 'NONE', ( #496 ), #1869, .F. ) ;
#78 = ORIENTED_EDGE ( 'NONE', *, *, #3417, .T. ) ;
#79 = DIRECTION ( 'NONE',  ( 0.000000000000000000, 0.000000000000000000, -1.000000000000000000 ) ) ;
#80 = VECTOR ( 'NONE', #3113, 1000.000000000000000 ) ;
#81 = PLANE ( 'NONE',  #1613 ) ;
#82 = MANIFOLD_SOLID_BREP ( 'Boss-Extrude5[7]', #1071 ) ;
#83 = VECTOR ( 'NONE', #1377, 1000.000000000000000 ) ;
#84 = CARTESIAN_POINT ( 'NONE',  ( 0.08999999999999999667, 1.200000000000000178, -0.3249999999999997891 ) ) ;
#85 = DIRECTION ( 'NONE',  ( 0.000000000000000000, 0.000000000000000000, -1.000000000000000000 ) ) ;
#86 = CARTESIAN_POINT ( 'NONE',  ( 1.080000000000000071, 1.084973857298660693, 0.6080316218280389373 ) ) ;
#87 = EDGE_CURVE ( 'NONE', #1147, #638, #1961, .T. ) ;
#88 = CARTESIAN_POINT ( 'NONE',  ( 0.08999999999999999667, -0.8250000000000003997, 1.350000000000000533 ) ) ;
#89 = SURFACE_STYLE_FILL_AREA ( #3196 ) ;
#90 = ORIENTED_EDGE ( 'NONE', *, *, #1291, .F. ) ;
#91 = ADVANCED_FACE ( 'NONE', ( #3639 ), #3734, .F. ) ;
#92 = DIRECTION ( 'NONE',  ( 0.000000000000000000, 0.000000000000000000, 1.000000000000000000 ) ) ;
#93 = ORIENTED_EDGE ( 'NONE', *, *, #22, .T. ) ;
#94 = ORIENTED_EDGE ( 'NONE', *, *, #3622, .F. ) ;
#95 = ORIENTED_EDGE ( 'NONE', *, *, #3951, .T. ) ;
#96 = DIRECTION ( 'NONE',  ( -1.000000000000000000, -0.000000000000000000, -0.000000000000000000 ) ) ;
#97 = DIRECTION ( 'NONE',  ( 0.000000000000000000, 0.000000000000000000, -1.000000000000000000 ) ) ;
#98 = DIRECTION ( 'NONE',  ( 0.000000000000000000, 1.000000000000000000, 0.000000000000000000 ) ) ;
#99 = AXIS2_PLACEMENT_3D ( 'NONE', #874, #3305, #3692 ) ;
#100 = SURFACE_STYLE_USAGE ( .BOTH. , #2179 ) ;
#101 = VERTEX_POINT ( 'NONE', #1025 ) ;
#102 = CARTESIAN_POINT ( 'NONE',  ( 1.080000000000000071, -1.700000000000000844, 0.8999999999999981348 ) ) ;
#103 = VECTOR ( 'NONE', #2213, 1000.000000000000000 ) ;
#104 = LINE ( 'NONE', #1483, #3543 ) ;
#105 = CARTESIAN_POINT ( 'NONE',  ( 0.000000000000000000, -0.8250000000000003997, -0.6999999999999999556 ) ) ;
#106 = LINE ( 'NONE', #4339, #34 ) ;
#107 = AXIS2_PLACEMENT_3D ( 'NONE', #4304, #2890, #4367 ) ;
#108 = PLANE ( 'NONE',  #3373 ) ;
#109 = SURFACE_SIDE_STYLE ('',( #3916 ) ) ;
#110 = AXIS2_PLACEMENT_3D ( 'NONE', #2514, #1818, #805 ) ;
#111 = AXIS2_PLACEMENT_3D ( 'NONE', #1168, #55, #3882 ) ;
#112 = CARTESIAN_POINT ( 'NONE',  ( 0.08999999999999999667, 1.850000000000000089, -0.3249999999999998446 ) ) ;
#113 = DIRECTION ( 'NONE',  ( 0.000000000000000000, -3.336006684570783101E-16, 1.000000000000000000 ) ) ;
#114 = VERTEX_POINT ( 'NONE', #1984 ) ;
#115 = ORIENTED_EDGE ( 'NONE', *, *, #2668, .F. ) ;
#116 = CARTESIAN_POINT ( 'NONE',  ( 0.000000000000000000, -0.8250000000000003997, -1.350000000000000089 ) ) ;
#117 = VECTOR ( 'NONE', #4160, 1000.000000000000000 ) ;
#118 = PLANE ( 'NONE',  #158 ) ;
#119 = EDGE_CURVE ( 'NONE', #849, #312, #1379, .T. ) ;
#120 = CARTESIAN_POINT ( 'NONE',  ( 0.08999999999999999667, 0.3249999999999995670, 1.350000000000000533 ) ) ;
#121 = EDGE_LOOP ( 'NONE', ( #1075, #1649 ) ) ;
#122 = EDGE_LOOP ( 'NONE', ( #115, #1578, #3408, #147 ) ) ;
#123 = ORIENTED_EDGE ( 'NONE', *, *, #4059, .F. ) ;
#124 = PRESENTATION_STYLE_ASSIGNMENT (( #1120 ) ) ;
#125 = ORIENTED_EDGE ( 'NONE', *, *, #3563, .T. ) ;
#126 =( NAMED_UNIT ( * ) PLANE_ANGLE_UNIT ( ) SI_UNIT ( $, .RADIAN. ) );
#127 = VECTOR ( 'NONE', #3403, 1000.000000000000000 ) ;
#128 = STYLED_ITEM ( 'NONE', ( #3148 ), #3018 ) ;
#129 = AXIS2_PLACEMENT_3D ( 'NONE', #3036, #4099, #3110 ) ;
#130 = SURFACE_STYLE_FILL_AREA ( #1837 ) ;
#131 = MECHANICAL_DESIGN_GEOMETRIC_PRESENTATION_REPRESENTATION (  '', ( #4126 ), #2299 ) ;
#132 = CARTESIAN_POINT ( 'NONE',  ( 0.000000000000000000, 0.8249999999999997335, -1.350000000000000089 ) ) ;
#133 = DIRECTION ( 'NONE',  ( 0.000000000000000000, 1.000000000000000000, 0.000000000000000000 ) ) ;
#134 = SURFACE_STYLE_FILL_AREA ( #1508 ) ;
#135 = DIRECTION ( 'NONE',  ( 0.000000000000000000, 0.000000000000000000, 1.000000000000000000 ) ) ;
#136 = UNCERTAINTY_MEASURE_WITH_UNIT (LENGTH_MEASURE( 1.000000000000000082E-05 ), #3908, 'distance_accuracy_value', 'NONE');
#137 = EDGE_CURVE ( 'NONE', #209, #3106, #1720, .T. ) ;
#138 = STYLED_ITEM ( 'NONE', ( #4297 ), #1723 ) ;
#139 = DIRECTION ( 'NONE',  ( 0.000000000000000000, -0.000000000000000000, 1.000000000000000000 ) ) ;
#140 = DIRECTION ( 'NONE',  ( 0.000000000000000000, 0.7071067811865474617, -0.7071067811865474617 ) ) ;
#141 = DIRECTION ( 'NONE',  ( -0.000000000000000000, 1.000000000000000000, -0.000000000000000000 ) ) ;
#142 = LINE ( 'NONE', #2191, #982 ) ;
#143 = VECTOR ( 'NONE', #939, 1000.000000000000000 ) ;
#144 = CARTESIAN_POINT ( 'NONE',  ( 0.08999999999999999667, 0.3249999999999995670, -1.350000000000000089 ) ) ;
#145 = LINE ( 'NONE', #1187, #732 ) ;
#146 = ORIENTED_EDGE ( 'NONE', *, *, #87, .T. ) ;
#147 = ORIENTED_EDGE ( 'NONE', *, *, #2892, .F. ) ;
#148 = VERTEX_POINT ( 'NONE', #2671 ) ;
#149 = EDGE_CURVE ( 'NONE', #3394, #1292, #3056, .T. ) ;
#150 = CARTESIAN_POINT ( 'NONE',  ( 0.7800000000000001377, -1.400000000000000799, 0.9000000000000002442 ) ) ;
#151 = FACE_OUTER_BOUND ( 'NONE', #2798, .T. ) ;
#152 = ORIENTED_EDGE ( 'NONE', *, *, #3130, .F. ) ;
#153 = EDGE_CURVE ( 'NONE', #1047, #3775, #972, .T. ) ;
#154 = ADVANCED_FACE ( 'NONE', ( #3011 ), #4124, .F. ) ;
#155 = CARTESIAN_POINT ( 'NONE',  ( 0.08999999999999999667, 1.274999999999999467, 1.350000000000000533 ) ) ;
#156 = CARTESIAN_POINT ( 'NONE',  ( 0.08999999999999999667, -1.475000000000000089, -1.350000000000000089 ) ) ;
#157 =( NAMED_UNIT ( * ) SI_UNIT ( $, .STERADIAN. ) SOLID_ANGLE_UNIT ( ) );
#158 = AXIS2_PLACEMENT_3D ( 'NONE', #3497, #2868, #1494 ) ;
#159 = EDGE_CURVE ( 'NONE', #2075, #2872, #2690, .T. ) ;
#160 = CIRCLE ( 'NONE', #4149, 0.3999999999999999667 ) ;
#161 = CARTESIAN_POINT ( 'NONE',  ( 0.000000000000000000, 1.274999999999999467, 1.350000000000000533 ) ) ;
#162 = CARTESIAN_POINT ( 'NONE',  ( 0.7800000000000001377, 1.399999999999998357, 1.200000000000000178 ) ) ;
#163 = EDGE_LOOP ( 'NONE', ( #1847, #4141, #3726, #3482, #1653 ) ) ;
#164 = EDGE_CURVE ( 'NONE', #4488, #1447, #1673, .T. ) ;
#165 = CARTESIAN_POINT ( 'NONE',  ( 1.080000000000000071, -1.400000000000000799, 1.200000000000000178 ) ) ;
#166 = LINE ( 'NONE', #1594, #2389 ) ;
#167 = EDGE_LOOP ( 'NONE', ( #4264, #1674 ) ) ;
#168 = ORIENTED_EDGE ( 'NONE', *, *, #3725, .T. ) ;
#169 = VERTEX_POINT ( 'NONE', #1002 ) ;
#170 = CARTESIAN_POINT ( 'NONE',  ( 1.169999999999999929, 0.2999999999999996003, 0.6999999999999992895 ) ) ;
#171 = FACE_OUTER_BOUND ( 'NONE', #2156, .T. ) ;
#172 = EDGE_LOOP ( 'NONE', ( #812, #1652, #1668, #790 ) ) ;
#173 = FACE_OUTER_BOUND ( 'NONE', #3501, .T. ) ;
#174 = FILL_AREA_STYLE_COLOUR ( '', #4350 ) ;
#175 = SURFACE_STYLE_USAGE ( .BOTH. , #3286 ) ;
#176 = CARTESIAN_POINT ( 'NONE',  ( 1.080000000000000071, 0.1999999999999997058, -0.7000000000000000666 ) ) ;
#177 = ADVANCED_FACE ( 'NONE', ( #4081 ), #1048, .F. ) ;
#178 = COLOUR_RGB ( '',0.1098039215686274495, 0.1098039215686274495, 0.1098039215686274495 ) ;
#179 = FACE_OUTER_BOUND ( 'NONE', #163, .T. ) ;
#180 = CARTESIAN_POINT ( 'NONE',  ( 0.08999999999999999667, 0.8249999999999997335, -1.350000000000000089 ) ) ;
#181 = LINE ( 'NONE', #1205, #4392 ) ;
#182 = AXIS2_PLACEMENT_3D ( 'NONE', #1204, #2889, #3980 ) ;
#183 = LINE ( 'NONE', #1823, #404 ) ;
#184 = VECTOR ( 'NONE', #2660, 1000.000000000000000 ) ;
#185 = VECTOR ( 'NONE', #1644, 1000.000000000000000 ) ;
#186 = FACE_OUTER_BOUND ( 'NONE', #1113, .T. ) ;
#187 = ORIENTED_EDGE ( 'NONE', *, *, #1975, .T. ) ;
#188 = VERTEX_POINT ( 'NONE', #2429 ) ;
#189 = ORIENTED_EDGE ( 'NONE', *, *, #4316, .F. ) ;
#190 = EDGE_CURVE ( 'NONE', #48, #3231, #3780, .T. ) ;
#191 = PRESENTATION_LAYER_ASSIGNMENT (  '', '', ( #3969 ) ) ;
#192 = LINE ( 'NONE', #4356, #2037 ) ;
#193 = FILL_AREA_STYLE ('',( #532 ) ) ;
#194 = ORIENTED_EDGE ( 'NONE', *, *, #202, .T. ) ;
#195 = STYLED_ITEM ( 'NONE', ( #2117 ), #389 ) ;
#196 = LINE ( 'NONE', #857, #1787 ) ;
#197 = MANIFOLD_SOLID_BREP ( 'Boss-Extrude5[8]', #488 ) ;
#198 = EDGE_CURVE ( 'NONE', #2851, #2028, #4091, .T. ) ;
#199 = DIRECTION ( 'NONE',  ( 1.000000000000000000, 0.000000000000000000, 0.000000000000000000 ) ) ;
#200 =( GEOMETRIC_REPRESENTATION_CONTEXT ( 3 ) GLOBAL_UNCERTAINTY_ASSIGNED_CONTEXT ( ( #2444 ) ) GLOBAL_UNIT_ASSIGNED_CONTEXT ( ( #4349, #3646, #3624 ) ) REPRESENTATION_CONTEXT ( 'NONE', 'WORKASPACE' ) );
#201 = DIRECTION ( 'NONE',  ( -1.000000000000000000, 0.000000000000000000, 0.000000000000000000 ) ) ;
#202 = EDGE_CURVE ( 'NONE', #2310, #4169, #267, .T. ) ;
#203 = AXIS2_PLACEMENT_3D ( 'NONE', #1528, #1509, #4318 ) ;
#204 = DIRECTION ( 'NONE',  ( -0.000000000000000000, -1.000000000000000000, -0.000000000000000000 ) ) ;
#205 = LINE ( 'NONE', #4303, #103 ) ;
#206 = VECTOR ( 'NONE', #3334, 1000.000000000000000 ) ;
#207 = CARTESIAN_POINT ( 'NONE',  ( 0.000000000000000000, 0.8249999999999997335, 1.350000000000000533 ) ) ;
#208 = ORIENTED_EDGE ( 'NONE', *, *, #1998, .F. ) ;
#209 = VERTEX_POINT ( 'NONE', #1311 ) ;
#210 = ORIENTED_EDGE ( 'NONE', *, *, #979, .F. ) ;
#211 = COLOUR_RGB ( '',0.1098039215686274495, 0.1098039215686274495, 0.1098039215686274495 ) ;
#212 = EDGE_CURVE ( 'NONE', #3735, #169, #410, .T. ) ;
#213 = CARTESIAN_POINT ( 'NONE',  ( 0.000000000000000000, 0.8249999999999995115, 0.7000000000000005107 ) ) ;
#214 = EDGE_LOOP ( 'NONE', ( #796, #2873, #3204, #744 ) ) ;
#215 = EDGE_CURVE ( 'NONE', #1444, #872, #2394, .T. ) ;
#216 = DIRECTION ( 'NONE',  ( 0.000000000000000000, 1.668003342285392044E-16, -1.000000000000000000 ) ) ;
#217 = DIRECTION ( 'NONE',  ( -1.000000000000000000, 0.000000000000000000, 0.000000000000000000 ) ) ;
#218 = CARTESIAN_POINT ( 'NONE',  ( 0.3300000000000000155, 1.800000000000000488, 0.8999999999999973577 ) ) ;
#219 = CARTESIAN_POINT ( 'NONE',  ( 0.4300000000000000488, 1.399999999999997469, -1.200000000000000178 ) ) ;
#220 = CARTESIAN_POINT ( 'NONE',  ( 0.08999999999999999667, 0.000000000000000000, 0.000000000000000000 ) ) ;
#221 = PLANE ( 'NONE',  #3013 ) ;
#222 = AXIS2_PLACEMENT_3D ( 'NONE', #3755, #2427, #2104 ) ;
#223 = EDGE_CURVE ( 'NONE', #2839, #3551, #1015, .T. ) ;
#224 = CARTESIAN_POINT ( 'NONE',  ( 1.080000000000000071, -1.300000000000000488, 0.6999999999999992895 ) ) ;
#225 = ORIENTED_EDGE ( 'NONE', *, *, #1811, .F. ) ;
#226 = EDGE_LOOP ( 'NONE', ( #2808, #3052, #854, #2650 ) ) ;
#227 = ORIENTED_EDGE ( 'NONE', *, *, #3652, .F. ) ;
#228 = LINE ( 'NONE', #1249, #3040 ) ;
#229 = SURFACE_STYLE_USAGE ( .BOTH. , #4063 ) ;
#230 = EDGE_LOOP ( 'NONE', ( #1378, #2691, #2424, #1143 ) ) ;
#231 =( NAMED_UNIT ( * ) SI_UNIT ( $, .STERADIAN. ) SOLID_ANGLE_UNIT ( ) );
#232 = DIRECTION ( 'NONE',  ( -1.000000000000000000, -0.000000000000000000, -0.000000000000000000 ) ) ;
#233 = DIRECTION ( 'NONE',  ( -1.000000000000000000, -0.000000000000000000, -0.000000000000000000 ) ) ;
#234 = CARTESIAN_POINT ( 'NONE',  ( 0.000000000000000000, -0.8250000000000003997, 1.350000000000000533 ) ) ;
#235 = DIRECTION ( 'NONE',  ( -1.000000000000000000, -0.000000000000000000, -0.000000000000000000 ) ) ;
#236 = CARTESIAN_POINT ( 'NONE',  ( 0.08999999999999999667, 1.850000000000000089, -0.3249999999999998446 ) ) ;
#237 = PRESENTATION_LAYER_ASSIGNMENT (  '', '', ( #751 ) ) ;
#238 = SURFACE_STYLE_FILL_AREA ( #565 ) ;
#239 = CIRCLE ( 'NONE', #2568, 0.2342874139153912350 ) ;
#240 = FILL_AREA_STYLE ('',( #2376 ) ) ;
#241 = EDGE_CURVE ( 'NONE', #675, #3058, #2002, .T. ) ;
#242 = AXIS2_PLACEMENT_3D ( 'NONE', #1060, #420, #3167 ) ;
#243 = ORIENTED_EDGE ( 'NONE', *, *, #1414, .F. ) ;
#244 = EDGE_LOOP ( 'NONE', ( #2924, #372, #3991, #3278 ) ) ;
#245 = ORIENTED_EDGE ( 'NONE', *, *, #4093, .T. ) ;
#246 = VECTOR ( 'NONE', #3987, 1000.000000000000000 ) ;
#247 = EDGE_CURVE ( 'NONE', #711, #169, #3458, .T. ) ;
#248 = PRESENTATION_LAYER_ASSIGNMENT (  '', '', ( #3227 ) ) ;
#249 = LINE ( 'NONE', #1650, #2642 ) ;
#250 = CARTESIAN_POINT ( 'NONE',  ( 0.3300000000000000155, -1.399999999999998135, -1.300000000000000266 ) ) ;
#251 = ORIENTED_EDGE ( 'NONE', *, *, #1953, .T. ) ;
#252 = DIRECTION ( 'NONE',  ( 0.000000000000000000, 0.000000000000000000, -1.000000000000000000 ) ) ;
#253 = ORIENTED_EDGE ( 'NONE', *, *, #164, .T. ) ;
#254 = DIRECTION ( 'NONE',  ( 0.000000000000000000, 0.000000000000000000, -1.000000000000000000 ) ) ;
#255 = VECTOR ( 'NONE', #2370, 1000.000000000000000 ) ;
#256 =( LENGTH_UNIT ( ) NAMED_UNIT ( * ) SI_UNIT ( .MILLI., .METRE. ) );
#257 = DIRECTION ( 'NONE',  ( 0.000000000000000000, 0.000000000000000000, 1.000000000000000000 ) ) ;
#258 = CARTESIAN_POINT ( 'NONE',  ( 0.08999999999999999667, 0.000000000000000000, 0.000000000000000000 ) ) ;
#259 = DIRECTION ( 'NONE',  ( 0.000000000000000000, -0.000000000000000000, -1.000000000000000000 ) ) ;
#260 = FACE_OUTER_BOUND ( 'NONE', #4329, .T. ) ;
#261 = CARTESIAN_POINT ( 'NONE',  ( 0.2300000000000000100, -1.999999999999999556, 1.500000000000000222 ) ) ;
#262 = LINE ( 'NONE', #3382, #4325 ) ;
#263 = EDGE_CURVE ( 'NONE', #2593, #2175, #3099, .T. ) ;
#264 = FILL_AREA_STYLE ('',( #2325 ) ) ;
#265 = VECTOR ( 'NONE', #715, 1000.000000000000000 ) ;
#266 = VECTOR ( 'NONE', #1755, 1000.000000000000000 ) ;
#267 = LINE ( 'NONE', #3076, #1353 ) ;
#268 = COLOUR_RGB ( '',0.1098039215686274495, 0.1098039215686274495, 0.1098039215686274495 ) ;
#269 = ORIENTED_EDGE ( 'NONE', *, *, #650, .F. ) ;
#270 = ORIENTED_EDGE ( 'NONE', *, *, #2960, .F. ) ;
#271 = ORIENTED_EDGE ( 'NONE', *, *, #4030, .F. ) ;
#272 = VECTOR ( 'NONE', #2404, 1000.000000000000000 ) ;
#273 = PLANE ( 'NONE',  #4404 ) ;
#274 = LINE ( 'NONE', #1213, #4228 ) ;
#275 = ORIENTED_EDGE ( 'NONE', *, *, #2960, .T. ) ;
#276 = FILL_AREA_STYLE_COLOUR ( '', #2218 ) ;
#277 = ORIENTED_EDGE ( 'NONE', *, *, #1870, .F. ) ;
#278 = FACE_OUTER_BOUND ( 'NONE', #3127, .T. ) ;
#279 = EDGE_CURVE ( 'NONE', #3460, #3990, #2349, .T. ) ;
#280 = PLANE ( 'NONE',  #2193 ) ;
#281 = LINE ( 'NONE', #2016, #4485 ) ;
#282 = EDGE_CURVE ( 'NONE', #2288, #683, #3772, .T. ) ;
#283 = CARTESIAN_POINT ( 'NONE',  ( 0.000000000000000000, 0.8249999999999997335, -1.350000000000000089 ) ) ;
#284 = DIRECTION ( 'NONE',  ( -0.000000000000000000, -1.000000000000000000, -0.000000000000000000 ) ) ;
#285 = SURFACE_SIDE_STYLE ('',( #2679 ) ) ;
#286 = CARTESIAN_POINT ( 'NONE',  ( 1.074999999999999956, 1.084973857298660693, 0.6080316218280389373 ) ) ;
#287 = FILL_AREA_STYLE ('',( #4459 ) ) ;
#288 = AXIS2_PLACEMENT_3D ( 'NONE', #746, #25, #4261 ) ;
#289 = ORIENTED_EDGE ( 'NONE', *, *, #3956, .F. ) ;
#290 = CARTESIAN_POINT ( 'NONE',  ( 0.7800000000000001377, 1.400000000000000355, 0.9000000000000002442 ) ) ;
#291 = ORIENTED_EDGE ( 'NONE', *, *, #3547, .T. ) ;
#292 = ORIENTED_EDGE ( 'NONE', *, *, #4307, .F. ) ;
#293 = AXIS2_PLACEMENT_3D ( 'NONE', #1676, #375, #643 ) ;
#294 = SURFACE_STYLE_USAGE ( .BOTH. , #1627 ) ;
#295 = AXIS2_PLACEMENT_3D ( 'NONE', #3108, #1045, #2688 ) ;
#296 = CARTESIAN_POINT ( 'NONE',  ( 0.08999999999999999667, 0.8249999999999995115, 0.7000000000000005107 ) ) ;
#297 = ORIENTED_EDGE ( 'NONE', *, *, #4246, .T. ) ;
#298 = PRESENTATION_STYLE_ASSIGNMENT (( #3415 ) ) ;
#299 = EDGE_LOOP ( 'NONE', ( #3733, #2436, #313, #973 ) ) ;
#300 = LINE ( 'NONE', #955, #993 ) ;
#301 = DIRECTION ( 'NONE',  ( 0.000000000000000000, 1.000000000000000000, 0.000000000000000000 ) ) ;
#302 = DIRECTION ( 'NONE',  ( -1.000000000000000000, -0.000000000000000000, -0.000000000000000000 ) ) ;
#303 =( NAMED_UNIT ( * ) PLANE_ANGLE_UNIT ( ) SI_UNIT ( $, .RADIAN. ) );
#304 = PLANE ( 'NONE',  #1547 ) ;
#305 = CARTESIAN_POINT ( 'NONE',  ( 0.08999999999999999667, 0.3249999999999995670, 1.350000000000000533 ) ) ;
#306 =( LENGTH_UNIT ( ) NAMED_UNIT ( * ) SI_UNIT ( .MILLI., .METRE. ) );
#307 = LINE ( 'NONE', #3071, #1042 ) ;
#308 = CARTESIAN_POINT ( 'NONE',  ( 0.08999999999999999667, -1.475000000000000311, 0.7000000000000005107 ) ) ;
#309 = DIRECTION ( 'NONE',  ( 0.000000000000000000, 1.000000000000000000, 0.000000000000000000 ) ) ;
#310 = UNCERTAINTY_MEASURE_WITH_UNIT (LENGTH_MEASURE( 1.000000000000000082E-05 ), #2481, 'distance_accuracy_value', 'NONE');
#311 = PRESENTATION_STYLE_ASSIGNMENT (( #3451 ) ) ;
#312 = VERTEX_POINT ( 'NONE', #1706 ) ;
#313 = ORIENTED_EDGE ( 'NONE', *, *, #22, .F. ) ;
#314 = ORIENTED_EDGE ( 'NONE', *, *, #1628, .T. ) ;
#315 = AXIS2_PLACEMENT_3D ( 'NONE', #180, #3617, #2539 ) ;
#316 = CARTESIAN_POINT ( 'NONE',  ( 0.08999999999999999667, -1.849999999999999201, -0.3249999999999998446 ) ) ;
#317 = VECTOR ( 'NONE', #395, 1000.000000000000000 ) ;
#318 = CARTESIAN_POINT ( 'NONE',  ( 0.000000000000000000, 0.3249999999999995670, -1.350000000000000089 ) ) ;
#319 = STYLED_ITEM ( 'NONE', ( #4500 ), #3579 ) ;
#320 = VERTEX_POINT ( 'NONE', #3704 ) ;
#321 = EDGE_CURVE ( 'NONE', #406, #1393, #928, .T. ) ;
#322 = DIRECTION ( 'NONE',  ( -1.000000000000000000, -0.000000000000000000, -0.000000000000000000 ) ) ;
#323 = EDGE_LOOP ( 'NONE', ( #3713, #4270, #3903, #355 ) ) ;
#324 = UNCERTAINTY_MEASURE_WITH_UNIT (LENGTH_MEASURE( 1.000000000000000082E-05 ), #1297, 'distance_accuracy_value', 'NONE');
#325 = CARTESIAN_POINT ( 'NONE',  ( 0.08999999999999999667, 1.474999999999999423, 1.150000000000000355 ) ) ;
#326 = MECHANICAL_DESIGN_GEOMETRIC_PRESENTATION_REPRESENTATION (  '', ( #3227 ), #1264 ) ;
#327 = COLOUR_RGB ( '',0.1098039215686274495, 0.1098039215686274495, 0.1098039215686274495 ) ;
#328 = LINE ( 'NONE', #1700, #600 ) ;
#329 = DIRECTION ( 'NONE',  ( 0.000000000000000000, 0.000000000000000000, 1.000000000000000000 ) ) ;
#330 = FILL_AREA_STYLE_COLOUR ( '', #2412 ) ;
#331 = ADVANCED_FACE ( 'NONE', ( #3747 ), #4230, .T. ) ;
#332 = PRESENTATION_STYLE_ASSIGNMENT (( #2721 ) ) ;
#333 = CARTESIAN_POINT ( 'NONE',  ( 0.3300000000000000155, -1.800000000000000711, -0.8999999999999973577 ) ) ;
#334 = CARTESIAN_POINT ( 'NONE',  ( 0.000000000000000000, 1.850000000000000089, -0.3249999999999998446 ) ) ;
#335 = PRODUCT ( 'STCC4-D-R3', 'STCC4-D-R3', '', ( #584 ) ) ;
#336 = ADVANCED_FACE ( 'NONE', ( #2045 ), #2489, .F. ) ;
#337 = DIRECTION ( 'NONE',  ( 0.000000000000000000, 0.000000000000000000, 1.000000000000000000 ) ) ;
#338 = ADVANCED_FACE ( 'NONE', ( #2165 ), #3566, .F. ) ;
#339 = AXIS2_PLACEMENT_3D ( 'NONE', #1871, #883, #4019 ) ;
#340 = CARTESIAN_POINT ( 'NONE',  ( 0.08999999999999999667, -0.3250000000000003997, -0.7000000000000000666 ) ) ;
#341 = ORIENTED_EDGE ( 'NONE', *, *, #1998, .T. ) ;
#342 = ORIENTED_EDGE ( 'NONE', *, *, #2654, .T. ) ;
#343 = FACE_OUTER_BOUND ( 'NONE', #3869, .T. ) ;
#344 = STYLED_ITEM ( 'NONE', ( #2064 ), #2488 ) ;
#345 = LINE ( 'NONE', #120, #3420 ) ;
#346 = VERTEX_POINT ( 'NONE', #1820 ) ;
#347 = DIRECTION ( 'NONE',  ( 0.000000000000000000, 0.000000000000000000, -1.000000000000000000 ) ) ;
#348 = VERTEX_POINT ( 'NONE', #721 ) ;
#349 = CARTESIAN_POINT ( 'NONE',  ( 0.000000000000000000, 0.8249999999999997335, -1.350000000000000089 ) ) ;
#350 =( GEOMETRIC_REPRESENTATION_CONTEXT ( 3 ) GLOBAL_UNCERTAINTY_ASSIGNED_CONTEXT ( ( #3074 ) ) GLOBAL_UNIT_ASSIGNED_CONTEXT ( ( #1905, #2231, #231 ) ) REPRESENTATION_CONTEXT ( 'NONE', 'WORKASPACE' ) );
#351 = EDGE_CURVE ( 'NONE', #2009, #3852, #4256, .T. ) ;
#352 = ADVANCED_FACE ( 'NONE', ( #697 ), #1732, .F. ) ;
#353 = CARTESIAN_POINT ( 'NONE',  ( 1.169999999999999929, 0.1999999999999989009, 0.7999999999999999334 ) ) ;
#354 = DIRECTION ( 'NONE',  ( 0.000000000000000000, -1.000000000000000000, -8.340016711426957754E-17 ) ) ;
#355 = ORIENTED_EDGE ( 'NONE', *, *, #1381, .T. ) ;
#356 = LINE ( 'NONE', #2036, #2859 ) ;
#357 = ADVANCED_FACE ( 'NONE', ( #3541 ), #378, .F. ) ;
#358 = DIRECTION ( 'NONE',  ( 1.000000000000000000, -0.000000000000000000, -0.000000000000000000 ) ) ;
#359 =( LENGTH_UNIT ( ) NAMED_UNIT ( * ) SI_UNIT ( .MILLI., .METRE. ) );
#360 = LINE ( 'NONE', #694, #2065 ) ;
#361 = UNCERTAINTY_MEASURE_WITH_UNIT (LENGTH_MEASURE( 1.000000000000000082E-05 ), #4146, 'distance_accuracy_value', 'NONE');
#362 = SURFACE_SIDE_STYLE ('',( #695 ) ) ;
#363 = DIRECTION ( 'NONE',  ( 1.000000000000000000, 0.000000000000000000, 0.000000000000000000 ) ) ;
#364 = DIRECTION ( 'NONE',  ( 0.000000000000000000, 0.000000000000000000, 1.000000000000000000 ) ) ;
#365 = VERTEX_POINT ( 'NONE', #1463 ) ;
#366 = DIRECTION ( 'NONE',  ( 1.000000000000000000, 0.000000000000000000, 0.000000000000000000 ) ) ;
#367 = EDGE_LOOP ( 'NONE', ( #455, #123, #953, #2396 ) ) ;
#368 = ADVANCED_FACE ( 'NONE', ( #2518 ), #3920, .F. ) ;
#369 = CARTESIAN_POINT ( 'NONE',  ( 1.169999999999999929, -1.200000000000000622, -0.7000000000000000666 ) ) ;
#370 = DIRECTION ( 'NONE',  ( -0.000000000000000000, -1.000000000000000000, -0.000000000000000000 ) ) ;
#371 = VERTEX_POINT ( 'NONE', #4212 ) ;
#372 = ORIENTED_EDGE ( 'NONE', *, *, #3656, .T. ) ;
#373 = ORIENTED_EDGE ( 'NONE', *, *, #2953, .F. ) ;
#374 = CARTESIAN_POINT ( 'NONE',  ( 0.08999999999999999667, 1.200000000000000178, -0.3249999999999997891 ) ) ;
#375 = DIRECTION ( 'NONE',  ( 0.000000000000000000, 0.000000000000000000, -1.000000000000000000 ) ) ;
#376 = ORIENTED_EDGE ( 'NONE', *, *, #1620, .T. ) ;
#377 = CARTESIAN_POINT ( 'NONE',  ( 0.000000000000000000, 0.8249999999999995115, -0.7000000000000000666 ) ) ;
#378 = PLANE ( 'NONE',  #2786 ) ;
#379 = SURFACE_STYLE_FILL_AREA ( #4213 ) ;
#380 = DIRECTION ( 'NONE',  ( 0.000000000000000000, 0.000000000000000000, -1.000000000000000000 ) ) ;
#381 = ORIENTED_EDGE ( 'NONE', *, *, #198, .F. ) ;
#382 = CARTESIAN_POINT ( 'NONE',  ( 1.080000000000000071, -1.400000000000000799, -0.9000000000000002442 ) ) ;
#383 = EDGE_CURVE ( 'NONE', #3927, #1066, #1063, .T. ) ;
#384 = DIRECTION ( 'NONE',  ( 0.000000000000000000, -1.000000000000000000, 8.340016711426960219E-17 ) ) ;
#385 = ORIENTED_EDGE ( 'NONE', *, *, #3773, .F. ) ;
#386 = DIRECTION ( 'NONE',  ( -1.000000000000000000, 0.000000000000000000, -0.000000000000000000 ) ) ;
#387 = ORIENTED_EDGE ( 'NONE', *, *, #500, .F. ) ;
#388 = ORIENTED_EDGE ( 'NONE', *, *, #2877, .F. ) ;
#389 = ADVANCED_FACE ( 'NONE', ( #3818, #3516, #765, #2068, #1094, #3119, #2446, #3844, #40 ), #1415, .T. ) ;
#390 = CARTESIAN_POINT ( 'NONE',  ( 1.074999999999999956, 1.084973857298660693, 0.8423190357434301445 ) ) ;
#391 = DIRECTION ( 'NONE',  ( 0.000000000000000000, 0.000000000000000000, -1.000000000000000000 ) ) ;
#392 = DIRECTION ( 'NONE',  ( 0.000000000000000000, 0.000000000000000000, 1.000000000000000000 ) ) ;
#393 = ORIENTED_EDGE ( 'NONE', *, *, #212, .T. ) ;
#394 = AXIS2_PLACEMENT_3D ( 'NONE', #3191, #3638, #1839 ) ;
#395 = DIRECTION ( 'NONE',  ( -0.000000000000000000, -1.000000000000000000, 1.668003342285391551E-16 ) ) ;
#396 = DIRECTION ( 'NONE',  ( 0.000000000000000000, -0.000000000000000000, -1.000000000000000000 ) ) ;
#397 = DIRECTION ( 'NONE',  ( 0.000000000000000000, 0.000000000000000000, -1.000000000000000000 ) ) ;
#398 = DIRECTION ( 'NONE',  ( 0.000000000000000000, 1.000000000000000000, 3.336006684570784088E-16 ) ) ;
#399 = EDGE_CURVE ( 'NONE', #2175, #4010, #3332, .T. ) ;
#400 = LINE ( 'NONE', #3291, #1474 ) ;
#401 = PLANE ( 'NONE',  #2599 ) ;
#402 = VERTEX_POINT ( 'NONE', #1843 ) ;
#403 = EDGE_CURVE ( 'NONE', #1444, #2965, #4280, .T. ) ;
#404 = VECTOR ( 'NONE', #2865, 1000.000000000000000 ) ;
#405 = DIRECTION ( 'NONE',  ( 0.000000000000000000, -3.336006684570783101E-16, 1.000000000000000000 ) ) ;
#406 = VERTEX_POINT ( 'NONE', #2187 ) ;
#407 = ORIENTED_EDGE ( 'NONE', *, *, #2353, .F. ) ;
#408 = VERTEX_POINT ( 'NONE', #1203 ) ;
#409 = DIRECTION ( 'NONE',  ( 1.000000000000000000, 0.000000000000000000, -0.000000000000000000 ) ) ;
#410 = CIRCLE ( 'NONE', #853, 0.2999999999999999334 ) ;
#411 = COLOUR_RGB ( '',0.1098039215686274495, 0.1098039215686274495, 0.1098039215686274495 ) ;
#412 = LINE ( 'NONE', #3880, #1192 ) ;
#413 =( GEOMETRIC_REPRESENTATION_CONTEXT ( 3 ) GLOBAL_UNCERTAINTY_ASSIGNED_CONTEXT ( ( #136 ) ) GLOBAL_UNIT_ASSIGNED_CONTEXT ( ( #3908, #828, #1791 ) ) REPRESENTATION_CONTEXT ( 'NONE', 'WORKASPACE' ) );
#414 = DIRECTION ( 'NONE',  ( 0.000000000000000000, 1.000000000000000000, -0.000000000000000000 ) ) ;
#415 = VECTOR ( 'NONE', #2252, 1000.000000000000000 ) ;
#416 = EDGE_LOOP ( 'NONE', ( #2542, #4331, #4015, #1293 ) ) ;
#417 = FACE_OUTER_BOUND ( 'NONE', #2686, .T. ) ;
#418 = ADVANCED_FACE ( 'NONE', ( #2584 ), #2931, .F. ) ;
#419 = VECTOR ( 'NONE', #309, 1000.000000000000000 ) ;
#420 = DIRECTION ( 'NONE',  ( -1.000000000000000000, 0.000000000000000000, 0.000000000000000000 ) ) ;
#421 = DIRECTION ( 'NONE',  ( -0.000000000000000000, -1.000000000000000000, -0.000000000000000000 ) ) ;
#422 = CARTESIAN_POINT ( 'NONE',  ( 0.000000000000000000, -1.199999999999999289, -0.3249999999999997891 ) ) ;
#423 = ADVANCED_FACE ( 'NONE', ( #179 ), #2282, .F. ) ;
#424 = DIRECTION ( 'NONE',  ( -0.000000000000000000, 1.000000000000000000, 0.000000000000000000 ) ) ;
#425 = CARTESIAN_POINT ( 'NONE',  ( 0.000000000000000000, 0.3249999999999995670, -1.350000000000000089 ) ) ;
#426 = FILL_AREA_STYLE ('',( #3846 ) ) ;
#427 = ORIENTED_EDGE ( 'NONE', *, *, #56, .T. ) ;
#428 = CARTESIAN_POINT ( 'NONE',  ( 0.000000000000000000, 0.000000000000000000, 0.000000000000000000 ) ) ;
#429 = ORIENTED_EDGE ( 'NONE', *, *, #4222, .T. ) ;
#430 = ORIENTED_EDGE ( 'NONE', *, *, #4153, .F. ) ;
#431 = ORIENTED_EDGE ( 'NONE', *, *, #2131, .T. ) ;
#432 = DIRECTION ( 'NONE',  ( 0.000000000000000000, 0.000000000000000000, 1.000000000000000000 ) ) ;
#433 = PLANE ( 'NONE',  #2269 ) ;
#434 = SURFACE_SIDE_STYLE ('',( #779 ) ) ;
#435 = ORIENTED_EDGE ( 'NONE', *, *, #2432, .F. ) ;
#436 = VECTOR ( 'NONE', #4050, 1000.000000000000000 ) ;
#437 = AXIS2_PLACEMENT_3D ( 'NONE', #658, #1399, #2779 ) ;
#438 = FILL_AREA_STYLE_COLOUR ( '', #411 ) ;
#439 = LINE ( 'NONE', #1526, #1122 ) ;
#440 = FACE_OUTER_BOUND ( 'NONE', #4258, .T. ) ;
#441 = DIRECTION ( 'NONE',  ( 0.000000000000000000, -1.000000000000000000, -6.505213034913023449E-15 ) ) ;
#442 = ADVANCED_FACE ( 'NONE', ( #902 ), #4344, .T. ) ;
#443 = CARTESIAN_POINT ( 'NONE',  ( 0.08999999999999999667, 0.000000000000000000, 0.000000000000000000 ) ) ;
#444 = CARTESIAN_POINT ( 'NONE',  ( 0.2300000000000000100, -1.999999999999999556, -1.499999999999999778 ) ) ;
#445 = VERTEX_POINT ( 'NONE', #2537 ) ;
#446 = DIRECTION ( 'NONE',  ( 0.000000000000000000, 3.336006684570783101E-16, 1.000000000000000000 ) ) ;
#447 = DIRECTION ( 'NONE',  ( -1.000000000000000000, -0.000000000000000000, -0.000000000000000000 ) ) ;
#448 = CARTESIAN_POINT ( 'NONE',  ( 0.2300000000000000100, -1.800000000000000711, 0.8999999999999973577 ) ) ;
#449 = CARTESIAN_POINT ( 'NONE',  ( 0.000000000000000000, 1.850000000000000089, 0.3250000000000001221 ) ) ;
#450 = ORIENTED_EDGE ( 'NONE', *, *, #137, .T. ) ;
#451 = ORIENTED_EDGE ( 'NONE', *, *, #3622, .T. ) ;
#452 = CARTESIAN_POINT ( 'NONE',  ( 0.3300000000000000155, -1.400000000000000799, 0.9000000000000002442 ) ) ;
#453 = ADVANCED_FACE ( 'NONE', ( #1242 ), #3938, .F. ) ;
#454 = SURFACE_STYLE_FILL_AREA ( #825 ) ;
#455 = ORIENTED_EDGE ( 'NONE', *, *, #2425, .F. ) ;
#456 =( GEOMETRIC_REPRESENTATION_CONTEXT ( 3 ) GLOBAL_UNCERTAINTY_ASSIGNED_CONTEXT ( ( #1092 ) ) GLOBAL_UNIT_ASSIGNED_CONTEXT ( ( #3700, #4366, #544 ) ) REPRESENTATION_CONTEXT ( 'NONE', 'WORKASPACE' ) );
#457 = CARTESIAN_POINT ( 'NONE',  ( 0.000000000000000000, -1.475000000000000311, -0.7000000000000000666 ) ) ;
#458 = PLANE ( 'NONE',  #1641 ) ;
#459 = DIRECTION ( 'NONE',  ( 0.000000000000000000, -1.000000000000000000, -3.336006684570784088E-16 ) ) ;
#460 = VECTOR ( 'NONE', #865, 1000.000000000000000 ) ;
#461 = PLANE ( 'NONE',  #110 ) ;
#462 = DIRECTION ( 'NONE',  ( 0.000000000000000000, 0.000000000000000000, -1.000000000000000000 ) ) ;
#463 = AXIS2_PLACEMENT_3D ( 'NONE', #4024, #2264, #2961 ) ;
#464 = COLOUR_RGB ( '',0.1098039215686274495, 0.1098039215686274495, 0.1098039215686274495 ) ;
#465 = DIRECTION ( 'NONE',  ( 0.000000000000000000, 1.000000000000000000, 0.000000000000000000 ) ) ;
#466 = LINE ( 'NONE', #810, #3754 ) ;
#467 = CARTESIAN_POINT ( 'NONE',  ( 0.000000000000000000, -0.3250000000000001776, -1.350000000000000089 ) ) ;
#468 = ORIENTED_EDGE ( 'NONE', *, *, #3093, .T. ) ;
#469 = DIRECTION ( 'NONE',  ( 0.000000000000000000, 0.000000000000000000, -1.000000000000000000 ) ) ;
#470 = VERTEX_POINT ( 'NONE', #3615 ) ;
#471 = EDGE_CURVE ( 'NONE', #4462, #3301, #1911, .T. ) ;
#472 = EDGE_CURVE ( 'NONE', #1393, #2528, #1510, .T. ) ;
#473 = PLANE ( 'NONE',  #463 ) ;
#474 = DIRECTION ( 'NONE',  ( 1.000000000000000000, 0.000000000000000000, 0.000000000000000000 ) ) ;
#475 = ORIENTED_EDGE ( 'NONE', *, *, #3093, .F. ) ;
#476 = ORIENTED_EDGE ( 'NONE', *, *, #676, .F. ) ;
#477 = ORIENTED_EDGE ( 'NONE', *, *, #593, .T. ) ;
#478 = DIRECTION ( 'NONE',  ( 1.000000000000000000, 0.000000000000000000, 0.000000000000000000 ) ) ;
#479 = ADVANCED_FACE ( 'NONE', ( #2605 ), #1180, .F. ) ;
#480 = DIRECTION ( 'NONE',  ( 0.000000000000000000, 1.000000000000000000, 1.668003342285391551E-16 ) ) ;
#481 =( NAMED_UNIT ( * ) SI_UNIT ( $, .STERADIAN. ) SOLID_ANGLE_UNIT ( ) );
#482 = AXIS2_PLACEMENT_3D ( 'NONE', #1273, #4254, #441 ) ;
#483 = CARTESIAN_POINT ( 'NONE',  ( 1.074999999999999956, 1.084973857298660693, 0.6080316218280389373 ) ) ;
#484 = EDGE_LOOP ( 'NONE', ( #1518, #1777, #2197, #997 ) ) ;
#485 = SURFACE_STYLE_FILL_AREA ( #1437 ) ;
#486 = EDGE_CURVE ( 'NONE', #114, #2190, #2557, .T. ) ;
#487 = COLOUR_RGB ( '',0.1098039215686274495, 0.1098039215686274495, 0.1098039215686274495 ) ;
#488 = CLOSED_SHELL ( 'NONE', ( #336, #1497, #1533, #722, #2270, #368 ) ) ;
#489 = LINE ( 'NONE', #3239, #2946 ) ;
#490 = VECTOR ( 'NONE', #2306, 1000.000000000000000 ) ;
#491 = CARTESIAN_POINT ( 'NONE',  ( 0.000000000000000000, -1.199999999999999289, -0.3249999999999997891 ) ) ;
#492 = EDGE_CURVE ( 'NONE', #2528, #1499, #1495, .T. ) ;
#493 = AXIS2_PLACEMENT_3D ( 'NONE', #102, #2510, #1481 ) ;
#494 = DIRECTION ( 'NONE',  ( 1.000000000000000000, 0.000000000000000000, -0.000000000000000000 ) ) ;
#495 = LINE ( 'NONE', #1486, #2993 ) ;
#496 = FACE_OUTER_BOUND ( 'NONE', #1248, .T. ) ;
#497 = UNCERTAINTY_MEASURE_WITH_UNIT (LENGTH_MEASURE( 1.000000000000000082E-05 ), #2483, 'distance_accuracy_value', 'NONE');
#498 = VECTOR ( 'NONE', #2392, 1000.000000000000000 ) ;
#499 = VECTOR ( 'NONE', #4470, 1000.000000000000000 ) ;
#500 = EDGE_CURVE ( 'NONE', #188, #3495, #519, .T. ) ;
#501 = CARTESIAN_POINT ( 'NONE',  ( 0.4300000000000000488, -1.700000000000000844, 0.8999999999999981348 ) ) ;
#502 = CARTESIAN_POINT ( 'NONE',  ( 1.169999999999999929, 0.1999999999999989009, 0.7999999999999999334 ) ) ;
#503 = DIRECTION ( 'NONE',  ( 0.000000000000000000, -1.000000000000000000, -8.340016711426960219E-17 ) ) ;
#504 = PLANE ( 'NONE',  #1477 ) ;
#505 = VERTEX_POINT ( 'NONE', #2661 ) ;
#506 = FACE_OUTER_BOUND ( 'NONE', #4483, .T. ) ;
#507 = EDGE_CURVE ( 'NONE', #3495, #2502, #3025, .T. ) ;
#508 = EDGE_LOOP ( 'NONE', ( #2330, #966, #2592, #3872 ) ) ;
#509 = VERTEX_POINT ( 'NONE', #1949 ) ;
#510 = ORIENTED_EDGE ( 'NONE', *, *, #1095, .T. ) ;
#511 = DIRECTION ( 'NONE',  ( -0.000000000000000000, 1.000000000000000000, 0.000000000000000000 ) ) ;
#512 = DIRECTION ( 'NONE',  ( 0.000000000000000000, -1.000000000000000000, 3.336006684570784088E-16 ) ) ;
#513 = EDGE_LOOP ( 'NONE', ( #2004, #2547, #3051, #2245 ) ) ;
#514 = DIRECTION ( 'NONE',  ( -1.000000000000000000, -0.000000000000000000, -0.000000000000000000 ) ) ;
#515 = CARTESIAN_POINT ( 'NONE',  ( 0.08999999999999999667, 1.474999999999999423, 0.7000000000000003997 ) ) ;
#516 = CARTESIAN_POINT ( 'NONE',  ( 0.2300000000000000100, -1.999999999999999556, -1.499999999999999778 ) ) ;
#517 = CARTESIAN_POINT ( 'NONE',  ( 0.2300000000000000100, 1.399999999999997691, -1.300000000000000266 ) ) ;
#518 = VECTOR ( 'NONE', #1760, 1000.000000000000000 ) ;
#519 = LINE ( 'NONE', #1891, #4046 ) ;
#520 = DIRECTION ( 'NONE',  ( 0.000000000000000000, 0.000000000000000000, -1.000000000000000000 ) ) ;
#521 = DIRECTION ( 'NONE',  ( 0.000000000000000000, 1.000000000000000000, 0.000000000000000000 ) ) ;
#522 = VERTEX_POINT ( 'NONE', #4040 ) ;
#523 = LINE ( 'NONE', #2215, #1280 ) ;
#524 = ADVANCED_FACE ( 'NONE', ( #1969 ), #1614, .F. ) ;
#525 = DIRECTION ( 'NONE',  ( 1.000000000000000000, 0.000000000000000000, -0.000000000000000000 ) ) ;
#526 = DIRECTION ( 'NONE',  ( -1.000000000000000000, -0.000000000000000000, -0.000000000000000000 ) ) ;
#527 = ORIENTED_EDGE ( 'NONE', *, *, #3452, .F. ) ;
#528 = EDGE_LOOP ( 'NONE', ( #2059, #3796, #3943, #2029 ) ) ;
#529 = ORIENTED_EDGE ( 'NONE', *, *, #1462, .F. ) ;
#530 = EDGE_CURVE ( 'NONE', #2735, #2274, #1010, .T. ) ;
#531 = LINE ( 'NONE', #1920, #1469 ) ;
#532 = FILL_AREA_STYLE_COLOUR ( '', #2995 ) ;
#533 = EDGE_CURVE ( 'NONE', #2759, #534, #4134, .T. ) ;
#534 = VERTEX_POINT ( 'NONE', #577 ) ;
#535 = SURFACE_STYLE_USAGE ( .BOTH. , #3996 ) ;
#536 = DIRECTION ( 'NONE',  ( 0.000000000000000000, 1.000000000000000000, 1.668003342285391551E-16 ) ) ;
#537 = AXIS2_PLACEMENT_3D ( 'NONE', #3805, #688, #1407 ) ;
#538 = CARTESIAN_POINT ( 'NONE',  ( 0.08999999999999999667, 1.474999999999999423, 1.150000000000000355 ) ) ;
#539 = DIRECTION ( 'NONE',  ( 0.000000000000000000, 0.000000000000000000, -1.000000000000000000 ) ) ;
#540 =( GEOMETRIC_REPRESENTATION_CONTEXT ( 3 ) GLOBAL_UNCERTAINTY_ASSIGNED_CONTEXT ( ( #2116 ) ) GLOBAL_UNIT_ASSIGNED_CONTEXT ( ( #1754, #1110, #2418 ) ) REPRESENTATION_CONTEXT ( 'NONE', 'WORKASPACE' ) );
#541 = VECTOR ( 'NONE', #2387, 1000.000000000000000 ) ;
#542 = DIRECTION ( 'NONE',  ( -1.000000000000000000, 0.000000000000000000, 0.000000000000000000 ) ) ;
#543 = CARTESIAN_POINT ( 'NONE',  ( 0.000000000000000000, 1.474999999999999423, -0.6999999999999999556 ) ) ;
#544 =( NAMED_UNIT ( * ) SI_UNIT ( $, .STERADIAN. ) SOLID_ANGLE_UNIT ( ) );
#545 = MECHANICAL_DESIGN_GEOMETRIC_PRESENTATION_REPRESENTATION (  '', ( #3963 ), #1617 ) ;
#546 = FACE_OUTER_BOUND ( 'NONE', #3340, .T. ) ;
#547 = DIRECTION ( 'NONE',  ( 0.000000000000000000, 0.000000000000000000, -1.000000000000000000 ) ) ;
#548 = AXIS2_PLACEMENT_3D ( 'NONE', #3802, #3526, #1722 ) ;
#549 = VECTOR ( 'NONE', #133, 1000.000000000000000 ) ;
#550 = EDGE_CURVE ( 'NONE', #2593, #1480, #960, .T. ) ;
#551 = LINE ( 'NONE', #2287, #1619 ) ;
#552 = ORIENTED_EDGE ( 'NONE', *, *, #4085, .T. ) ;
#553 = ORIENTED_EDGE ( 'NONE', *, *, #2482, .T. ) ;
#554 = ORIENTED_EDGE ( 'NONE', *, *, #720, .T. ) ;
#555 = EDGE_CURVE ( 'NONE', #2309, #640, #2388, .T. ) ;
#556 = CARTESIAN_POINT ( 'NONE',  ( 0.08999999999999999667, -0.3250000000000001776, 1.350000000000000533 ) ) ;
#557 = VERTEX_POINT ( 'NONE', #1306 ) ;
#558 =( GEOMETRIC_REPRESENTATION_CONTEXT ( 3 ) GLOBAL_UNCERTAINTY_ASSIGNED_CONTEXT ( ( #2834 ) ) GLOBAL_UNIT_ASSIGNED_CONTEXT ( ( #583, #1687, #629 ) ) REPRESENTATION_CONTEXT ( 'NONE', 'WORKASPACE' ) );
#559 = DIRECTION ( 'NONE',  ( 1.000000000000000000, 0.000000000000000000, -0.000000000000000000 ) ) ;
#560 = VECTOR ( 'NONE', #3593, 1000.000000000000000 ) ;
#561 = EDGE_CURVE ( 'NONE', #638, #4488, #1662, .T. ) ;
#562 = MECHANICAL_DESIGN_GEOMETRIC_PRESENTATION_REPRESENTATION (  '', ( #2521 ), #4275 ) ;
#563 = LINE ( 'NONE', #1663, #185 ) ;
#564 = LINE ( 'NONE', #1929, #4167 ) ;
#565 = FILL_AREA_STYLE ('',( #4439 ) ) ;
#566 = VECTOR ( 'NONE', #97, 1000.000000000000000 ) ;
#567 = LINE ( 'NONE', #1850, #246 ) ;
#568 = CARTESIAN_POINT ( 'NONE',  ( 0.08999999999999999667, -0.8250000000000003997, 1.350000000000000533 ) ) ;
#569 = VERTEX_POINT ( 'NONE', #1324 ) ;
#570 = VERTEX_POINT ( 'NONE', #3764 ) ;
#571 = EDGE_LOOP ( 'NONE', ( #2533, #1579, #4353, #3781 ) ) ;
#572 = DIRECTION ( 'NONE',  ( 0.000000000000000000, 0.7071067811865474617, -0.7071067811865474617 ) ) ;
#573 = DIRECTION ( 'NONE',  ( 0.000000000000000000, -1.000000000000000000, 0.000000000000000000 ) ) ;
#574 = LINE ( 'NONE', #3973, #2072 ) ;
#575 = CARTESIAN_POINT ( 'NONE',  ( 1.080000000000000071, -1.399999999999998801, -1.200000000000000178 ) ) ;
#576 = CARTESIAN_POINT ( 'NONE',  ( 0.08999999999999999667, 0.3249999999999995670, -0.6999999999999999556 ) ) ;
#577 = CARTESIAN_POINT ( 'NONE',  ( 0.000000000000000000, -1.475000000000000089, 1.350000000000000533 ) ) ;
#578 = DIRECTION ( 'NONE',  ( 0.000000000000000000, 1.000000000000000000, -1.668003342285392044E-16 ) ) ;
#579 = PRESENTATION_STYLE_ASSIGNMENT (( #1309 ) ) ;
#580 = ADVANCED_FACE ( 'NONE', ( #1591 ), #2973, .F. ) ;
#581 = VECTOR ( 'NONE', #3923, 1000.000000000000000 ) ;
#582 = VECTOR ( 'NONE', #2381, 1000.000000000000000 ) ;
#583 =( LENGTH_UNIT ( ) NAMED_UNIT ( * ) SI_UNIT ( .MILLI., .METRE. ) );
#584 = PRODUCT_CONTEXT ( 'NONE', #2361, 'mechanical' ) ;
#585 = ORIENTED_EDGE ( 'NONE', *, *, #1179, .T. ) ;
#586 = EDGE_LOOP ( 'NONE', ( #3388, #672, #2378, #510 ) ) ;
#587 = VERTEX_POINT ( 'NONE', #941 ) ;
#588 = LINE ( 'NONE', #2248, #671 ) ;
#589 = ORIENTED_EDGE ( 'NONE', *, *, #1848, .F. ) ;
#590 =( NAMED_UNIT ( * ) SI_UNIT ( $, .STERADIAN. ) SOLID_ANGLE_UNIT ( ) );
#591 = ORIENTED_EDGE ( 'NONE', *, *, #2232, .T. ) ;
#592 = SURFACE_SIDE_STYLE ('',( #1584 ) ) ;
#593 = EDGE_CURVE ( 'NONE', #1447, #1147, #2678, .T. ) ;
#594 = CARTESIAN_POINT ( 'NONE',  ( 0.000000000000000000, 1.200000000000000178, -0.3249999999999997891 ) ) ;
#595 = CARTESIAN_POINT ( 'NONE',  ( 0.08999999999999999667, -1.475000000000000311, -0.7000000000000000666 ) ) ;
#596 = FACE_OUTER_BOUND ( 'NONE', #2073, .T. ) ;
#597 = DIRECTION ( 'NONE',  ( 1.000000000000000000, -0.000000000000000000, -0.000000000000000000 ) ) ;
#598 = DIRECTION ( 'NONE',  ( 0.000000000000000000, 0.000000000000000000, -1.000000000000000000 ) ) ;
#599 = FACE_OUTER_BOUND ( 'NONE', #3385, .T. ) ;
#600 = VECTOR ( 'NONE', #3089, 1000.000000000000000 ) ;
#601 = FACE_OUTER_BOUND ( 'NONE', #2122, .T. ) ;
#602 = CIRCLE ( 'NONE', #4391, 0.2999999999999999334 ) ;
#603 = AXIS2_PLACEMENT_3D ( 'NONE', #3681, #2560, #2623 ) ;
#604 = ORIENTED_EDGE ( 'NONE', *, *, #1390, .F. ) ;
#605 = ORIENTED_EDGE ( 'NONE', *, *, #4108, .F. ) ;
#606 = VECTOR ( 'NONE', #598, 1000.000000000000000 ) ;
#608 = ORIENTED_EDGE ( 'NONE', *, *, #998, .T. ) ;
#607 = ADVANCED_FACE ( 'NONE', ( #260 ), #1258, .F. ) ;
#609 = FACE_OUTER_BOUND ( 'NONE', #3967, .T. ) ;
#610 = LINE ( 'NONE', #213, #3863 ) ;
#611 = VERTEX_POINT ( 'NONE', #305 ) ;
#612 = DIRECTION ( 'NONE',  ( 0.000000000000000000, 0.000000000000000000, 1.000000000000000000 ) ) ;
#613 = ORIENTED_EDGE ( 'NONE', *, *, #1179, .F. ) ;
#614 = EDGE_CURVE ( 'NONE', #1855, #1740, #2997, .T. ) ;
#615 = CARTESIAN_POINT ( 'NONE',  ( 0.000000000000000000, 0.8249999999999995115, -0.7000000000000000666 ) ) ;
#616 = CARTESIAN_POINT ( 'NONE',  ( 0.000000000000000000, -0.3250000000000003997, 0.7000000000000005107 ) ) ;
#617 =( LENGTH_UNIT ( ) NAMED_UNIT ( * ) SI_UNIT ( .MILLI., .METRE. ) );
#618 = EDGE_CURVE ( 'NONE', #408, #2230, #4068, .T. ) ;
#619 = LINE ( 'NONE', #1009, #1044 ) ;
#620 = DIRECTION ( 'NONE',  ( 0.000000000000000000, 0.000000000000000000, -1.000000000000000000 ) ) ;
#621 = AXIS2_PLACEMENT_3D ( 'NONE', #1036, #424, #788 ) ;
#622 = VECTOR ( 'NONE', #2914, 1000.000000000000000 ) ;
#623 = DIRECTION ( 'NONE',  ( 0.000000000000000000, 0.000000000000000000, -1.000000000000000000 ) ) ;
#624 = DIRECTION ( 'NONE',  ( -1.000000000000000000, -0.000000000000000000, -0.000000000000000000 ) ) ;
#625 = FACE_OUTER_BOUND ( 'NONE', #4285, .T. ) ;
#626 = MECHANICAL_DESIGN_GEOMETRIC_PRESENTATION_REPRESENTATION (  '', ( #3465 ), #4415 ) ;
#627 = VECTOR ( 'NONE', #3507, 1000.000000000000000 ) ;
#628 =( GEOMETRIC_REPRESENTATION_CONTEXT ( 3 ) GLOBAL_UNCERTAINTY_ASSIGNED_CONTEXT ( ( #988 ) ) GLOBAL_UNIT_ASSIGNED_CONTEXT ( ( #1224, #2676, #3997 ) ) REPRESENTATION_CONTEXT ( 'NONE', 'WORKASPACE' ) );
#629 =( NAMED_UNIT ( * ) SI_UNIT ( $, .STERADIAN. ) SOLID_ANGLE_UNIT ( ) );
#630 = AXIS2_PLACEMENT_3D ( 'NONE', #1382, #662, #1724 ) ;
#631 = ORIENTED_EDGE ( 'NONE', *, *, #3016, .F. ) ;
#632 = ORIENTED_EDGE ( 'NONE', *, *, #1221, .F. ) ;
#633 = ORIENTED_EDGE ( 'NONE', *, *, #1290, .F. ) ;
#634 = STYLED_ITEM ( 'NONE', ( #4501 ), #1660 ) ;
#635 = CIRCLE ( 'NONE', #3177, 0.2999999999999999334 ) ;
#636 = FACE_OUTER_BOUND ( 'NONE', #3749, .T. ) ;
#637 = LINE ( 'NONE', #2008, #882 ) ;
#638 = VERTEX_POINT ( 'NONE', #4110 ) ;
#639 = CARTESIAN_POINT ( 'NONE',  ( 0.000000000000000000, -0.3250000000000003997, -0.7000000000000000666 ) ) ;
#640 = VERTEX_POINT ( 'NONE', #4411 ) ;
#641 = AXIS2_PLACEMENT_3D ( 'NONE', #957, #3658, #539 ) ;
#642 = PRESENTATION_STYLE_ASSIGNMENT (( #3759 ) ) ;
#643 = DIRECTION ( 'NONE',  ( -1.000000000000000000, 0.000000000000000000, -0.000000000000000000 ) ) ;
#644 =( NAMED_UNIT ( * ) SI_UNIT ( $, .STERADIAN. ) SOLID_ANGLE_UNIT ( ) );
#645 = CARTESIAN_POINT ( 'NONE',  ( 0.3300000000000000155, -1.399999999999998135, 1.300000000000000266 ) ) ;
#646 = DIRECTION ( 'NONE',  ( 0.000000000000000000, 0.000000000000000000, -1.000000000000000000 ) ) ;
#647 = LINE ( 'NONE', #1682, #1966 ) ;
#648 = DIRECTION ( 'NONE',  ( 0.000000000000000000, -1.668003342285392044E-16, -1.000000000000000000 ) ) ;
#649 = CARTESIAN_POINT ( 'NONE',  ( 0.08999999999999999667, 1.200000000000000178, 0.3250000000000002331 ) ) ;
#650 = EDGE_CURVE ( 'NONE', #4240, #3162, #981, .T. ) ;
#651 = EDGE_LOOP ( 'NONE', ( #1603, #2150, #1922, #2192 ) ) ;
#652 = AXIS2_PLACEMENT_3D ( 'NONE', #1100, #3255, #1825 ) ;
#653 = ORIENTED_EDGE ( 'NONE', *, *, #4316, .T. ) ;
#654 = ORIENTED_EDGE ( 'NONE', *, *, #351, .F. ) ;
#655 = EDGE_CURVE ( 'NONE', #1019, #3455, #1346, .T. ) ;
#656 = CARTESIAN_POINT ( 'NONE',  ( 0.000000000000000000, -0.8250000000000003997, 1.350000000000000533 ) ) ;
#657 = CIRCLE ( 'NONE', #652, 0.3999999999999999667 ) ;
#658 = CARTESIAN_POINT ( 'NONE',  ( 1.169999999999999929, 0.1999999999999995948, 0.6999999999999998446 ) ) ;
#659 = CARTESIAN_POINT ( 'NONE',  ( 0.000000000000000000, 1.474999999999999423, 0.7000000000000003997 ) ) ;
#660 = VERTEX_POINT ( 'NONE', #4455 ) ;
#661 = ADVANCED_FACE ( 'NONE', ( #3742 ), #2019, .F. ) ;
#662 = DIRECTION ( 'NONE',  ( 0.000000000000000000, -1.668003342285392044E-16, 1.000000000000000000 ) ) ;
#663 = CARTESIAN_POINT ( 'NONE',  ( 0.000000000000000000, 1.850000000000000089, -0.3249999999999998446 ) ) ;
#664 = CARTESIAN_POINT ( 'NONE',  ( 0.3300000000000000155, 1.399999999999997691, -1.300000000000000266 ) ) ;
#665 = EDGE_CURVE ( 'NONE', #1499, #4159, #2742, .T. ) ;
#666 = CARTESIAN_POINT ( 'NONE',  ( 0.08999999999999999667, -0.3250000000000001776, -1.350000000000000089 ) ) ;
#667 = DIRECTION ( 'NONE',  ( 0.000000000000000000, 0.000000000000000000, -1.000000000000000000 ) ) ;
#668 = DIRECTION ( 'NONE',  ( -1.000000000000000000, -0.000000000000000000, -0.000000000000000000 ) ) ;
#669 = SURFACE_STYLE_USAGE ( .BOTH. , #3490 ) ;
#670 = CARTESIAN_POINT ( 'NONE',  ( 0.000000000000000000, 0.8249999999999995115, -0.7000000000000000666 ) ) ;
#671 = VECTOR ( 'NONE', #572, 1000.000000000000114 ) ;
#672 = ORIENTED_EDGE ( 'NONE', *, *, #1793, .F. ) ;
#673 = DIRECTION ( 'NONE',  ( -0.000000000000000000, -7.744301232039325310E-17, 1.000000000000000000 ) ) ;
#674 = EDGE_LOOP ( 'NONE', ( #2312, #3426, #1396, #3946 ) ) ;
#675 = VERTEX_POINT ( 'NONE', #4499 ) ;
#676 = EDGE_CURVE ( 'NONE', #4092, #1444, #1368, .T. ) ;
#677 = AXIS2_PLACEMENT_3D ( 'NONE', #1677, #1008, #4131 ) ;
#678 = FILL_AREA_STYLE_COLOUR ( '', #2998 ) ;
#679 = AXIS2_PLACEMENT_3D ( 'NONE', #4152, #3561, #1367 ) ;
#680 = CARTESIAN_POINT ( 'NONE',  ( 0.000000000000000000, 1.474999999999999423, -1.350000000000000089 ) ) ;
#681 = AXIS2_PLACEMENT_3D ( 'NONE', #1867, #2907, #2579 ) ;
#682 = ORIENTED_EDGE ( 'NONE', *, *, #1811, .T. ) ;
#683 = VERTEX_POINT ( 'NONE', #707 ) ;
#684 = COLOUR_RGB ( '',0.1098039215686274495, 0.1098039215686274495, 0.1098039215686274495 ) ;
#685 = CARTESIAN_POINT ( 'NONE',  ( 0.4300000000000000488, -1.400000000000000799, -0.9000000000000002442 ) ) ;
#686 = ADVANCED_FACE ( 'NONE', ( #999 ), #4425, .T. ) ;
#687 = AXIS2_PLACEMENT_3D ( 'NONE', #2249, #2922, #3325 ) ;
#688 = DIRECTION ( 'NONE',  ( -1.000000000000000000, 0.000000000000000000, 0.000000000000000000 ) ) ;
#689 = LINE ( 'NONE', #663, #2523 ) ;
#690 = ORIENTED_EDGE ( 'NONE', *, *, #2407, .F. ) ;
#691 = CARTESIAN_POINT ( 'NONE',  ( 0.000000000000000000, 0.3249999999999995670, 1.350000000000000533 ) ) ;
#692 = CARTESIAN_POINT ( 'NONE',  ( 0.000000000000000000, -1.475000000000000311, -0.7000000000000000666 ) ) ;
#693 = EDGE_CURVE ( 'NONE', #3931, #638, #2755, .T. ) ;
#694 = CARTESIAN_POINT ( 'NONE',  ( 0.08999999999999999667, 0.8249999999999997335, 1.350000000000000533 ) ) ;
#695 = SURFACE_STYLE_FILL_AREA ( #3817 ) ;
#696 =( GEOMETRIC_REPRESENTATION_CONTEXT ( 3 ) GLOBAL_UNCERTAINTY_ASSIGNED_CONTEXT ( ( #3585 ) ) GLOBAL_UNIT_ASSIGNED_CONTEXT ( ( #2815, #1154, #3290 ) ) REPRESENTATION_CONTEXT ( 'NONE', 'WORKASPACE' ) );
#697 = FACE_OUTER_BOUND ( 'NONE', #4142, .T. ) ;
#698 = FACE_OUTER_BOUND ( 'NONE', #1041, .T. ) ;
#699 = ORIENTED_EDGE ( 'NONE', *, *, #3392, .T. ) ;
#700 = AXIS2_PLACEMENT_3D ( 'NONE', #3698, #620, #3045 ) ;
#701 = AXIS2_PLACEMENT_3D ( 'NONE', #1552, #2893, #4284 ) ;
#702 = CARTESIAN_POINT ( 'NONE',  ( 0.000000000000000000, 0.3249999999999995670, -0.6999999999999999556 ) ) ;
#703 = ORIENTED_EDGE ( 'NONE', *, *, #212, .F. ) ;
#704 = ORIENTED_EDGE ( 'NONE', *, *, #3783, .F. ) ;
#705 = COLOUR_RGB ( '',0.7921568627450980005, 0.8196078431372548767, 0.9333333333333333481 ) ;
#706 = VECTOR ( 'NONE', #2793, 1000.000000000000000 ) ;
#707 = CARTESIAN_POINT ( 'NONE',  ( 0.000000000000000000, 0.8249999999999995115, 0.7000000000000005107 ) ) ;
#708 = VECTOR ( 'NONE', #1872, 1000.000000000000000 ) ;
#709 = LINE ( 'NONE', #970, #1886 ) ;
#710 = ORIENTED_EDGE ( 'NONE', *, *, #159, .T. ) ;
#711 = VERTEX_POINT ( 'NONE', #3730 ) ;
#712 = DIRECTION ( 'NONE',  ( 0.000000000000000000, -1.000000000000000000, -8.340016711426957754E-17 ) ) ;
#713 = STYLED_ITEM ( 'NONE', ( #893 ), #2727 ) ;
#714 = SURFACE_SIDE_STYLE ('',( #2762 ) ) ;
#715 = DIRECTION ( 'NONE',  ( 0.000000000000000000, 1.000000000000000000, 0.000000000000000000 ) ) ;
#716 = FILL_AREA_STYLE_COLOUR ( '', #3684 ) ;
#717 = LINE ( 'NONE', #2093, #2343 ) ;
#718 =( NAMED_UNIT ( * ) SI_UNIT ( $, .STERADIAN. ) SOLID_ANGLE_UNIT ( ) );
#719 = CARTESIAN_POINT ( 'NONE',  ( 0.000000000000000000, -0.8250000000000003997, 1.350000000000000533 ) ) ;
#720 = EDGE_CURVE ( 'NONE', #402, #2471, #249, .T. ) ;
#721 = CARTESIAN_POINT ( 'NONE',  ( 0.3300000000000000155, -1.800000000000000711, 0.8999999999999973577 ) ) ;
#722 = ADVANCED_FACE ( 'NONE', ( #636 ), #273, .F. ) ;
#723 = ORIENTED_EDGE ( 'NONE', *, *, #3022, .F. ) ;
#724 = VERTEX_POINT ( 'NONE', #1296 ) ;
#725 = ORIENTED_EDGE ( 'NONE', *, *, #1381, .F. ) ;
#726 = CARTESIAN_POINT ( 'NONE',  ( 0.000000000000000000, -1.849999999999999201, -0.3249999999999998446 ) ) ;
#727 = DIRECTION ( 'NONE',  ( -1.000000000000000000, -0.000000000000000000, -0.000000000000000000 ) ) ;
#728 = ORIENTED_EDGE ( 'NONE', *, *, #2092, .F. ) ;
#729 = ORIENTED_EDGE ( 'NONE', *, *, #3244, .T. ) ;
#730 = CARTESIAN_POINT ( 'NONE',  ( 0.000000000000000000, 0.3249999999999995670, -1.350000000000000089 ) ) ;
#731 = VECTOR ( 'NONE', #1759, 1000.000000000000000 ) ;
#732 = VECTOR ( 'NONE', #2962, 1000.000000000000000 ) ;
#733 = CARTESIAN_POINT ( 'NONE',  ( 0.000000000000000000, -1.475000000000000089, -1.350000000000000089 ) ) ;
#734 = DIRECTION ( 'NONE',  ( 1.000000000000000000, -0.000000000000000000, -0.000000000000000000 ) ) ;
#735 =( NAMED_UNIT ( * ) PLANE_ANGLE_UNIT ( ) SI_UNIT ( $, .RADIAN. ) );
#736 = ADVANCED_FACE ( 'NONE', ( #609 ), #1043, .F. ) ;
#737 = DIRECTION ( 'NONE',  ( 0.000000000000000000, 0.000000000000000000, -1.000000000000000000 ) ) ;
#738 = CARTESIAN_POINT ( 'NONE',  ( 1.080000000000000071, 1.700000000000000400, -0.8999999999999981348 ) ) ;
#739 = DIRECTION ( 'NONE',  ( 0.000000000000000000, 1.000000000000000000, 8.340016711426960219E-17 ) ) ;
#740 = PLANE ( 'NONE',  #4052 ) ;
#741 = SURFACE_STYLE_USAGE ( .BOTH. , #3867 ) ;
#742 = DIRECTION ( 'NONE',  ( 0.000000000000000000, 0.000000000000000000, -1.000000000000000000 ) ) ;
#743 = SURFACE_STYLE_USAGE ( .BOTH. , #1096 ) ;
#744 = ORIENTED_EDGE ( 'NONE', *, *, #1728, .T. ) ;
#745 = ORIENTED_EDGE ( 'NONE', *, *, #2202, .F. ) ;
#746 = CARTESIAN_POINT ( 'NONE',  ( 0.4299999999999999933, 1.800000000000000488, 0.8999999999999974687 ) ) ;
#747 = LINE ( 'NONE', #3900, #4009 ) ;
#748 = EDGE_CURVE ( 'NONE', #2288, #675, #3390, .T. ) ;
#749 = EDGE_LOOP ( 'NONE', ( #2451, #4441, #3259, #2005 ) ) ;
#750 = ORIENTED_EDGE ( 'NONE', *, *, #2017, .F. ) ;
#751 = STYLED_ITEM ( 'NONE', ( #1084 ), #3921 ) ;
#752 = ORIENTED_EDGE ( 'NONE', *, *, #4332, .T. ) ;
#753 = CARTESIAN_POINT ( 'NONE',  ( 1.169999999999999929, -1.200000000000000622, 0.6999999999999998446 ) ) ;
#754 = VECTOR ( 'NONE', #3314, 1000.000000000000000 ) ;
#755 = PLANE ( 'NONE',  #2835 ) ;
#756 = FACE_OUTER_BOUND ( 'NONE', #2898, .T. ) ;
#757 = EDGE_CURVE ( 'NONE', #1163, #4488, #2669, .T. ) ;
#758 = VECTOR ( 'NONE', #4435, 1000.000000000000000 ) ;
#759 = ORIENTED_EDGE ( 'NONE', *, *, #3417, .F. ) ;
#760 =( NAMED_UNIT ( * ) SI_UNIT ( $, .STERADIAN. ) SOLID_ANGLE_UNIT ( ) );
#761 = VECTOR ( 'NONE', #1369, 1000.000000000000000 ) ;
#762 = SURFACE_STYLE_FILL_AREA ( #1771 ) ;
#763 = CARTESIAN_POINT ( 'NONE',  ( 0.08999999999999999667, -0.8250000000000003997, -1.350000000000000089 ) ) ;
#764 = AXIS2_PLACEMENT_3D ( 'NONE', #3353, #4387, #923 ) ;
#765 = FACE_BOUND ( 'NONE', #3257, .T. ) ;
#766 =( NAMED_UNIT ( * ) SI_UNIT ( $, .STERADIAN. ) SOLID_ANGLE_UNIT ( ) );
#767 = LINE ( 'NONE', #702, #2936 ) ;
#768 = VERTEX_POINT ( 'NONE', #656 ) ;
#769 = FILL_AREA_STYLE_COLOUR ( '', #975 ) ;
#770 = STYLED_ITEM ( 'NONE', ( #3293 ), #3075 ) ;
#771 = FACE_OUTER_BOUND ( 'NONE', #1316, .T. ) ;
#772 = VERTEX_POINT ( 'NONE', #3034 ) ;
#773 = ORIENTED_EDGE ( 'NONE', *, *, #819, .F. ) ;
#774 = EDGE_LOOP ( 'NONE', ( #2011, #848, #3875, #3261 ) ) ;
#775 = PRESENTATION_LAYER_ASSIGNMENT (  '', '', ( #2363 ) ) ;
#776 = AXIS2_PLACEMENT_3D ( 'NONE', #2558, #3957, #2188 ) ;
#777 = AXIS2_PLACEMENT_3D ( 'NONE', #3335, #1328, #4389 ) ;
#778 = PRESENTATION_STYLE_ASSIGNMENT (( #852 ) ) ;
#779 = SURFACE_STYLE_FILL_AREA ( #3907 ) ;
#780 = ORIENTED_EDGE ( 'NONE', *, *, #3336, .T. ) ;
#781 = DIRECTION ( 'NONE',  ( -1.000000000000000000, -0.000000000000000000, -0.000000000000000000 ) ) ;
#782 = SURFACE_SIDE_STYLE ('',( #1865 ) ) ;
#783 = VECTOR ( 'NONE', #380, 1000.000000000000000 ) ;
#784 = DIRECTION ( 'NONE',  ( 1.000000000000000000, -0.000000000000000000, -0.000000000000000000 ) ) ;
#785 = PLANE ( 'NONE',  #3515 ) ;
#786 = DIRECTION ( 'NONE',  ( 0.000000000000000000, 1.000000000000000000, -0.000000000000000000 ) ) ;
#787 = PRESENTATION_STYLE_ASSIGNMENT (( #2209 ) ) ;
#788 = DIRECTION ( 'NONE',  ( 0.000000000000000000, 0.000000000000000000, -1.000000000000000000 ) ) ;
#789 = CARTESIAN_POINT ( 'NONE',  ( 0.3300000000000000155, -1.399999999999998135, 1.300000000000000266 ) ) ;
#790 = ORIENTED_EDGE ( 'NONE', *, *, #3702, .T. ) ;
#791 = VERTEX_POINT ( 'NONE', #2380 ) ;
#792 = ADVANCED_FACE ( 'NONE', ( #2731 ), #3412, .F. ) ;
#793 = FILL_AREA_STYLE ('',( #769 ) ) ;
#794 = DIRECTION ( 'NONE',  ( 0.000000000000000000, 0.000000000000000000, 1.000000000000000000 ) ) ;
#795 = EDGE_LOOP ( 'NONE', ( #780, #2267, #1957, #1268 ) ) ;
#796 = ORIENTED_EDGE ( 'NONE', *, *, #3487, .T. ) ;
#797 = ORIENTED_EDGE ( 'NONE', *, *, #2222, .T. ) ;
#798 = DIRECTION ( 'NONE',  ( -0.000000000000000000, -0.000000000000000000, -1.000000000000000000 ) ) ;
#799 = ORIENTED_EDGE ( 'NONE', *, *, #1093, .F. ) ;
#800 = PRESENTATION_STYLE_ASSIGNMENT (( #2852 ) ) ;
#801 = CIRCLE ( 'NONE', #1588, 0.2999999999999999334 ) ;
#802 = LINE ( 'NONE', #515, #4424 ) ;
#803 = CARTESIAN_POINT ( 'NONE',  ( 0.08999999999999999667, 1.474999999999999423, -0.6999999999999999556 ) ) ;
#804 = EDGE_CURVE ( 'NONE', #1979, #1855, #3430, .T. ) ;
#805 = DIRECTION ( 'NONE',  ( 0.000000000000000000, 0.000000000000000000, 1.000000000000000000 ) ) ;
#806 = CARTESIAN_POINT ( 'NONE',  ( 0.4300000000000000488, -1.400000000000000799, 0.9000000000000002442 ) ) ;
#807 = UNCERTAINTY_MEASURE_WITH_UNIT (LENGTH_MEASURE( 1.000000000000000082E-05 ), #3898, 'distance_accuracy_value', 'NONE');
#808 = ADVANCED_FACE ( 'NONE', ( #343 ), #1717, .F. ) ;
#809 = CARTESIAN_POINT ( 'NONE',  ( 0.000000000000000000, 0.3249999999999995670, 0.7000000000000003997 ) ) ;
#810 = CARTESIAN_POINT ( 'NONE',  ( 0.000000000000000000, -1.199999999999999289, 0.3250000000000002331 ) ) ;
#811 = LINE ( 'NONE', #3270, #2837 ) ;
#812 = ORIENTED_EDGE ( 'NONE', *, *, #263, .T. ) ;
#813 = ADVANCED_FACE ( 'NONE', ( #1800 ), #1470, .T. ) ;
#814 = ORIENTED_EDGE ( 'NONE', *, *, #561, .T. ) ;
#815 = FACE_OUTER_BOUND ( 'NONE', #230, .T. ) ;
#816 = ADVANCED_FACE ( 'NONE', ( #815 ), #3569, .F. ) ;
#817 = DIRECTION ( 'NONE',  ( 0.000000000000000000, 1.000000000000000000, -1.011922027653137735E-14 ) ) ;
#818 = ORIENTED_EDGE ( 'NONE', *, *, #3514, .F. ) ;
#819 = EDGE_CURVE ( 'NONE', #2274, #320, #2675, .T. ) ;
#820 = VERTEX_POINT ( 'NONE', #2453 ) ;
#821 = ORIENTED_EDGE ( 'NONE', *, *, #2216, .F. ) ;
#822 = CARTESIAN_POINT ( 'NONE',  ( 0.4300000000000000488, -1.800000000000000711, 0.8999999999999974687 ) ) ;
#823 = CARTESIAN_POINT ( 'NONE',  ( 0.4300000000000000488, 1.400000000000000355, 0.9000000000000002442 ) ) ;
#824 = EDGE_CURVE ( 'NONE', #3852, #724, #3124, .T. ) ;
#825 = FILL_AREA_STYLE ('',( #2227 ) ) ;
#826 = VECTOR ( 'NONE', #2994, 1000.000000000000000 ) ;
#827 = EDGE_CURVE ( 'NONE', #4421, #169, #2473, .T. ) ;
#828 =( NAMED_UNIT ( * ) PLANE_ANGLE_UNIT ( ) SI_UNIT ( $, .RADIAN. ) );
#829 = SURFACE_STYLE_USAGE ( .BOTH. , #2112 ) ;
#830 =( NAMED_UNIT ( * ) PLANE_ANGLE_UNIT ( ) SI_UNIT ( $, .RADIAN. ) );
#831 = DIRECTION ( 'NONE',  ( 0.000000000000000000, 0.000000000000000000, -1.000000000000000000 ) ) ;
#832 = DIRECTION ( 'NONE',  ( -0.000000000000000000, -0.000000000000000000, 1.000000000000000000 ) ) ;
#833 = CIRCLE ( 'NONE', #679, 0.1000000000000000472 ) ;
#834 = VECTOR ( 'NONE', #3512, 1000.000000000000000 ) ;
#835 = DIRECTION ( 'NONE',  ( 1.000000000000000000, -0.000000000000000000, -0.000000000000000000 ) ) ;
#836 = DIRECTION ( 'NONE',  ( 0.000000000000000000, 0.000000000000000000, -1.000000000000000000 ) ) ;
#837 = AXIS2_PLACEMENT_3D ( 'NONE', #4001, #1461, #2832 ) ;
#838 = AXIS2_PLACEMENT_3D ( 'NONE', #556, #512, #891 ) ;
#839 = EDGE_CURVE ( 'NONE', #4029, #2646, #2497, .T. ) ;
#840 = DIRECTION ( 'NONE',  ( -1.000000000000000000, -0.000000000000000000, -0.000000000000000000 ) ) ;
#841 = CARTESIAN_POINT ( 'NONE',  ( 0.000000000000000000, -1.199999999999999289, 0.3250000000000002331 ) ) ;
#842 = CARTESIAN_POINT ( 'NONE',  ( 0.000000000000000000, -1.475000000000000089, -1.350000000000000089 ) ) ;
#843 = DIRECTION ( 'NONE',  ( -1.000000000000000000, -0.000000000000000000, -0.000000000000000000 ) ) ;
#844 = ORIENTED_EDGE ( 'NONE', *, *, #944, .T. ) ;
#845 = SURFACE_SIDE_STYLE ('',( #1229 ) ) ;
#846 = DIRECTION ( 'NONE',  ( -1.000000000000000000, 0.000000000000000000, -0.000000000000000000 ) ) ;
#847 = DIRECTION ( 'NONE',  ( -0.000000000000000000, -0.000000000000000000, -1.000000000000000000 ) ) ;
#848 = ORIENTED_EDGE ( 'NONE', *, *, #282, .F. ) ;
#849 = VERTEX_POINT ( 'NONE', #726 ) ;
#850 = VERTEX_POINT ( 'NONE', #448 ) ;
#851 = PRESENTATION_LAYER_ASSIGNMENT (  '', '', ( #3610 ) ) ;
#852 = SURFACE_STYLE_USAGE ( .BOTH. , #2153 ) ;
#853 = AXIS2_PLACEMENT_3D ( 'NONE', #4139, #2705, #1331 ) ;
#854 = ORIENTED_EDGE ( 'NONE', *, *, #1520, .T. ) ;
#855 =( GEOMETRIC_REPRESENTATION_CONTEXT ( 3 ) GLOBAL_UNCERTAINTY_ASSIGNED_CONTEXT ( ( #310 ) ) GLOBAL_UNIT_ASSIGNED_CONTEXT ( ( #2481, #1836, #2534 ) ) REPRESENTATION_CONTEXT ( 'NONE', 'WORKASPACE' ) );
#856 = VECTOR ( 'NONE', #866, 1000.000000000000000 ) ;
#857 = CARTESIAN_POINT ( 'NONE',  ( 0.000000000000000000, -0.3250000000000001776, -1.350000000000000089 ) ) ;
#858 = CARTESIAN_POINT ( 'NONE',  ( 0.7800000000000001377, -1.400000000000000799, 0.9000000000000002442 ) ) ;
#859 = PLANE ( 'NONE',  #3548 ) ;
#860 = EDGE_CURVE ( 'NONE', #3460, #2134, #2098, .T. ) ;
#861 = VECTOR ( 'NONE', #536, 1000.000000000000000 ) ;
#862 = AXIS2_PLACEMENT_3D ( 'NONE', #1523, #4383, #3307 ) ;
#863 = DIRECTION ( 'NONE',  ( 0.000000000000000000, 0.000000000000000000, -1.000000000000000000 ) ) ;
#864 = CARTESIAN_POINT ( 'NONE',  ( 0.3300000000000000155, -1.400000000000000799, 1.300000000000000266 ) ) ;
#865 = DIRECTION ( 'NONE',  ( 0.000000000000000000, 0.000000000000000000, 1.000000000000000000 ) ) ;
#866 = DIRECTION ( 'NONE',  ( -0.000000000000000000, -1.000000000000000000, 8.340016711426957754E-17 ) ) ;
#867 = ADVANCED_FACE ( 'NONE', ( #2103 ), #118, .F. ) ;
#868 = SURFACE_STYLE_FILL_AREA ( #3273 ) ;
#869 = DIRECTION ( 'NONE',  ( -1.000000000000000000, 0.000000000000000000, 0.000000000000000000 ) ) ;
#870 = EDGE_CURVE ( 'NONE', #2963, #101, #4287, .T. ) ;
#871 = ORIENTED_EDGE ( 'NONE', *, *, #3563, .F. ) ;
#872 = VERTEX_POINT ( 'NONE', #3151 ) ;
#873 = EDGE_LOOP ( 'NONE', ( #2428, #1721, #3284, #2826 ) ) ;
#874 = CARTESIAN_POINT ( 'NONE',  ( 1.169999999999999929, -1.199999999999999956, -0.8000000000000001554 ) ) ;
#875 = LINE ( 'NONE', #340, #4199 ) ;
#876 = ORIENTED_EDGE ( 'NONE', *, *, #500, .T. ) ;
#877 = LINE ( 'NONE', #4035, #415 ) ;
#878 = FACE_BOUND ( 'NONE', #121, .T. ) ;
#879 = CARTESIAN_POINT ( 'NONE',  ( 0.7800000000000001377, 1.700000000000000400, 0.8999999999999981348 ) ) ;
#880 = DIRECTION ( 'NONE',  ( -1.000000000000000000, 0.000000000000000000, 0.000000000000000000 ) ) ;
#881 = ADVANCED_FACE ( 'NONE', ( #4216 ), #2146, .F. ) ;
#882 = VECTOR ( 'NONE', #3053, 1000.000000000000000 ) ;
#883 = DIRECTION ( 'NONE',  ( 9.757819552369535173E-15, -0.000000000000000000, 1.000000000000000000 ) ) ;
#884 = CARTESIAN_POINT ( 'NONE',  ( 1.074999999999999956, 1.084973857298660693, 0.3737442079126476746 ) ) ;
#885 = ADVANCED_FACE ( 'NONE', ( #2821 ), #3549, .T. ) ;
#886 = CARTESIAN_POINT ( 'NONE',  ( 0.7800000000000001377, 1.400000000000000355, 0.9000000000000002442 ) ) ;
#887 = ORIENTED_EDGE ( 'NONE', *, *, #1944, .F. ) ;
#888 = ORIENTED_EDGE ( 'NONE', *, *, #2750, .F. ) ;
#889 = EDGE_LOOP ( 'NONE', ( #2331, #1070, #2613, #2053 ) ) ;
#890 = ADVANCED_FACE ( 'NONE', ( #2610 ), #3337, .F. ) ;
#891 = DIRECTION ( 'NONE',  ( 0.000000000000000000, -3.336006684570784088E-16, -1.000000000000000000 ) ) ;
#892 = ORIENTED_EDGE ( 'NONE', *, *, #4182, .F. ) ;
#893 = PRESENTATION_STYLE_ASSIGNMENT (( #535 ) ) ;
#894 =( LENGTH_UNIT ( ) NAMED_UNIT ( * ) SI_UNIT ( .MILLI., .METRE. ) );
#895 = STYLED_ITEM ( 'NONE', ( #2506 ), #4047 ) ;
#896 = EDGE_CURVE ( 'NONE', #4187, #1835, #908, .T. ) ;
#897 = PRESENTATION_STYLE_ASSIGNMENT (( #2881 ) ) ;
#898 = LINE ( 'NONE', #1658, #1692 ) ;
#899 =( LENGTH_UNIT ( ) NAMED_UNIT ( * ) SI_UNIT ( .MILLI., .METRE. ) );
#900 = VECTOR ( 'NONE', #2559, 1000.000000000000000 ) ;
#901 = VECTOR ( 'NONE', #521, 1000.000000000000000 ) ;
#902 = FACE_OUTER_BOUND ( 'NONE', #1086, .T. ) ;
#903 = DIRECTION ( 'NONE',  ( -1.000000000000000000, -0.000000000000000000, -0.000000000000000000 ) ) ;
#904 = DIRECTION ( 'NONE',  ( 0.000000000000000000, 1.000000000000000000, 0.000000000000000000 ) ) ;
#905 = AXIS2_PLACEMENT_3D ( 'NONE', #4437, #2345, #623 ) ;
#906 = DIRECTION ( 'NONE',  ( 0.000000000000000000, 1.000000000000000000, 1.668003342285392044E-16 ) ) ;
#907 = VECTOR ( 'NONE', #2911, 1000.000000000000000 ) ;
#908 = LINE ( 'NONE', #1932, #3275 ) ;
#909 = VECTOR ( 'NONE', #4436, 1000.000000000000000 ) ;
#910 = VERTEX_POINT ( 'NONE', #224 ) ;
#911 = ORIENTED_EDGE ( 'NONE', *, *, #3956, .T. ) ;
#912 = ORIENTED_EDGE ( 'NONE', *, *, #4174, .F. ) ;
#913 = DIRECTION ( 'NONE',  ( 1.000000000000000000, -0.000000000000000000, -0.000000000000000000 ) ) ;
#914 = ORIENTED_EDGE ( 'NONE', *, *, #3718, .T. ) ;
#915 = LINE ( 'NONE', #2275, #1146 ) ;
#916 = CARTESIAN_POINT ( 'NONE',  ( 0.08999999999999999667, -0.3250000000000001776, 1.350000000000000533 ) ) ;
#917 = ADVANCED_FACE ( 'NONE', ( #3274 ), #3253, .T. ) ;
#918 = VECTOR ( 'NONE', #840, 1000.000000000000000 ) ;
#919 =( GEOMETRIC_REPRESENTATION_CONTEXT ( 3 ) GLOBAL_UNCERTAINTY_ASSIGNED_CONTEXT ( ( #38 ) ) GLOBAL_UNIT_ASSIGNED_CONTEXT ( ( #2367, #303, #644 ) ) REPRESENTATION_CONTEXT ( 'NONE', 'WORKASPACE' ) );
#920 = PRESENTATION_LAYER_ASSIGNMENT (  '', '', ( #3465 ) ) ;
#921 = COLOUR_RGB ( '',0.1098039215686274495, 0.1098039215686274495, 0.1098039215686274495 ) ;
#922 = CARTESIAN_POINT ( 'NONE',  ( 0.08999999999999999667, -0.3250000000000003997, 0.7000000000000005107 ) ) ;
#923 = DIRECTION ( 'NONE',  ( 0.000000000000000000, 0.000000000000000000, 1.000000000000000000 ) ) ;
#924 = FILL_AREA_STYLE ('',( #2974 ) ) ;
#925 = DIRECTION ( 'NONE',  ( 0.000000000000000000, -1.000000000000000000, 0.000000000000000000 ) ) ;
#926 = AXIS2_PLACEMENT_3D ( 'NONE', #2062, #3842, #3472 ) ;
#927 = VECTOR ( 'NONE', #514, 1000.000000000000000 ) ;
#928 = LINE ( 'NONE', #990, #3386 ) ;
#929 = DIRECTION ( 'NONE',  ( 1.000000000000000000, 0.000000000000000000, 0.000000000000000000 ) ) ;
#930 = ORIENTED_EDGE ( 'NONE', *, *, #2875, .T. ) ;
#931 = EDGE_LOOP ( 'NONE', ( #3631, #227, #4158 ) ) ;
#932 = ORIENTED_EDGE ( 'NONE', *, *, #2338, .F. ) ;
#933 = EDGE_CURVE ( 'NONE', #3707, #3203, #2589, .T. ) ;
#934 = PLANE ( 'NONE',  #99 ) ;
#935 = ORIENTED_EDGE ( 'NONE', *, *, #486, .T. ) ;
#936 = DIRECTION ( 'NONE',  ( 0.000000000000000000, -1.000000000000000000, 3.336006684570784088E-16 ) ) ;
#937 = SURFACE_SIDE_STYLE ('',( #1252 ) ) ;
#938 = CARTESIAN_POINT ( 'NONE',  ( 0.08999999999999999667, 1.200000000000000178, -0.3249999999999997891 ) ) ;
#939 = DIRECTION ( 'NONE',  ( -0.000000000000000000, 3.336006684570783101E-16, 1.000000000000000000 ) ) ;
#940 = CARTESIAN_POINT ( 'NONE',  ( 0.7800000000000001377, -1.400000000000000799, -0.9000000000000002442 ) ) ;
#941 = CARTESIAN_POINT ( 'NONE',  ( 0.000000000000000000, -0.3250000000000001776, 1.350000000000000533 ) ) ;
#942 = LINE ( 'NONE', #3723, #606 ) ;
#943 = LINE ( 'NONE', #2680, #2571 ) ;
#944 = EDGE_CURVE ( 'NONE', #3995, #1828, #166, .T. ) ;
#945 = DIRECTION ( 'NONE',  ( 0.000000000000000000, 0.000000000000000000, -1.000000000000000000 ) ) ;
#946 = EDGE_CURVE ( 'NONE', #2981, #3500, #2644, .T. ) ;
#947 = ORIENTED_EDGE ( 'NONE', *, *, #2719, .T. ) ;
#948 = EDGE_LOOP ( 'NONE', ( #3032, #9, #476, #431 ) ) ;
#949 = CARTESIAN_POINT ( 'NONE',  ( 0.000000000000000000, 0.000000000000000000, 0.000000000000000000 ) ) ;
#950 = EDGE_CURVE ( 'NONE', #711, #3735, #2967, .T. ) ;
#951 = DIRECTION ( 'NONE',  ( 0.000000000000000000, 1.000000000000000000, 0.000000000000000000 ) ) ;
#952 = EDGE_LOOP ( 'NONE', ( #1784, #3950, #1452, #3339 ) ) ;
#953 = ORIENTED_EDGE ( 'NONE', *, *, #3302, .F. ) ;
#954 = UNCERTAINTY_MEASURE_WITH_UNIT (LENGTH_MEASURE( 1.000000000000000082E-05 ), #3895, 'distance_accuracy_value', 'NONE');
#955 = CARTESIAN_POINT ( 'NONE',  ( 0.08999999999999999667, 1.474999999999999423, -1.350000000000000089 ) ) ;
#956 = ADVANCED_FACE ( 'NONE', ( #4308 ), #473, .F. ) ;
#957 = CARTESIAN_POINT ( 'NONE',  ( 1.169999999999999929, -1.200000000000000622, -0.7000000000000000666 ) ) ;
#958 = FILL_AREA_STYLE_COLOUR ( '', #487 ) ;
#959 = LINE ( 'NONE', #4410, #184 ) ;
#960 = LINE ( 'NONE', #3423, #909 ) ;
#961 =( GEOMETRIC_REPRESENTATION_CONTEXT ( 3 ) GLOBAL_UNCERTAINTY_ASSIGNED_CONTEXT ( ( #1986 ) ) GLOBAL_UNIT_ASSIGNED_CONTEXT ( ( #1383, #3159, #4223 ) ) REPRESENTATION_CONTEXT ( 'NONE', 'WORKASPACE' ) );
#962 = CARTESIAN_POINT ( 'NONE',  ( 0.08999999999999999667, -1.475000000000000089, 1.350000000000000533 ) ) ;
#963 = COLOUR_RGB ( '',0.1098039215686274495, 0.1098039215686274495, 0.1098039215686274495 ) ;
#964 = VECTOR ( 'NONE', #1285, 1000.000000000000000 ) ;
#965 = ORIENTED_EDGE ( 'NONE', *, *, #839, .F. ) ;
#966 = ORIENTED_EDGE ( 'NONE', *, *, #2564, .F. ) ;
#967 = AXIS2_PLACEMENT_3D ( 'NONE', #2927, #494, #2255 ) ;
#968 = ORIENTED_EDGE ( 'NONE', *, *, #4117, .F. ) ;
#969 =( LENGTH_UNIT ( ) NAMED_UNIT ( * ) SI_UNIT ( .MILLI., .METRE. ) );
#970 = CARTESIAN_POINT ( 'NONE',  ( 0.08999999999999999667, -0.3250000000000001776, -1.350000000000000089 ) ) ;
#971 = ORIENTED_EDGE ( 'NONE', *, *, #3992, .F. ) ;
#972 = LINE ( 'NONE', #3395, #1636 ) ;
#973 = ORIENTED_EDGE ( 'NONE', *, *, #3347, .T. ) ;
#974 = SURFACE_SIDE_STYLE ('',( #4450 ) ) ;
#975 = COLOUR_RGB ( '',0.1098039215686274495, 0.1098039215686274495, 0.1098039215686274495 ) ;
#976 = DIRECTION ( 'NONE',  ( 0.000000000000000000, 0.000000000000000000, 1.000000000000000000 ) ) ;
#977 = CARTESIAN_POINT ( 'NONE',  ( 0.08999999999999999667, 1.474999999999999423, 1.150000000000000355 ) ) ;
#978 = SURFACE_STYLE_USAGE ( .BOTH. , #1321 ) ;
#979 = EDGE_CURVE ( 'NONE', #2965, #3621, #551, .T. ) ;
#980 = LINE ( 'NONE', #922, #758 ) ;
#981 = LINE ( 'NONE', #1286, #1840 ) ;
#982 = VECTOR ( 'NONE', #469, 1000.000000000000000 ) ;
#983 = PRESENTATION_STYLE_ASSIGNMENT (( #4413 ) ) ;
#984 = PLANE ( 'NONE',  #3962 ) ;
#985 = ADVANCED_FACE ( 'NONE', ( #4374 ), #2217, .F. ) ;
#986 = DIRECTION ( 'NONE',  ( 0.000000000000000000, -3.336006684570784088E-16, -1.000000000000000000 ) ) ;
#987 = SURFACE_STYLE_FILL_AREA ( #264 ) ;
#988 = UNCERTAINTY_MEASURE_WITH_UNIT (LENGTH_MEASURE( 1.000000000000000082E-05 ), #1224, 'distance_accuracy_value', 'NONE');
#989 = STYLED_ITEM ( 'NONE', ( #897 ), #2532 ) ;
#990 = CARTESIAN_POINT ( 'NONE',  ( 1.080000000000000071, -1.700000000000000844, 0.8999999999999981348 ) ) ;
#991 = VECTOR ( 'NONE', #2752, 1000.000000000000000 ) ;
#992 = EDGE_CURVE ( 'NONE', #4145, #1, #567, .T. ) ;
#993 = VECTOR ( 'NONE', #2337, 1000.000000000000000 ) ;
#994 = ORIENTED_EDGE ( 'NONE', *, *, #3773, .T. ) ;
#995 = LINE ( 'NONE', #2397, #3249 ) ;
#996 = ORIENTED_EDGE ( 'NONE', *, *, #1688, .T. ) ;
#997 = ORIENTED_EDGE ( 'NONE', *, *, #1093, .T. ) ;
#998 = EDGE_CURVE ( 'NONE', #1813, #2310, #2626, .T. ) ;
#999 = FACE_OUTER_BOUND ( 'NONE', #2780, .T. ) ;
#1000 = CARTESIAN_POINT ( 'NONE',  ( 0.000000000000000000, -1.849999999999999201, -0.3249999999999998446 ) ) ;
#1001 = ORIENTED_EDGE ( 'NONE', *, *, #507, .T. ) ;
#1002 = CARTESIAN_POINT ( 'NONE',  ( 1.080000000000000071, 1.399999999999998357, 0.9000000000000002442 ) ) ;
#1003 = EDGE_LOOP ( 'NONE', ( #653, #3947, #2672, #729 ) ) ;
#1004 = VECTOR ( 'NONE', #1947, 1000.000000000000000 ) ;
#1005 = DIRECTION ( 'NONE',  ( 1.000000000000000000, 0.000000000000000000, 0.000000000000000000 ) ) ;
#1006 = LINE ( 'NONE', #3421, #2097 ) ;
#1007 = SURFACE_SIDE_STYLE ('',( #3809 ) ) ;
#1008 = DIRECTION ( 'NONE',  ( 0.000000000000000000, -1.000000000000000000, 0.000000000000000000 ) ) ;
#1009 = CARTESIAN_POINT ( 'NONE',  ( 0.000000000000000000, -1.199999999999999289, -0.3249999999999997891 ) ) ;
#1010 = LINE ( 'NONE', #1996, #1206 ) ;
#1011 = CARTESIAN_POINT ( 'NONE',  ( 0.3300000000000000155, -1.399999999999998135, -1.300000000000000266 ) ) ;
#1012 = DIRECTION ( 'NONE',  ( -0.000000000000000000, -1.000000000000000000, -0.000000000000000000 ) ) ;
#1013 = EDGE_CURVE ( 'NONE', #1879, #1625, #2894, .T. ) ;
#1014 = DIRECTION ( 'NONE',  ( 0.000000000000000000, -1.000000000000000000, 0.000000000000000000 ) ) ;
#1015 = LINE ( 'NONE', #670, #1417 ) ;
#1016 = DIRECTION ( 'NONE',  ( 1.000000000000000000, 0.000000000000000000, 0.000000000000000000 ) ) ;
#1017 = ADVANCED_FACE ( 'NONE', ( #506 ), #1876, .T. ) ;
#1018 = AXIS2_PLACEMENT_3D ( 'NONE', #886, #2194, #3597 ) ;
#1019 = VERTEX_POINT ( 'NONE', #2244 ) ;
#1020 = MECHANICAL_DESIGN_GEOMETRIC_PRESENTATION_REPRESENTATION (  '', ( #1606 ), #1524 ) ;
#1021 = SPHERICAL_SURFACE ( 'NONE', #1858, 0.2999999999999999889 ) ;
#1022 = ORIENTED_EDGE ( 'NONE', *, *, #247, .F. ) ;
#1023 = CARTESIAN_POINT ( 'NONE',  ( 0.000000000000000000, 1.850000000000000089, 0.3250000000000001221 ) ) ;
#1024 = DIRECTION ( 'NONE',  ( -0.000000000000000000, -0.000000000000000000, -1.000000000000000000 ) ) ;
#1025 = CARTESIAN_POINT ( 'NONE',  ( 0.000000000000000000, -1.199999999999999289, 0.3250000000000002331 ) ) ;
#1026 = ORIENTED_EDGE ( 'NONE', *, *, #3280, .T. ) ;
#1027 = DIRECTION ( 'NONE',  ( -1.000000000000000000, -0.000000000000000000, -0.000000000000000000 ) ) ;
#1028 = EDGE_CURVE ( 'NONE', #3460, #570, #2419, .T. ) ;
#1029 = CARTESIAN_POINT ( 'NONE',  ( 1.080000000000000071, -1.400000000000000799, 0.9000000000000002442 ) ) ;
#1030 = CARTESIAN_POINT ( 'NONE',  ( 1.080000000000000071, 1.400000000000000355, 0.9000000000000002442 ) ) ;
#1031 =( NAMED_UNIT ( * ) PLANE_ANGLE_UNIT ( ) SI_UNIT ( $, .RADIAN. ) );
#1032 = LINE ( 'NONE', #2410, #1908 ) ;
#1033 = PLANE ( 'NONE',  #2770 ) ;
#1034 = DIRECTION ( 'NONE',  ( 0.000000000000000000, -1.000000000000000000, -0.000000000000000000 ) ) ;
#1035 = FILL_AREA_STYLE_COLOUR ( '', #2716 ) ;
#1036 = CARTESIAN_POINT ( 'NONE',  ( 0.7800000000000001377, -1.400000000000000799, -0.9000000000000002442 ) ) ;
#1037 = SURFACE_STYLE_USAGE ( .BOTH. , #2816 ) ;
#1038 = AXIS2_PLACEMENT_3D ( 'NONE', #595, #2954, #2695 ) ;
#1039 = ORIENTED_EDGE ( 'NONE', *, *, #4444, .F. ) ;
#1040 = CARTESIAN_POINT ( 'NONE',  ( 1.169999999999999929, -1.300000000000000488, 0.6999999999999992895 ) ) ;
#1041 = EDGE_LOOP ( 'NONE', ( #2970, #2352, #3476, #3189 ) ) ;
#1042 = VECTOR ( 'NONE', #2724, 1000.000000000000000 ) ;
#1043 = PLANE ( 'NONE',  #1768 ) ;
#1044 = VECTOR ( 'NONE', #2640, 1000.000000000000000 ) ;
#1045 = DIRECTION ( 'NONE',  ( -0.000000000000000000, -1.000000000000000000, -0.000000000000000000 ) ) ;
#1046 = MECHANICAL_DESIGN_GEOMETRIC_PRESENTATION_REPRESENTATION (  '', ( #3960 ), #2572 ) ;
#1047 = VERTEX_POINT ( 'NONE', #3296 ) ;
#1048 = PLANE ( 'NONE',  #3088 ) ;
#1049 = ORIENTED_EDGE ( 'NONE', *, *, #4370, .T. ) ;
#1050 = VECTOR ( 'NONE', #3935, 1000.000000000000000 ) ;
#1051 = CARTESIAN_POINT ( 'NONE',  ( 0.08999999999999999667, 0.8249999999999997335, -1.350000000000000089 ) ) ;
#1052 = VECTOR ( 'NONE', #624, 1000.000000000000000 ) ;
#1053 = ADVANCED_FACE ( 'NONE', ( #186 ), #1223, .F. ) ;
#1054 = ADVANCED_FACE ( 'NONE', ( #2929 ), #1152, .T. ) ;
#1055 = DIRECTION ( 'NONE',  ( 0.000000000000000000, -1.000000000000000000, -8.340016711426957754E-17 ) ) ;
#1056 = VERTEX_POINT ( 'NONE', #4253 ) ;
#1057 = LINE ( 'NONE', #2437, #907 ) ;
#1058 = STYLED_ITEM ( 'NONE', ( #2050 ), #792 ) ;
#1059 = EDGE_CURVE ( 'NONE', #4461, #1598, #3953, .T. ) ;
#1060 = CARTESIAN_POINT ( 'NONE',  ( 0.000000000000000000, 0.000000000000000000, 0.000000000000000000 ) ) ;
#1061 = CARTESIAN_POINT ( 'NONE',  ( 0.000000000000000000, -1.199999999999999289, 0.3250000000000002331 ) ) ;
#1062 = SURFACE_STYLE_FILL_AREA ( #1772 ) ;
#1063 = LINE ( 'NONE', #1489, #4041 ) ;
#1064 =( NAMED_UNIT ( * ) PLANE_ANGLE_UNIT ( ) SI_UNIT ( $, .RADIAN. ) );
#1065 = STYLED_ITEM ( 'NONE', ( #2987 ), #82 ) ;
#1066 = VERTEX_POINT ( 'NONE', #156 ) ;
#1067 = VECTOR ( 'NONE', #1185, 1000.000000000000000 ) ;
#1068 = DIRECTION ( 'NONE',  ( 0.000000000000000000, 1.668003342285392044E-16, -1.000000000000000000 ) ) ;
#1069 = VERTEX_POINT ( 'NONE', #3192 ) ;
#1070 = ORIENTED_EDGE ( 'NONE', *, *, #2054, .F. ) ;
#1071 = CLOSED_SHELL ( 'NONE', ( #2292, #890, #736, #4148, #1054, #2263 ) ) ;
#1072 = AXIS2_PLACEMENT_3D ( 'NONE', #3356, #2000, #4023 ) ;
#1073 = DIRECTION ( 'NONE',  ( 0.000000000000000000, -1.000000000000000000, 1.668003342285392044E-16 ) ) ;
#1074 = FACE_OUTER_BOUND ( 'NONE', #3114, .T. ) ;
#1075 = ORIENTED_EDGE ( 'NONE', *, *, #3986, .F. ) ;
#1076 = PLANE ( 'NONE',  #3139 ) ;
#1077 = EDGE_CURVE ( 'NONE', #1421, #1977, #3976, .T. ) ;
#1078 = EDGE_LOOP ( 'NONE', ( #3871, #468, #3650, #1274 ) ) ;
#1079 = EDGE_LOOP ( 'NONE', ( #3154, #613, #3552, #654 ) ) ;
#1080 = PLANE ( 'NONE',  #3671 ) ;
#1081 = MECHANICAL_DESIGN_GEOMETRIC_PRESENTATION_REPRESENTATION (  '', ( #634 ), #2228 ) ;
#1082 =( NAMED_UNIT ( * ) PLANE_ANGLE_UNIT ( ) SI_UNIT ( $, .RADIAN. ) );
#1083 = VECTOR ( 'NONE', #3504, 1000.000000000000000 ) ;
#1084 = PRESENTATION_STYLE_ASSIGNMENT (( #4129 ) ) ;
#1085 = DIRECTION ( 'NONE',  ( 1.000000000000000000, 0.000000000000000000, -0.000000000000000000 ) ) ;
#1086 = EDGE_LOOP ( 'NONE', ( #947, #1119, #4290, #3180 ) ) ;
#1087 = CARTESIAN_POINT ( 'NONE',  ( 0.2300000000000000100, -1.999999999999999556, 1.500000000000000222 ) ) ;
#1088 = CARTESIAN_POINT ( 'NONE',  ( 0.08999999999999999667, -1.849999999999999201, -0.3249999999999998446 ) ) ;
#1089 = LINE ( 'NONE', #4249, #1859 ) ;
#1090 = DIRECTION ( 'NONE',  ( -0.000000000000000000, 0.000000000000000000, 1.000000000000000000 ) ) ;
#1091 = DIRECTION ( 'NONE',  ( 0.000000000000000000, 0.000000000000000000, -1.000000000000000000 ) ) ;
#1092 = UNCERTAINTY_MEASURE_WITH_UNIT (LENGTH_MEASURE( 1.000000000000000082E-05 ), #3700, 'distance_accuracy_value', 'NONE');
#1093 = EDGE_CURVE ( 'NONE', #4145, #3662, #2883, .T. ) ;
#1094 = FACE_BOUND ( 'NONE', #1159, .T. ) ;
#1095 = EDGE_CURVE ( 'NONE', #2776, #3852, #1796, .T. ) ;
#1096 = SURFACE_SIDE_STYLE ('',( #3794 ) ) ;
#1097 = ORIENTED_EDGE ( 'NONE', *, *, #946, .F. ) ;
#1098 = ORIENTED_EDGE ( 'NONE', *, *, #1221, .T. ) ;
#1099 = EDGE_CURVE ( 'NONE', #1691, #4421, #3611, .T. ) ;
#1100 = CARTESIAN_POINT ( 'NONE',  ( 0.2300000000000000100, 1.400000000000000355, -0.9000000000000002442 ) ) ;
#1101 = ORIENTED_EDGE ( 'NONE', *, *, #2395, .F. ) ;
#1102 = DIRECTION ( 'NONE',  ( -1.000000000000000000, -0.000000000000000000, -0.000000000000000000 ) ) ;
#1103 = ORIENTED_EDGE ( 'NONE', *, *, #279, .T. ) ;
#1104 = LINE ( 'NONE', #374, #3020 ) ;
#1105 = AXIS2_PLACEMENT_3D ( 'NONE', #4190, #1718, #384 ) ;
#1106 = CYLINDRICAL_SURFACE ( 'NONE', #1993, 0.2342874139153912350 ) ;
#1107 = ORIENTED_EDGE ( 'NONE', *, *, #119, .T. ) ;
#1108 = CARTESIAN_POINT ( 'NONE',  ( 0.2300000000000000100, 1.800000000000000488, 0.8999999999999973577 ) ) ;
#1109 = SURFACE_SIDE_STYLE ('',( #4210 ) ) ;
#1110 =( NAMED_UNIT ( * ) PLANE_ANGLE_UNIT ( ) SI_UNIT ( $, .RADIAN. ) );
#1111 = ORIENTED_EDGE ( 'NONE', *, *, #4196, .F. ) ;
#1112 = DIRECTION ( 'NONE',  ( 0.000000000000000000, 1.000000000000000000, 0.000000000000000000 ) ) ;
#1113 = EDGE_LOOP ( 'NONE', ( #2734, #2151, #631, #342 ) ) ;
#1114 = ORIENTED_EDGE ( 'NONE', *, *, #4232, .T. ) ;
#1115 =( GEOMETRIC_REPRESENTATION_CONTEXT ( 3 ) GLOBAL_UNCERTAINTY_ASSIGNED_CONTEXT ( ( #3503 ) ) GLOBAL_UNIT_ASSIGNED_CONTEXT ( ( #3485, #2405, #3132 ) ) REPRESENTATION_CONTEXT ( 'NONE', 'WORKASPACE' ) );
#1116 = CARTESIAN_POINT ( 'NONE',  ( 1.080000000000000071, -1.200000000000000622, 0.7999999999999999334 ) ) ;
#1117 = VERTEX_POINT ( 'NONE', #422 ) ;
#1118 = ORIENTED_EDGE ( 'NONE', *, *, #2654, .F. ) ;
#1119 = ORIENTED_EDGE ( 'NONE', *, *, #3130, .T. ) ;
#1120 = SURFACE_STYLE_USAGE ( .BOTH. , #1433 ) ;
#1121 = AXIS2_PLACEMENT_3D ( 'NONE', #4086, #2677, #3721 ) ;
#1122 = VECTOR ( 'NONE', #3214, 1000.000000000000000 ) ;
#1123 = LINE ( 'NONE', #2921, #4388 ) ;
#1125 = DIRECTION ( 'NONE',  ( 1.000000000000000000, 0.000000000000000000, -0.000000000000000000 ) ) ;
#1124 = VECTOR ( 'NONE', #96, 1000.000000000000000 ) ;
#1126 = EDGE_LOOP ( 'NONE', ( #3948, #1955, #3592, #43 ) ) ;
#1127 = AXIS2_PLACEMENT_3D ( 'NONE', #3309, #559, #976 ) ;
#1128 = CARTESIAN_POINT ( 'NONE',  ( 0.08999999999999999667, 1.274999999999999467, 1.350000000000000533 ) ) ;
#1129 = PLANE ( 'NONE',  #2416 ) ;
#1130 = DIRECTION ( 'NONE',  ( -1.000000000000000000, 0.000000000000000000, 0.000000000000000000 ) ) ;
#1131 = FILL_AREA_STYLE_COLOUR ( '', #3686 ) ;
#1132 = UNCERTAINTY_MEASURE_WITH_UNIT (LENGTH_MEASURE( 1.000000000000000082E-05 ), #899, 'distance_accuracy_value', 'NONE');
#1133 = EDGE_CURVE ( 'NONE', #3432, #1625, #495, .T. ) ;
#1134 = DIRECTION ( 'NONE',  ( -1.000000000000000000, 0.000000000000000000, 0.000000000000000000 ) ) ;
#1135 = CARTESIAN_POINT ( 'NONE',  ( 0.000000000000000000, 1.200000000000000178, -0.3249999999999997891 ) ) ;
#1136 = ORIENTED_EDGE ( 'NONE', *, *, #2802, .F. ) ;
#1137 = EDGE_LOOP ( 'NONE', ( #1626, #2398, #2477, #194 ) ) ;
#1138 = CARTESIAN_POINT ( 'NONE',  ( 0.000000000000000000, 0.3249999999999995670, 0.7000000000000003997 ) ) ;
#1139 = EDGE_CURVE ( 'NONE', #872, #587, #3564, .T. ) ;
#1140 = VECTOR ( 'NONE', #2934, 1000.000000000000000 ) ;
#1141 = CARTESIAN_POINT ( 'NONE',  ( 0.000000000000000000, 1.200000000000000178, 0.3250000000000002331 ) ) ;
#1142 = ORIENTED_EDGE ( 'NONE', *, *, #1657, .F. ) ;
#1143 = ORIENTED_EDGE ( 'NONE', *, *, #403, .T. ) ;
#1144 = ADVANCED_FACE ( 'NONE', ( #440 ), #108, .T. ) ;
#1145 =( LENGTH_UNIT ( ) NAMED_UNIT ( * ) SI_UNIT ( .MILLI., .METRE. ) );
#1146 = VECTOR ( 'NONE', #3655, 1000.000000000000000 ) ;
#1147 = VERTEX_POINT ( 'NONE', #3265 ) ;
#1148 = PRESENTATION_STYLE_ASSIGNMENT (( #829 ) ) ;
#1149 =( NAMED_UNIT ( * ) SI_UNIT ( $, .STERADIAN. ) SOLID_ANGLE_UNIT ( ) );
#1150 = LINE ( 'NONE', #2925, #3168 ) ;
#1151 = FACE_OUTER_BOUND ( 'NONE', #749, .T. ) ;
#1152 = PLANE ( 'NONE',  #1263 ) ;
#1153 = DIRECTION ( 'NONE',  ( 0.000000000000000000, 0.000000000000000000, -1.000000000000000000 ) ) ;
#1154 =( NAMED_UNIT ( * ) PLANE_ANGLE_UNIT ( ) SI_UNIT ( $, .RADIAN. ) );
#1155 = DIRECTION ( 'NONE',  ( -1.000000000000000000, -0.000000000000000000, -0.000000000000000000 ) ) ;
#1156 = ADVANCED_FACE ( 'NONE', ( #1527 ), #461, .F. ) ;
#1157 = LINE ( 'NONE', #444, #2341 ) ;
#1158 =( NAMED_UNIT ( * ) SI_UNIT ( $, .STERADIAN. ) SOLID_ANGLE_UNIT ( ) );
#1159 = EDGE_LOOP ( 'NONE', ( #1875, #1231, #4429, #4296 ) ) ;
#1160 = DIRECTION ( 'NONE',  ( 0.000000000000000000, -1.000000000000000000, -1.668003342285392044E-16 ) ) ;
#1161 = ADVANCED_FACE ( 'NONE', ( #3215 ), #859, .F. ) ;
#1162 = PLANE ( 'NONE',  #2968 ) ;
#1163 = VERTEX_POINT ( 'NONE', #3376 ) ;
#1164 = ORIENTED_EDGE ( 'NONE', *, *, #4093, .F. ) ;
#1165 = ORIENTED_EDGE ( 'NONE', *, *, #3627, .T. ) ;
#1166 = LINE ( 'NONE', #3185, #1083 ) ;
#1167 = CARTESIAN_POINT ( 'NONE',  ( 1.080000000000000071, 1.084973857298660693, 0.6080316218280389373 ) ) ;
#1168 = CARTESIAN_POINT ( 'NONE',  ( 0.7800000000000001377, 1.400000000000000355, -0.9000000000000002442 ) ) ;
#1169 = PRESENTATION_STYLE_ASSIGNMENT (( #100 ) ) ;
#1170 = ORIENTED_EDGE ( 'NONE', *, *, #2630, .F. ) ;
#1171 = AXIS2_PLACEMENT_3D ( 'NONE', #1576, #3318, #3964 ) ;
#1172 = DIRECTION ( 'NONE',  ( 0.000000000000000000, 1.000000000000000000, -3.336006684570784088E-16 ) ) ;
#1173 = AXIS2_PLACEMENT_3D ( 'NONE', #3297, #2328, #929 ) ;
#1174 = ADVANCED_FACE ( 'NONE', ( #2318 ), #1589, .F. ) ;
#1175 = CARTESIAN_POINT ( 'NONE',  ( 0.08999999999999999667, -1.199999999999999289, -0.3249999999999997891 ) ) ;
#1176 = DIRECTION ( 'NONE',  ( 6.505213034913023449E-15, -1.000000000000000000, -6.505213034913023449E-15 ) ) ;
#1177 = CARTESIAN_POINT ( 'NONE',  ( 0.000000000000000000, 0.000000000000000000, 0.000000000000000000 ) ) ;
#1178 = FILL_AREA_STYLE_COLOUR ( '', #705 ) ;
#1179 = EDGE_CURVE ( 'NONE', #724, #1269, #3696, .T. ) ;
#1180 = PLANE ( 'NONE',  #2516 ) ;
#1181 = FACE_OUTER_BOUND ( 'NONE', #948, .T. ) ;
#1182 = PLANE ( 'NONE',  #2272 ) ;
#1183 = CARTESIAN_POINT ( 'NONE',  ( 0.2300000000000000100, 2.000000000000000444, 1.500000000000000222 ) ) ;
#1184 = ORIENTED_EDGE ( 'NONE', *, *, #1295, .T. ) ;
#1185 = DIRECTION ( 'NONE',  ( 0.000000000000000000, 0.000000000000000000, 1.000000000000000000 ) ) ;
#1186 = CARTESIAN_POINT ( 'NONE',  ( 0.000000000000000000, -0.8250000000000003997, -1.350000000000000089 ) ) ;
#1187 = CARTESIAN_POINT ( 'NONE',  ( 0.2300000000000000100, -1.800000000000000711, 0.8999999999999973577 ) ) ;
#1188 = ORIENTED_EDGE ( 'NONE', *, *, #1077, .F. ) ;
#1189 = EDGE_LOOP ( 'NONE', ( #1111, #4245, #407, #3942 ) ) ;
#1190 = ORIENTED_EDGE ( 'NONE', *, *, #3711, .F. ) ;
#1191 = CARTESIAN_POINT ( 'NONE',  ( 0.000000000000000000, 0.3249999999999995670, -1.350000000000000089 ) ) ;
#1192 = VECTOR ( 'NONE', #480, 1000.000000000000000 ) ;
#1193 = SURFACE_STYLE_FILL_AREA ( #4313 ) ;
#1194 = ORIENTED_EDGE ( 'NONE', *, *, #4127, .F. ) ;
#1195 = MECHANICAL_DESIGN_GEOMETRIC_PRESENTATION_REPRESENTATION (  '', ( #2985 ), #540 ) ;
#1196 = SURFACE_SIDE_STYLE ('',( #1545 ) ) ;
#1197 = ADVANCED_FACE ( 'NONE', ( #1319 ), #2256, .T. ) ;
#1198 = FACE_OUTER_BOUND ( 'NONE', #2224, .T. ) ;
#1199 = AXIS2_PLACEMENT_3D ( 'NONE', #940, #233, #3697 ) ;
#1200 = CIRCLE ( 'NONE', #1260, 0.1000000000000000472 ) ;
#1201 = SURFACE_SIDE_STYLE ('',( #134 ) ) ;
#1202 = EDGE_CURVE ( 'NONE', #3128, #3693, #2639, .T. ) ;
#1203 = CARTESIAN_POINT ( 'NONE',  ( 0.08999999999999999667, 1.850000000000000089, 0.3250000000000001221 ) ) ;
#1204 = CARTESIAN_POINT ( 'NONE',  ( 0.08999999999999999667, 0.000000000000000000, 0.000000000000000000 ) ) ;
#1205 = CARTESIAN_POINT ( 'NONE',  ( 0.000000000000000000, 0.3249999999999995670, 1.350000000000000533 ) ) ;
#1206 = VECTOR ( 'NONE', #667, 1000.000000000000000 ) ;
#1207 = DIRECTION ( 'NONE',  ( 0.000000000000000000, 0.000000000000000000, 1.000000000000000000 ) ) ;
#1208 = ORIENTED_EDGE ( 'NONE', *, *, #693, .F. ) ;
#1209 = ORIENTED_EDGE ( 'NONE', *, *, #3377, .T. ) ;
#1210 = ORIENTED_EDGE ( 'NONE', *, *, #4185, .F. ) ;
#1211 = MECHANICAL_DESIGN_GEOMETRIC_PRESENTATION_REPRESENTATION (  '', ( #128 ), #1560 ) ;
#1212 = ADVANCED_FACE ( 'NONE', ( #1910 ), #3720, .F. ) ;
#1213 = CARTESIAN_POINT ( 'NONE',  ( 0.08999999999999999667, -1.475000000000000089, -1.350000000000000089 ) ) ;
#1214 = CARTESIAN_POINT ( 'NONE',  ( 1.169999999999999929, -1.300000000000000488, -0.6999999999999994005 ) ) ;
#1215 = ORIENTED_EDGE ( 'NONE', *, *, #3087, .F. ) ;
#1216 = SURFACE_STYLE_FILL_AREA ( #4336 ) ;
#1217 = PRESENTATION_LAYER_ASSIGNMENT (  '', '', ( #989 ) ) ;
#1218 = COLOUR_RGB ( '',0.7921568627450980005, 0.8196078431372548767, 0.9333333333333333481 ) ;
#1219 = LINE ( 'NONE', #3213, #4490 ) ;
#1220 = VECTOR ( 'NONE', #3131, 1000.000000000000000 ) ;
#1221 = EDGE_CURVE ( 'NONE', #3128, #2100, #2154, .T. ) ;
#1222 = DIRECTION ( 'NONE',  ( -1.000000000000000000, -0.000000000000000000, -0.000000000000000000 ) ) ;
#1223 = PLANE ( 'NONE',  #837 ) ;
#1224 =( LENGTH_UNIT ( ) NAMED_UNIT ( * ) SI_UNIT ( .MILLI., .METRE. ) );
#1225 = MECHANICAL_DESIGN_GEOMETRIC_PRESENTATION_REPRESENTATION (  '', ( #4279 ), #2947 ) ;
#1226 = DIRECTION ( 'NONE',  ( 0.000000000000000000, 1.000000000000000000, -1.668003342285392044E-16 ) ) ;
#1227 = CARTESIAN_POINT ( 'NONE',  ( 0.000000000000000000, 0.3249999999999995670, -0.6999999999999999556 ) ) ;
#1228 = CARTESIAN_POINT ( 'NONE',  ( 0.4300000000000000488, 1.700000000000000400, 0.8999999999999981348 ) ) ;
#1229 = SURFACE_STYLE_FILL_AREA ( #3220 ) ;
#1230 = ADVANCED_FACE ( 'NONE', ( #1304 ), #4409, .T. ) ;
#1231 = ORIENTED_EDGE ( 'NONE', *, *, #1752, .F. ) ;
#1232 = ORIENTED_EDGE ( 'NONE', *, *, #1099, .F. ) ;
#1233 = ORIENTED_EDGE ( 'NONE', *, *, #3384, .T. ) ;
#1234 = EDGE_CURVE ( 'NONE', #4355, #910, #4405, .T. ) ;
#1235 = DIRECTION ( 'NONE',  ( 0.000000000000000000, -3.336006684570783101E-16, 1.000000000000000000 ) ) ;
#1236 = PRESENTATION_STYLE_ASSIGNMENT (( #1272 ) ) ;
#1237 = SURFACE_STYLE_USAGE ( .BOTH. , #3607 ) ;
#1238 = DIRECTION ( 'NONE',  ( 0.000000000000000000, -0.000000000000000000, -1.000000000000000000 ) ) ;
#1239 = SURFACE_SIDE_STYLE ('',( #3021 ) ) ;
#1240 = AXIS2_PLACEMENT_3D ( 'NONE', #428, #1802, #794 ) ;
#1241 = FILL_AREA_STYLE ('',( #4018 ) ) ;
#1242 = FACE_OUTER_BOUND ( 'NONE', #172, .T. ) ;
#1243 = LINE ( 'NONE', #1183, #2634 ) ;
#1244 =( LENGTH_UNIT ( ) NAMED_UNIT ( * ) SI_UNIT ( .MILLI., .METRE. ) );
#1245 = DIRECTION ( 'NONE',  ( 0.000000000000000000, 1.000000000000000000, -1.668003342285392044E-16 ) ) ;
#1246 = ORIENTED_EDGE ( 'NONE', *, *, #827, .F. ) ;
#1247 = EDGE_LOOP ( 'NONE', ( #914, #95, #2685, #4095 ) ) ;
#1248 = EDGE_LOOP ( 'NONE', ( #1373, #1778, #3689, #2754 ) ) ;
#1249 = CARTESIAN_POINT ( 'NONE',  ( 0.000000000000000000, 0.8249999999999997335, 1.350000000000000533 ) ) ;
#1250 = DIRECTION ( 'NONE',  ( 1.000000000000000000, -0.000000000000000000, -0.000000000000000000 ) ) ;
#1251 = ORIENTED_EDGE ( 'NONE', *, *, #190, .F. ) ;
#1252 = SURFACE_STYLE_FILL_AREA ( #3348 ) ;
#1253 = MECHANICAL_DESIGN_GEOMETRIC_PRESENTATION_REPRESENTATION (  '', ( #895 ), #3800 ) ;
#1254 = DIRECTION ( 'NONE',  ( -0.000000000000000000, -1.000000000000000000, 1.668003342285391551E-16 ) ) ;
#1255 = SURFACE_STYLE_USAGE ( .BOTH. , #2619 ) ;
#1256 = VECTOR ( 'NONE', #3146, 1000.000000000000114 ) ;
#1257 = VECTOR ( 'NONE', #2284, 1000.000000000000000 ) ;
#1258 = PLANE ( 'NONE',  #39 ) ;
#1259 = CARTESIAN_POINT ( 'NONE',  ( 0.000000000000000000, 1.474999999999999423, 0.7000000000000003997 ) ) ;
#1260 = AXIS2_PLACEMENT_3D ( 'NONE', #176, #2831, #4250 ) ;
#1261 = EDGE_CURVE ( 'NONE', #1117, #820, #1384, .T. ) ;
#1262 = DIRECTION ( 'NONE',  ( -1.000000000000000000, -0.000000000000000000, -0.000000000000000000 ) ) ;
#1263 = AXIS2_PLACEMENT_3D ( 'NONE', #1177, #1130, #1868 ) ;
#1264 =( GEOMETRIC_REPRESENTATION_CONTEXT ( 3 ) GLOBAL_UNCERTAINTY_ASSIGNED_CONTEXT ( ( #2704 ) ) GLOBAL_UNIT_ASSIGNED_CONTEXT ( ( #1145, #126, #1654 ) ) REPRESENTATION_CONTEXT ( 'NONE', 'WORKASPACE' ) );
#1265 = DIRECTION ( 'NONE',  ( 0.000000000000000000, 3.336006684570783101E-16, 1.000000000000000000 ) ) ;
#1266 = VECTOR ( 'NONE', #2303, 1000.000000000000000 ) ;
#1267 = ORIENTED_EDGE ( 'NONE', *, *, #3256, .T. ) ;
#1268 = ORIENTED_EDGE ( 'NONE', *, *, #2888, .T. ) ;
#1269 = VERTEX_POINT ( 'NONE', #3161 ) ;
#1270 = FILL_AREA_STYLE_COLOUR ( '', #3586 ) ;
#1271 = ORIENTED_EDGE ( 'NONE', *, *, #2101, .F. ) ;
#1272 = SURFACE_STYLE_USAGE ( .BOTH. , #1601 ) ;
#1273 = CARTESIAN_POINT ( 'NONE',  ( 0.4299999999999999933, 1.800000000000000488, -0.8999999999999974687 ) ) ;
#1274 = ORIENTED_EDGE ( 'NONE', *, *, #2501, .T. ) ;
#1275 = SURFACE_STYLE_USAGE ( .BOTH. , #592 ) ;
#1276 = EDGE_CURVE ( 'NONE', #44, #3301, #2089, .T. ) ;
#1277 = FILL_AREA_STYLE ('',( #1907 ) ) ;
#1278 = PRESENTATION_LAYER_ASSIGNMENT (  '', '', ( #3152 ) ) ;
#1279 = EDGE_CURVE ( 'NONE', #3662, #4054, #2366, .T. ) ;
#1280 = VECTOR ( 'NONE', #446, 1000.000000000000000 ) ;
#1281 =( LENGTH_UNIT ( ) NAMED_UNIT ( * ) SI_UNIT ( .MILLI., .METRE. ) );
#1282 =( GEOMETRIC_REPRESENTATION_CONTEXT ( 3 ) GLOBAL_UNCERTAINTY_ASSIGNED_CONTEXT ( ( #4138 ) ) GLOBAL_UNIT_ASSIGNED_CONTEXT ( ( #2095, #3491, #590 ) ) REPRESENTATION_CONTEXT ( 'NONE', 'WORKASPACE' ) );
#1283 = STYLED_ITEM ( 'NONE', ( #1169 ), #1426 ) ;
#1284 = EDGE_CURVE ( 'NONE', #570, #3524, #4168, .T. ) ;
#1285 = DIRECTION ( 'NONE',  ( 0.000000000000000000, -3.336006684570783101E-16, 1.000000000000000000 ) ) ;
#1286 = CARTESIAN_POINT ( 'NONE',  ( 0.000000000000000000, -0.8250000000000003997, 0.7000000000000003997 ) ) ;
#1287 = PLANE ( 'NONE',  #2420 ) ;
#1288 = VECTOR ( 'NONE', #1014, 1000.000000000000000 ) ;
#1289 = DIRECTION ( 'NONE',  ( 0.000000000000000000, -1.000000000000000000, 1.668003342285392044E-16 ) ) ;
#1290 = EDGE_CURVE ( 'NONE', #1792, #2839, #2807, .T. ) ;
#1291 = EDGE_CURVE ( 'NONE', #3902, #2851, #3860, .T. ) ;
#1292 = VERTEX_POINT ( 'NONE', #1726 ) ;
#1293 = ORIENTED_EDGE ( 'NONE', *, *, #1684, .T. ) ;
#1294 = ORIENTED_EDGE ( 'NONE', *, *, #1746, .F. ) ;
#1295 = EDGE_CURVE ( 'NONE', #3902, #2916, #1342, .T. ) ;
#1296 = CARTESIAN_POINT ( 'NONE',  ( 0.000000000000000000, -0.3250000000000003997, 0.7000000000000005107 ) ) ;
#1297 =( LENGTH_UNIT ( ) NAMED_UNIT ( * ) SI_UNIT ( .MILLI., .METRE. ) );
#1298 = ORIENTED_EDGE ( 'NONE', *, *, #1597, .T. ) ;
#1299 = CARTESIAN_POINT ( 'NONE',  ( 0.08999999999999999667, -1.475000000000000311, -0.7000000000000000666 ) ) ;
#1300 = ORIENTED_EDGE ( 'NONE', *, *, #2319, .F. ) ;
#1301 = DIRECTION ( 'NONE',  ( 0.000000000000000000, 0.000000000000000000, 1.000000000000000000 ) ) ;
#1302 = AXIS2_PLACEMENT_3D ( 'NONE', #2385, #302, #1747 ) ;
#1303 = ADVANCED_FACE ( 'NONE', ( #2763 ), #3090, .F. ) ;
#1304 = FACE_OUTER_BOUND ( 'NONE', #2358, .T. ) ;
#1305 = DIRECTION ( 'NONE',  ( 0.000000000000000000, 0.000000000000000000, -1.000000000000000000 ) ) ;
#1306 = CARTESIAN_POINT ( 'NONE',  ( 0.08999999999999999667, 1.200000000000000178, -0.3249999999999997891 ) ) ;
#1307 = FACE_OUTER_BOUND ( 'NONE', #3327, .T. ) ;
#1308 = LINE ( 'NONE', #3767, #4031 ) ;
#1309 = SURFACE_STYLE_USAGE ( .BOTH. , #3769 ) ;
#1310 = VECTOR ( 'NONE', #370, 1000.000000000000000 ) ;
#1311 = CARTESIAN_POINT ( 'NONE',  ( 0.08999999999999999667, -0.3250000000000003997, -0.7000000000000000666 ) ) ;
#1312 = EDGE_LOOP ( 'NONE', ( #1436, #3822, #3479, #2980 ) ) ;
#1313 = ORIENTED_EDGE ( 'NONE', *, *, #1819, .F. ) ;
#1314 = DIRECTION ( 'NONE',  ( -1.000000000000000000, -0.000000000000000000, -0.000000000000000000 ) ) ;
#1315 = LINE ( 'NONE', #1361, #3710 ) ;
#1316 = EDGE_LOOP ( 'NONE', ( #3667, #2169, #1556, #2313 ) ) ;
#1317 = FACE_OUTER_BOUND ( 'NONE', #795, .T. ) ;
#1318 = DIRECTION ( 'NONE',  ( 0.000000000000000000, 0.000000000000000000, 1.000000000000000000 ) ) ;
#1319 = FACE_OUTER_BOUND ( 'NONE', #1693, .T. ) ;
#1320 = PRESENTATION_STYLE_ASSIGNMENT (( #4453 ) ) ;
#1321 = SURFACE_SIDE_STYLE ('',( #3043 ) ) ;
#1322 = EDGE_CURVE ( 'NONE', #4187, #522, #2110, .T. ) ;
#1323 = CARTESIAN_POINT ( 'NONE',  ( 0.000000000000000000, -1.999999999999999556, 1.500000000000000222 ) ) ;
#1324 = CARTESIAN_POINT ( 'NONE',  ( 0.08999999999999999667, -0.3250000000000003997, 0.7000000000000005107 ) ) ;
#1325 = DIRECTION ( 'NONE',  ( 0.000000000000000000, 1.000000000000000000, -3.336006684570784088E-16 ) ) ;
#1326 =( GEOMETRIC_REPRESENTATION_CONTEXT ( 3 ) GLOBAL_UNCERTAINTY_ASSIGNED_CONTEXT ( ( #3084 ) ) GLOBAL_UNIT_ASSIGNED_CONTEXT ( ( #3208, #3929, #3949 ) ) REPRESENTATION_CONTEXT ( 'NONE', 'WORKASPACE' ) );
#1327 = SURFACE_STYLE_FILL_AREA ( #287 ) ;
#1328 = DIRECTION ( 'NONE',  ( 0.000000000000000000, 0.000000000000000000, 1.000000000000000000 ) ) ;
#1329 = EDGE_CURVE ( 'NONE', #2190, #3358, #1006, .T. ) ;
#1330 = VECTOR ( 'NONE', #2258, 1000.000000000000000 ) ;
#1331 = DIRECTION ( 'NONE',  ( 0.000000000000000000, 1.000000000000000000, -6.866613759074863256E-15 ) ) ;
#1332 = VECTOR ( 'NONE', #2697, 1000.000000000000000 ) ;
#1333 = ORIENTED_EDGE ( 'NONE', *, *, #241, .F. ) ;
#1334 = AXIS2_PLACEMENT_3D ( 'NONE', #3699, #2662, #1950 ) ;
#1335 = ORIENTED_EDGE ( 'NONE', *, *, #2407, .T. ) ;
#1336 = CARTESIAN_POINT ( 'NONE',  ( 0.08999999999999999667, 0.8249999999999997335, 1.350000000000000533 ) ) ;
#1337 = LINE ( 'NONE', #2709, #3342 ) ;
#1338 = ORIENTED_EDGE ( 'NONE', *, *, #3238, .T. ) ;
#1339 = ORIENTED_EDGE ( 'NONE', *, *, #472, .T. ) ;
#1340 = DIRECTION ( 'NONE',  ( 0.000000000000000000, 0.000000000000000000, -1.000000000000000000 ) ) ;
#1341 = ADVANCED_FACE ( 'NONE', ( #2717 ), #2739, .T. ) ;
#1342 = LINE ( 'NONE', #977, #3197 ) ;
#1343 = AXIS2_PLACEMENT_3D ( 'NONE', #1753, #1134, #1797 ) ;
#1344 = ADVANCED_FACE ( 'NONE', ( #3133 ), #3808, .T. ) ;
#1345 = SURFACE_STYLE_FILL_AREA ( #3067 ) ;
#1346 = LINE ( 'NONE', #2344, #1485 ) ;
#1347 = AXIS2_PLACEMENT_3D ( 'NONE', #3641, #3588, #863 ) ;
#1348 =( GEOMETRIC_REPRESENTATION_CONTEXT ( 3 ) GLOBAL_UNCERTAINTY_ASSIGNED_CONTEXT ( ( #1751 ) ) GLOBAL_UNIT_ASSIGNED_CONTEXT ( ( #617, #1031, #2091 ) ) REPRESENTATION_CONTEXT ( 'NONE', 'WORKASPACE' ) );
#1349 = DIRECTION ( 'NONE',  ( -0.000000000000000000, -1.000000000000000000, -0.000000000000000000 ) ) ;
#1350 = CARTESIAN_POINT ( 'NONE',  ( 0.000000000000000000, -1.475000000000000311, -0.7000000000000000666 ) ) ;
#1351 = CARTESIAN_POINT ( 'NONE',  ( 0.08999999999999999667, 1.200000000000000178, -0.3249999999999997891 ) ) ;
#1352 = UNCERTAINTY_MEASURE_WITH_UNIT (LENGTH_MEASURE( 1.000000000000000082E-05 ), #3059, 'distance_accuracy_value', 'NONE');
#1353 = VECTOR ( 'NONE', #3048, 1000.000000000000000 ) ;
#1354 = AXIS2_PLACEMENT_3D ( 'NONE', #2243, #2609, #547 ) ;
#1355 = MECHANICAL_DESIGN_GEOMETRIC_PRESENTATION_REPRESENTATION (  '', ( #1640 ), #3982 ) ;
#1356 = ORIENTED_EDGE ( 'NONE', *, *, #3786, .F. ) ;
#1357 = ORIENTED_EDGE ( 'NONE', *, *, #1234, .F. ) ;
#1359 = ORIENTED_EDGE ( 'NONE', *, *, #665, .F. ) ;
#1358 = EDGE_CURVE ( 'NONE', #3394, #371, #1408, .T. ) ;
#1360 = DIRECTION ( 'NONE',  ( 0.000000000000000000, -1.000000000000000000, -0.000000000000000000 ) ) ;
#1361 = CARTESIAN_POINT ( 'NONE',  ( 0.08999999999999999667, 0.8249999999999997335, -1.350000000000000089 ) ) ;
#1362 = CARTESIAN_POINT ( 'NONE',  ( 0.000000000000000000, 0.8249999999999997335, 1.350000000000000533 ) ) ;
#1363 = ORIENTED_EDGE ( 'NONE', *, *, #1944, .T. ) ;
#1364 = CARTESIAN_POINT ( 'NONE',  ( 0.08999999999999999667, 0.3249999999999995670, 1.350000000000000533 ) ) ;
#1365 = CARTESIAN_POINT ( 'NONE',  ( 1.080000000000000071, -1.199999999999999956, -0.8000000000000001554 ) ) ;
#1366 = FILL_AREA_STYLE ('',( #716 ) ) ;
#1367 = DIRECTION ( 'NONE',  ( 0.000000000000000000, 0.000000000000000000, 1.000000000000000000 ) ) ;
#1368 = LINE ( 'NONE', #3797, #117 ) ;
#1369 = DIRECTION ( 'NONE',  ( -0.000000000000000000, 1.000000000000000000, 1.668003342285391551E-16 ) ) ;
#1370 = FILL_AREA_STYLE_COLOUR ( '', #1218 ) ;
#1371 = CARTESIAN_POINT ( 'NONE',  ( 0.000000000000000000, 1.850000000000000089, -0.3249999999999998446 ) ) ;
#1372 = CARTESIAN_POINT ( 'NONE',  ( 0.7800000000000001377, -1.400000000000000799, 0.9000000000000002442 ) ) ;
#1373 = ORIENTED_EDGE ( 'NONE', *, *, #2186, .F. ) ;
#1374 = VERTEX_POINT ( 'NONE', #4474 ) ;
#1375 = DIRECTION ( 'NONE',  ( -1.000000000000000000, -0.000000000000000000, -0.000000000000000000 ) ) ;
#1376 = ADVANCED_BREP_SHAPE_REPRESENTATION ( 'STCC4-D-R3', ( #3187, #1577, #1709, #1660, #3080, #1590, #82, #197, #1723, #1173 ), #2545 ) ;
#1377 = DIRECTION ( 'NONE',  ( -0.000000000000000000, 3.336006684570783101E-16, 1.000000000000000000 ) ) ;
#1378 = ORIENTED_EDGE ( 'NONE', *, *, #979, .T. ) ;
#1379 = LINE ( 'NONE', #4493, #1501 ) ;
#1380 = ORIENTED_EDGE ( 'NONE', *, *, #4185, .T. ) ;
#1381 = EDGE_CURVE ( 'NONE', #74, #1691, #2459, .T. ) ;
#1382 = CARTESIAN_POINT ( 'NONE',  ( 0.08999999999999999667, -0.3250000000000003997, -0.7000000000000000666 ) ) ;
#1383 =( LENGTH_UNIT ( ) NAMED_UNIT ( * ) SI_UNIT ( .MILLI., .METRE. ) );
#1384 = LINE ( 'NONE', #3836, #2207 ) ;
#1385 = DIRECTION ( 'NONE',  ( 1.000000000000000000, 0.000000000000000000, -6.505213034913023449E-15 ) ) ;
#1386 = CYLINDRICAL_SURFACE ( 'NONE', #3911, 0.1000000000000000472 ) ;
#1387 = DIRECTION ( 'NONE',  ( -0.000000000000000000, 3.336006684570783101E-16, 1.000000000000000000 ) ) ;
#1388 = CARTESIAN_POINT ( 'NONE',  ( 0.000000000000000000, 0.3249999999999995670, -1.350000000000000089 ) ) ;
#1389 = UNCERTAINTY_MEASURE_WITH_UNIT (LENGTH_MEASURE( 1.000000000000000082E-05 ), #256, 'distance_accuracy_value', 'NONE');
#1390 = EDGE_CURVE ( 'NONE', #1492, #2230, #689, .T. ) ;
#1391 = DIRECTION ( 'NONE',  ( 1.000000000000000000, 0.000000000000000000, -0.000000000000000000 ) ) ;
#1392 = VECTOR ( 'NONE', #2364, 1000.000000000000000 ) ;
#1393 = VERTEX_POINT ( 'NONE', #1435 ) ;
#1394 = PLANE ( 'NONE',  #1853 ) ;
#1395 = EDGE_LOOP ( 'NONE', ( #935, #2728, #2221, #1049 ) ) ;
#1396 = ORIENTED_EDGE ( 'NONE', *, *, #87, .F. ) ;
#1397 = STYLED_ITEM ( 'NONE', ( #2772 ), #3294 ) ;
#1398 = VECTOR ( 'NONE', #1749, 1000.000000000000000 ) ;
#1399 = DIRECTION ( 'NONE',  ( 1.000000000000000000, 0.000000000000000000, -0.000000000000000000 ) ) ;
#1400 =( GEOMETRIC_REPRESENTATION_CONTEXT ( 3 ) GLOBAL_UNCERTAINTY_ASSIGNED_CONTEXT ( ( #2989 ) ) GLOBAL_UNIT_ASSIGNED_CONTEXT ( ( #359, #66, #718 ) ) REPRESENTATION_CONTEXT ( 'NONE', 'WORKASPACE' ) );
#1401 = ORIENTED_EDGE ( 'NONE', *, *, #4255, .T. ) ;
#1402 = ORIENTED_EDGE ( 'NONE', *, *, #471, .F. ) ;
#1403 = ORIENTED_EDGE ( 'NONE', *, *, #3030, .T. ) ;
#1404 = FACE_OUTER_BOUND ( 'NONE', #1757, .T. ) ;
#1405 = VECTOR ( 'NONE', #3289, 1000.000000000000000 ) ;
#1406 = AXIS2_PLACEMENT_3D ( 'NONE', #2986, #1630, #4062 ) ;
#1407 = DIRECTION ( 'NONE',  ( 0.000000000000000000, 0.000000000000000000, 1.000000000000000000 ) ) ;
#1408 = LINE ( 'NONE', #1767, #2810 ) ;
#1409 = ORIENTED_EDGE ( 'NONE', *, *, #4332, .F. ) ;
#1410 = AXIS2_PLACEMENT_3D ( 'NONE', #2031, #4120, #3081 ) ;
#1411 = ADVANCED_FACE ( 'NONE', ( #2058 ), #1106, .F. ) ;
#1412 = DIRECTION ( 'NONE',  ( 0.000000000000000000, 0.7071067811865474617, -0.7071067811865474617 ) ) ;
#1413 = CARTESIAN_POINT ( 'NONE',  ( 0.08999999999999999667, 1.200000000000000178, -0.3249999999999997891 ) ) ;
#1414 = EDGE_CURVE ( 'NONE', #1856, #791, #2133, .T. ) ;
#1415 = PLANE ( 'NONE',  #3683 ) ;
#1416 = FILL_AREA_STYLE_COLOUR ( '', #3060 ) ;
#1417 = VECTOR ( 'NONE', #4440, 1000.000000000000000 ) ;
#1418 =( GEOMETRIC_REPRESENTATION_CONTEXT ( 3 ) GLOBAL_UNCERTAINTY_ASSIGNED_CONTEXT ( ( #1132 ) ) GLOBAL_UNIT_ASSIGNED_CONTEXT ( ( #899, #3678, #3350 ) ) REPRESENTATION_CONTEXT ( 'NONE', 'WORKASPACE' ) );
#1419 = EDGE_CURVE ( 'NONE', #3735, #505, #3283, .T. ) ;
#1420 = CARTESIAN_POINT ( 'NONE',  ( 0.7800000000000001377, -1.400000000000000799, 0.9000000000000002442 ) ) ;
#1421 = VERTEX_POINT ( 'NONE', #4224 ) ;
#1422 = ORIENTED_EDGE ( 'NONE', *, *, #2054, .T. ) ;
#1423 = CLOSED_SHELL ( 'NONE', ( #4209, #3029, #661, #4378, #686, #1156 ) ) ;
#1424 = PRESENTATION_LAYER_ASSIGNMENT (  '', '', ( #1640 ) ) ;
#1425 = PRESENTATION_STYLE_ASSIGNMENT (( #3521 ) ) ;
#1426 = ADVANCED_FACE ( 'NONE', ( #2574 ), #4244, .F. ) ;
#1427 = AXIS2_PLACEMENT_3D ( 'NONE', #3111, #1027, #1301 ) ;
#1428 = DIRECTION ( 'NONE',  ( 0.000000000000000000, 1.011922027653137735E-14, 1.000000000000000000 ) ) ;
#1429 = ORIENTED_EDGE ( 'NONE', *, *, #2003, .F. ) ;
#1430 = ORIENTED_EDGE ( 'NONE', *, *, #3066, .T. ) ;
#1431 = ORIENTED_EDGE ( 'NONE', *, *, #1482, .F. ) ;
#1432 =( GEOMETRIC_REPRESENTATION_CONTEXT ( 3 ) GLOBAL_UNCERTAINTY_ASSIGNED_CONTEXT ( ( #1389 ) ) GLOBAL_UNIT_ASSIGNED_CONTEXT ( ( #256, #1586, #2298 ) ) REPRESENTATION_CONTEXT ( 'NONE', 'WORKASPACE' ) );
#1433 = SURFACE_SIDE_STYLE ('',( #51 ) ) ;
#1434 = FACE_OUTER_BOUND ( 'NONE', #4011, .T. ) ;
#1435 = CARTESIAN_POINT ( 'NONE',  ( 0.4300000000000000488, -1.700000000000000844, 0.8999999999999981348 ) ) ;
#1436 = ORIENTED_EDGE ( 'NONE', *, *, #1139, .T. ) ;
#1437 = FILL_AREA_STYLE ('',( #3532 ) ) ;
#1438 = DIRECTION ( 'NONE',  ( 0.000000000000000000, 1.000000000000000000, 1.668003342285391551E-16 ) ) ;
#1439 = DIRECTION ( 'NONE',  ( 0.000000000000000000, -0.000000000000000000, -1.000000000000000000 ) ) ;
#1440 = DIRECTION ( 'NONE',  ( 1.000000000000000000, 0.000000000000000000, 0.000000000000000000 ) ) ;
#1441 = SURFACE_STYLE_USAGE ( .BOTH. , #1109 ) ;
#1442 = UNCERTAINTY_MEASURE_WITH_UNIT (LENGTH_MEASURE( 1.000000000000000082E-05 ), #4194, 'distance_accuracy_value', 'NONE');
#1443 = FILL_AREA_STYLE_COLOUR ( '', #963 ) ;
#1444 = VERTEX_POINT ( 'NONE', #3558 ) ;
#1445 = DIRECTION ( 'NONE',  ( -1.000000000000000000, -0.000000000000000000, -0.000000000000000000 ) ) ;
#1446 = ORIENTED_EDGE ( 'NONE', *, *, #3418, .T. ) ;
#1447 = VERTEX_POINT ( 'NONE', #3605 ) ;
#1448 = CARTESIAN_POINT ( 'NONE',  ( 0.000000000000000000, -1.849999999999999201, 0.3250000000000001221 ) ) ;
#1449 = CARTESIAN_POINT ( 'NONE',  ( 0.7800000000000001377, -1.400000000000000799, -0.9000000000000002442 ) ) ;
#1450 = ORIENTED_EDGE ( 'NONE', *, *, #3055, .F. ) ;
#1451 = LINE ( 'NONE', #3155, #3664 ) ;
#1452 = ORIENTED_EDGE ( 'NONE', *, *, #1620, .F. ) ;
#1453 =( NAMED_UNIT ( * ) SI_UNIT ( $, .STERADIAN. ) SOLID_ANGLE_UNIT ( ) );
#1454 = AXIS2_PLACEMENT_3D ( 'NONE', #2195, #1854, #4237 ) ;
#1455 = ADVANCED_FACE ( 'NONE', ( #151 ), #1021, .T. ) ;
#1456 = DIRECTION ( 'NONE',  ( 0.000000000000000000, -1.000000000000000000, 0.000000000000000000 ) ) ;
#1457 = CARTESIAN_POINT ( 'NONE',  ( 0.000000000000000000, 0.8249999999999995115, 0.7000000000000005107 ) ) ;
#1458 = CARTESIAN_POINT ( 'NONE',  ( 0.000000000000000000, 1.474999999999999423, -1.350000000000000089 ) ) ;
#1459 = CARTESIAN_POINT ( 'NONE',  ( 0.08999999999999999667, 1.200000000000000178, 0.3250000000000002331 ) ) ;
#1460 = LINE ( 'NONE', #84, #3223 ) ;
#1461 = DIRECTION ( 'NONE',  ( 0.000000000000000000, -1.000000000000000000, -0.000000000000000000 ) ) ;
#1462 = EDGE_CURVE ( 'NONE', #169, #74, #2508, .T. ) ;
#1463 = CARTESIAN_POINT ( 'NONE',  ( 1.080000000000000071, 0.1999999999999989009, 0.7999999999999999334 ) ) ;
#1464 = FACE_OUTER_BOUND ( 'NONE', #952, .T. ) ;
#1465 = EDGE_LOOP ( 'NONE', ( #2056, #1402, #2452, #2979 ) ) ;
#1466 =( NAMED_UNIT ( * ) SI_UNIT ( $, .STERADIAN. ) SOLID_ANGLE_UNIT ( ) );
#1467 = ORIENTED_EDGE ( 'NONE', *, *, #1925, .T. ) ;
#1468 = EDGE_CURVE ( 'NONE', #3005, #4202, #995, .T. ) ;
#1469 = VECTOR ( 'NONE', #951, 1000.000000000000000 ) ;
#1470 = CYLINDRICAL_SURFACE ( 'NONE', #4299, 0.2999999999999999334 ) ;
#1471 = LINE ( 'NONE', #4288, #2744 ) ;
#1472 = EDGE_LOOP ( 'NONE', ( #2081, #2522, #2382, #1918 ) ) ;
#1473 = ORIENTED_EDGE ( 'NONE', *, *, #4430, .T. ) ;
#1474 = VECTOR ( 'NONE', #1572, 1000.000000000000000 ) ;
#1475 = EDGE_LOOP ( 'NONE', ( #2948, #3606, #4075, #2246 ) ) ;
#1476 = FACE_OUTER_BOUND ( 'NONE', #2753, .T. ) ;
#1477 = AXIS2_PLACEMENT_3D ( 'NONE', #3271, #904, #1913 ) ;
#1478 = VECTOR ( 'NONE', #235, 1000.000000000000000 ) ;
#1479 = AXIS2_PLACEMENT_3D ( 'NONE', #822, #4475, #1385 ) ;
#1480 = VERTEX_POINT ( 'NONE', #3793 ) ;
#1481 = DIRECTION ( 'NONE',  ( 0.000000000000000000, -0.000000000000000000, 1.000000000000000000 ) ) ;
#1482 = EDGE_CURVE ( 'NONE', #2872, #2494, #875, .T. ) ;
#1483 = CARTESIAN_POINT ( 'NONE',  ( 0.08999999999999999667, -0.3250000000000003997, 0.7000000000000005107 ) ) ;
#1484 = DIRECTION ( 'NONE',  ( -1.000000000000000000, -0.000000000000000000, -0.000000000000000000 ) ) ;
#1485 = VECTOR ( 'NONE', #284, 1000.000000000000000 ) ;
#1486 = CARTESIAN_POINT ( 'NONE',  ( 0.08999999999999999667, -0.8250000000000003997, -0.6999999999999999556 ) ) ;
#1487 =( NAMED_UNIT ( * ) PLANE_ANGLE_UNIT ( ) SI_UNIT ( $, .RADIAN. ) );
#1488 = EDGE_CURVE ( 'NONE', #148, #3123, #3654, .T. ) ;
#1489 = CARTESIAN_POINT ( 'NONE',  ( 0.000000000000000000, -1.475000000000000089, -1.350000000000000089 ) ) ;
#1490 = LINE ( 'NONE', #864, #1330 ) ;
#1491 = LINE ( 'NONE', #165, #622 ) ;
#1492 = VERTEX_POINT ( 'NONE', #1371 ) ;
#1493 = MECHANICAL_DESIGN_GEOMETRIC_PRESENTATION_REPRESENTATION (  '', ( #3610 ), #558 ) ;
#1494 = DIRECTION ( 'NONE',  ( 0.000000000000000000, 3.336006684570784088E-16, 1.000000000000000000 ) ) ;
#1495 = CIRCLE ( 'NONE', #339, 0.1000000000000000472 ) ;
#1496 = CARTESIAN_POINT ( 'NONE',  ( 0.7800000000000001377, 1.400000000000000355, -0.9000000000000002442 ) ) ;
#1497 = ADVANCED_FACE ( 'NONE', ( #1713 ), #4156, .F. ) ;
#1498 = ORIENTED_EDGE ( 'NONE', *, *, #471, .T. ) ;
#1499 = VERTEX_POINT ( 'NONE', #4044 ) ;
#1500 = ORIENTED_EDGE ( 'NONE', *, *, #1919, .T. ) ;
#1501 = VECTOR ( 'NONE', #612, 1000.000000000000000 ) ;
#1502 = VECTOR ( 'NONE', #3529, 1000.000000000000000 ) ;
#1503 = VECTOR ( 'NONE', #798, 1000.000000000000000 ) ;
#1504 = PLANE ( 'NONE',  #3391 ) ;
#1505 = SURFACE_SIDE_STYLE ('',( #130 ) ) ;
#1506 = DIRECTION ( 'NONE',  ( 0.000000000000000000, -3.336006684570783101E-16, 1.000000000000000000 ) ) ;
#1507 = DIRECTION ( 'NONE',  ( 0.000000000000000000, -1.000000000000000000, -3.336006684570784088E-16 ) ) ;
#1508 = FILL_AREA_STYLE ('',( #1841 ) ) ;
#1509 = DIRECTION ( 'NONE',  ( 1.000000000000000000, -0.000000000000000000, -0.000000000000000000 ) ) ;
#1510 = LINE ( 'NONE', #501, #4484 ) ;
#1511 = LINE ( 'NONE', #1844, #2590 ) ;
#1512 = DIRECTION ( 'NONE',  ( -0.000000000000000000, -1.000000000000000000, -0.000000000000000000 ) ) ;
#1513 = CARTESIAN_POINT ( 'NONE',  ( 0.000000000000000000, -1.475000000000000311, 0.7000000000000005107 ) ) ;
#1514 = LINE ( 'NONE', #4306, #1067 ) ;
#1515 = DIRECTION ( 'NONE',  ( -0.000000000000000000, -0.000000000000000000, -1.000000000000000000 ) ) ;
#1516 = CARTESIAN_POINT ( 'NONE',  ( 0.000000000000000000, -1.199999999999999289, -0.3249999999999997891 ) ) ;
#1517 = ORIENTED_EDGE ( 'NONE', *, *, #4222, .F. ) ;
#1518 = ORIENTED_EDGE ( 'NONE', *, *, #1279, .T. ) ;
#1519 = EDGE_CURVE ( 'NONE', #611, #2776, #2285, .T. ) ;
#1520 = EDGE_CURVE ( 'NONE', #820, #2963, #3703, .T. ) ;
#1521 = FILL_AREA_STYLE_COLOUR ( '', #4419 ) ;
#1522 = AXIS2_PLACEMENT_3D ( 'NONE', #369, #1737, #2777 ) ;
#1523 = CARTESIAN_POINT ( 'NONE',  ( 0.4300000000000000488, -1.399999999999998801, -1.300000000000000266 ) ) ;
#1524 =( GEOMETRIC_REPRESENTATION_CONTEXT ( 3 ) GLOBAL_UNCERTAINTY_ASSIGNED_CONTEXT ( ( #324 ) ) GLOBAL_UNIT_ASSIGNED_CONTEXT ( ( #1297, #4079, #2271 ) ) REPRESENTATION_CONTEXT ( 'NONE', 'WORKASPACE' ) );
#1525 = FILL_AREA_STYLE_COLOUR ( '', #2142 ) ;
#1526 = CARTESIAN_POINT ( 'NONE',  ( 0.08999999999999999667, -0.8250000000000003997, 1.350000000000000533 ) ) ;
#1527 = FACE_OUTER_BOUND ( 'NONE', #3571, .T. ) ;
#1528 = CARTESIAN_POINT ( 'NONE',  ( 1.074999999999999956, 1.084973857298660693, 0.6080316218280389373 ) ) ;
#1529 = PLANE ( 'NONE',  #776 ) ;
#1530 = LINE ( 'NONE', #789, #3437 ) ;
#1531 = PLANE ( 'NONE',  #2043 ) ;
#1532 = ORIENTED_EDGE ( 'NONE', *, *, #3711, .T. ) ;
#1533 = ADVANCED_FACE ( 'NONE', ( #4089 ), #221, .F. ) ;
#1534 = CARTESIAN_POINT ( 'NONE',  ( 0.000000000000000000, 0.000000000000000000, 0.000000000000000000 ) ) ;
#1535 = APPLICATION_PROTOCOL_DEFINITION ( 'draft international standard', 'automotive_design', 1998, #2361 ) ;
#1536 = VERTEX_POINT ( 'NONE', #4071 ) ;
#1537 = EDGE_LOOP ( 'NONE', ( #75, #2866, #4311, #3083 ) ) ;
#1538 = ORIENTED_EDGE ( 'NONE', *, *, #3572, .F. ) ;
#1539 = DIRECTION ( 'NONE',  ( 0.000000000000000000, -1.000000000000000000, -7.744301232039326542E-17 ) ) ;
#1540 = AXIS2_PLACEMENT_3D ( 'NONE', #1167, #2177, #2550 ) ;
#1541 = FACE_OUTER_BOUND ( 'NONE', #3157, .T. ) ;
#1542 = CARTESIAN_POINT ( 'NONE',  ( 0.7800000000000001377, 1.700000000000000400, -0.8999999999999980238 ) ) ;
#1543 = EDGE_LOOP ( 'NONE', ( #3687, #3651, #2458, #3456 ) ) ;
#1544 = LINE ( 'NONE', #457, #861 ) ;
#1545 = SURFACE_STYLE_FILL_AREA ( #4016 ) ;
#1546 = DIRECTION ( 'NONE',  ( -0.000000000000000000, 0.7071067811865475727, 0.7071067811865475727 ) ) ;
#1547 = AXIS2_PLACEMENT_3D ( 'NONE', #4067, #2320, #259 ) ;
#1548 = ADVANCED_FACE ( 'NONE', ( #3406 ), #4113, .F. ) ;
#1549 = CARTESIAN_POINT ( 'NONE',  ( 0.000000000000000000, 2.000000000000000444, -1.499999999999999778 ) ) ;
#1550 = DIRECTION ( 'NONE',  ( 1.000000000000000000, -0.000000000000000000, -0.000000000000000000 ) ) ;
#1551 = ADVANCED_FACE ( 'NONE', ( #625 ), #2643, .T. ) ;
#1552 = CARTESIAN_POINT ( 'NONE',  ( 0.4300000000000000488, -1.400000000000000799, -0.9000000000000002442 ) ) ;
#1553 = DIRECTION ( 'NONE',  ( 0.000000000000000000, 1.000000000000000000, 0.000000000000000000 ) ) ;
#1554 = ORIENTED_EDGE ( 'NONE', *, *, #1585, .F. ) ;
#1555 = AXIS2_PLACEMENT_3D ( 'NONE', #3493, #398, #2771 ) ;
#1556 = ORIENTED_EDGE ( 'NONE', *, *, #3023, .T. ) ;
#1557 = VERTEX_POINT ( 'NONE', #2373 ) ;
#1558 = LINE ( 'NONE', #4013, #1124 ) ;
#1559 = AXIS2_PLACEMENT_3D ( 'NONE', #3979, #217, #4364 ) ;
#1560 =( GEOMETRIC_REPRESENTATION_CONTEXT ( 3 ) GLOBAL_UNCERTAINTY_ASSIGNED_CONTEXT ( ( #2748 ) ) GLOBAL_UNIT_ASSIGNED_CONTEXT ( ( #3103, #2797, #1466 ) ) REPRESENTATION_CONTEXT ( 'NONE', 'WORKASPACE' ) );
#1561 = FACE_OUTER_BOUND ( 'NONE', #1864, .T. ) ;
#1562 = MECHANICAL_DESIGN_GEOMETRIC_PRESENTATION_REPRESENTATION (  '', ( #2363 ), #3319 ) ;
#1563 = ORIENTED_EDGE ( 'NONE', *, *, #1925, .F. ) ;
#1564 = CARTESIAN_POINT ( 'NONE',  ( 1.080000000000000071, -1.399999999999998801, -1.200000000000000178 ) ) ;
#1565 = PRESENTATION_LAYER_ASSIGNMENT (  '', '', ( #2226 ) ) ;
#1566 = CLOSED_SHELL ( 'NONE', ( #867, #1980, #1608, #1174, #4360, #1212 ) ) ;
#1567 = DIRECTION ( 'NONE',  ( 1.000000000000000000, -0.000000000000000000, -0.000000000000000000 ) ) ;
#1568 = MECHANICAL_DESIGN_GEOMETRIC_PRESENTATION_REPRESENTATION (  '', ( #1780 ), #4057 ) ;
#1569 =( NAMED_UNIT ( * ) SI_UNIT ( $, .STERADIAN. ) SOLID_ANGLE_UNIT ( ) );
#1570 = VECTOR ( 'NONE', #4407, 1000.000000000000000 ) ;
#1571 = CARTESIAN_POINT ( 'NONE',  ( 0.08999999999999999667, 0.000000000000000000, 0.000000000000000000 ) ) ;
#1572 = DIRECTION ( 'NONE',  ( -0.000000000000000000, -1.000000000000000000, -0.000000000000000000 ) ) ;
#1573 = CARTESIAN_POINT ( 'NONE',  ( 0.000000000000000000, -0.3250000000000001776, 1.350000000000000533 ) ) ;
#1574 =( NAMED_UNIT ( * ) PLANE_ANGLE_UNIT ( ) SI_UNIT ( $, .RADIAN. ) );
#1575 = ORIENTED_EDGE ( 'NONE', *, *, #202, .F. ) ;
#1576 = CARTESIAN_POINT ( 'NONE',  ( 0.000000000000000000, 1.200000000000000178, 0.3250000000000002331 ) ) ;
#1577 = MANIFOLD_SOLID_BREP ( 'Boss-Extrude5[2]', #1423 ) ;
#1578 = ORIENTED_EDGE ( 'NONE', *, *, #3336, .F. ) ;
#1579 = ORIENTED_EDGE ( 'NONE', *, *, #4189, .F. ) ;
#1580 = ORIENTED_EDGE ( 'NONE', *, *, #3850, .F. ) ;
#1581 = LINE ( 'NONE', #1959, #2982 ) ;
#1582 = CARTESIAN_POINT ( 'NONE',  ( 0.000000000000000000, 1.850000000000000089, 0.3250000000000001221 ) ) ;
#1583 = ORIENTED_EDGE ( 'NONE', *, *, #2681, .T. ) ;
#1584 = SURFACE_STYLE_FILL_AREA ( #3716 ) ;
#1585 = EDGE_CURVE ( 'NONE', #3735, #2134, #3028, .T. ) ;
#1586 =( NAMED_UNIT ( * ) PLANE_ANGLE_UNIT ( ) SI_UNIT ( $, .RADIAN. ) );
#1587 = DIRECTION ( 'NONE',  ( 0.000000000000000000, 1.000000000000000000, 1.668003342285392044E-16 ) ) ;
#1588 = AXIS2_PLACEMENT_3D ( 'NONE', #2499, #3874, #4309 ) ;
#1589 = PLANE ( 'NONE',  #2951 ) ;
#1590 = MANIFOLD_SOLID_BREP ( 'Boss-Extrude5[6]', #3538 ) ;
#1591 = FACE_OUTER_BOUND ( 'NONE', #2468, .T. ) ;
#1592 = PLANE ( 'NONE',  #107 ) ;
#1593 = CARTESIAN_POINT ( 'NONE',  ( 0.000000000000000000, 1.474999999999999423, -0.6999999999999999556 ) ) ;
#1594 = CARTESIAN_POINT ( 'NONE',  ( 0.08999999999999999667, 0.8249999999999995115, 0.7000000000000005107 ) ) ;
#1595 = ORIENTED_EDGE ( 'NONE', *, *, #3557, .F. ) ;
#1596 = ORIENTED_EDGE ( 'NONE', *, *, #2225, .T. ) ;
#1598 = VERTEX_POINT ( 'NONE', #1413 ) ;
#1597 = EDGE_CURVE ( 'NONE', #3203, #3128, #4278, .T. ) ;
#1599 = PRODUCT_RELATED_PRODUCT_CATEGORY ( 'part', '', ( #335 ) ) ;
#1600 = CARTESIAN_POINT ( 'NONE',  ( 0.08999999999999999667, 1.474999999999999423, -1.350000000000000089 ) ) ;
#1601 = SURFACE_SIDE_STYLE ('',( #4357 ) ) ;
#1602 = CARTESIAN_POINT ( 'NONE',  ( 0.2300000000000000100, -1.999999999999999556, -1.499999999999999778 ) ) ;
#1603 = ORIENTED_EDGE ( 'NONE', *, *, #2892, .T. ) ;
#1604 = EDGE_CURVE ( 'NONE', #768, #2629, #2413, .T. ) ;
#1605 = PLANE ( 'NONE',  #2300 ) ;
#1606 = STYLED_ITEM ( 'NONE', ( #2615 ), #4104 ) ;
#1607 = LINE ( 'NONE', #616, #826 ) ;
#1608 = ADVANCED_FACE ( 'NONE', ( #3117 ), #740, .F. ) ;
#1609 = PRESENTATION_STYLE_ASSIGNMENT (( #1255 ) ) ;
#1610 = EDGE_CURVE ( 'NONE', #1828, #1056, #360, .T. ) ;
#1611 = VECTOR ( 'NONE', #141, 1000.000000000000000 ) ;
#1612 = ADVANCED_FACE ( 'NONE', ( #3890 ), #2042, .F. ) ;
#1613 = AXIS2_PLACEMENT_3D ( 'NONE', #1729, #4248, #1412 ) ;
#1614 = PLANE ( 'NONE',  #700 ) ;
#1615 = SURFACE_STYLE_FILL_AREA ( #2622 ) ;
#1616 = DIRECTION ( 'NONE',  ( 0.000000000000000000, -8.340016711426960219E-17, -1.000000000000000000 ) ) ;
#1617 =( GEOMETRIC_REPRESENTATION_CONTEXT ( 3 ) GLOBAL_UNCERTAINTY_ASSIGNED_CONTEXT ( ( #2082 ) ) GLOBAL_UNIT_ASSIGNED_CONTEXT ( ( #306, #4020, #1928 ) ) REPRESENTATION_CONTEXT ( 'NONE', 'WORKASPACE' ) );
#1618 = SURFACE_SIDE_STYLE ('',( #238 ) ) ;
#1619 = VECTOR ( 'NONE', #3685, 1000.000000000000000 ) ;
#1620 = EDGE_CURVE ( 'NONE', #4012, #3416, #37, .T. ) ;
#1621 = DIRECTION ( 'NONE',  ( 0.000000000000000000, 1.000000000000000000, -1.668003342285391551E-16 ) ) ;
#1622 = PRESENTATION_LAYER_ASSIGNMENT (  '', '', ( #1058 ) ) ;
#1623 = ORIENTED_EDGE ( 'NONE', *, *, #4295, .F. ) ;
#1624 = AXIS2_PLACEMENT_3D ( 'NONE', #3440, #1085, #13 ) ;
#1625 = VERTEX_POINT ( 'NONE', #763 ) ;
#1626 = ORIENTED_EDGE ( 'NONE', *, *, #3302, .T. ) ;
#1627 = SURFACE_SIDE_STYLE ('',( #2076 ) ) ;
#1628 = EDGE_CURVE ( 'NONE', #1935, #29, #4179, .T. ) ;
#1629 = VERTEX_POINT ( 'NONE', #2768 ) ;
#1630 = DIRECTION ( 'NONE',  ( -1.000000000000000000, 0.000000000000000000, 0.000000000000000000 ) ) ;
#1631 = ORIENTED_EDGE ( 'NONE', *, *, #2926, .F. ) ;
#1632 = UNCERTAINTY_MEASURE_WITH_UNIT (LENGTH_MEASURE( 1.000000000000000082E-05 ), #3349, 'distance_accuracy_value', 'NONE');
#1633 = CARTESIAN_POINT ( 'NONE',  ( 0.08999999999999999667, 1.274999999999999467, 1.350000000000000533 ) ) ;
#1634 = VECTOR ( 'NONE', #3894, 1000.000000000000000 ) ;
#1635 =( LENGTH_UNIT ( ) NAMED_UNIT ( * ) SI_UNIT ( .MILLI., .METRE. ) );
#1636 = VECTOR ( 'NONE', #2758, 1000.000000000000000 ) ;
#1637 = CARTESIAN_POINT ( 'NONE',  ( 0.08999999999999999667, 0.000000000000000000, 0.000000000000000000 ) ) ;
#1638 = MECHANICAL_DESIGN_GEOMETRIC_PRESENTATION_REPRESENTATION (  '', ( #1988 ), #1348 ) ;
#1639 = DIRECTION ( 'NONE',  ( 0.000000000000000000, -1.000000000000000000, 1.668003342285392044E-16 ) ) ;
#1640 = STYLED_ITEM ( 'NONE', ( #3001 ), #1577 ) ;
#1641 = AXIS2_PLACEMENT_3D ( 'NONE', #3657, #1838, #831 ) ;
#1642 = DIRECTION ( 'NONE',  ( -1.000000000000000000, 0.000000000000000000, -0.000000000000000000 ) ) ;
#1643 = DIRECTION ( 'NONE',  ( 0.000000000000000000, 1.000000000000000000, -0.000000000000000000 ) ) ;
#1644 = DIRECTION ( 'NONE',  ( -1.000000000000000000, -0.000000000000000000, -0.000000000000000000 ) ) ;
#1645 = DIRECTION ( 'NONE',  ( 0.000000000000000000, 1.000000000000000000, -8.340016711426960219E-17 ) ) ;
#1646 = MECHANICAL_DESIGN_GEOMETRIC_PRESENTATION_REPRESENTATION (  '', ( #3840 ), #350 ) ;
#1647 = ORIENTED_EDGE ( 'NONE', *, *, #2543, .T. ) ;
#1648 = EDGE_LOOP ( 'NONE', ( #3229, #277, #430, #385 ) ) ;
#1649 = ORIENTED_EDGE ( 'NONE', *, *, #62, .F. ) ;
#1650 = CARTESIAN_POINT ( 'NONE',  ( 0.08999999999999999667, -0.8250000000000003997, -1.350000000000000089 ) ) ;
#1651 = CARTESIAN_POINT ( 'NONE',  ( 1.080000000000000071, 1.399999999999998357, 1.200000000000000178 ) ) ;
#1652 = ORIENTED_EDGE ( 'NONE', *, *, #399, .T. ) ;
#1653 = ORIENTED_EDGE ( 'NONE', *, *, #944, .F. ) ;
#1654 =( NAMED_UNIT ( * ) SI_UNIT ( $, .STERADIAN. ) SOLID_ANGLE_UNIT ( ) );
#1655 = EDGE_CURVE ( 'NONE', #534, #768, #2137, .T. ) ;
#1656 = CYLINDRICAL_SURFACE ( 'NONE', #3173, 0.3999999999999999667 ) ;
#1657 = EDGE_CURVE ( 'NONE', #1492, #4461, #3865, .T. ) ;
#1658 = CARTESIAN_POINT ( 'NONE',  ( 0.08999999999999999667, -1.475000000000000311, 0.7000000000000005107 ) ) ;
#1659 = SURFACE_SIDE_STYLE ('',( #3401 ) ) ;
#1660 = MANIFOLD_SOLID_BREP ( 'Boss-Extrude5[4]', #1566 ) ;
#1661 = CARTESIAN_POINT ( 'NONE',  ( 0.08999999999999999667, 0.3249999999999995670, -1.350000000000000089 ) ) ;
#1662 = LINE ( 'NONE', #4478, #255 ) ;
#1663 = CARTESIAN_POINT ( 'NONE',  ( 1.169999999999999929, -1.200000000000000622, 0.7999999999999999334 ) ) ;
#1664 = DIRECTION ( 'NONE',  ( 1.000000000000000000, -0.000000000000000000, -0.000000000000000000 ) ) ;
#1665 = AXIS2_PLACEMENT_3D ( 'NONE', #1651, #2649, #1938 ) ;
#1666 = CARTESIAN_POINT ( 'NONE',  ( 0.000000000000000000, 1.474999999999999423, 1.150000000000000355 ) ) ;
#1667 = ORIENTED_EDGE ( 'NONE', *, *, #3705, .F. ) ;
#1668 = ORIENTED_EDGE ( 'NONE', *, *, #2507, .T. ) ;
#1669 = ORIENTED_EDGE ( 'NONE', *, *, #3172, .F. ) ;
#1670 = EDGE_CURVE ( 'NONE', #1292, #3995, #802, .T. ) ;
#1671 = DIRECTION ( 'NONE',  ( -0.000000000000000000, -1.000000000000000000, 1.668003342285391551E-16 ) ) ;
#1672 = ORIENTED_EDGE ( 'NONE', *, *, #1095, .F. ) ;
#1673 = LINE ( 'NONE', #3461, #2714 ) ;
#1674 = ORIENTED_EDGE ( 'NONE', *, *, #3022, .T. ) ;
#1675 = EDGE_CURVE ( 'NONE', #3416, #791, #196, .T. ) ;
#1676 = CARTESIAN_POINT ( 'NONE',  ( 0.08999999999999999667, -0.3250000000000001776, -1.350000000000000089 ) ) ;
#1677 = CARTESIAN_POINT ( 'NONE',  ( 0.7800000000000001377, 1.400000000000000355, -0.9000000000000002442 ) ) ;
#1678 = VECTOR ( 'NONE', #3719, 1000.000000000000000 ) ;
#1679 = FACE_OUTER_BOUND ( 'NONE', #4215, .T. ) ;
#1680 = CARTESIAN_POINT ( 'NONE',  ( 0.000000000000000000, -0.8250000000000003997, -0.6999999999999999556 ) ) ;
#1681 = CARTESIAN_POINT ( 'NONE',  ( 0.08999999999999999667, 0.8249999999999995115, -0.7000000000000000666 ) ) ;
#1682 = CARTESIAN_POINT ( 'NONE',  ( 0.000000000000000000, -0.3250000000000001776, -1.350000000000000089 ) ) ;
#1683 = CARTESIAN_POINT ( 'NONE',  ( 0.7800000000000001377, -1.700000000000000844, 0.8999999999999981348 ) ) ;
#1684 = EDGE_CURVE ( 'NONE', #4010, #2379, #489, .T. ) ;
#1685 = AXIS2_PLACEMENT_3D ( 'NONE', #3175, #1016, #1707 ) ;
#1686 = SURFACE_STYLE_USAGE ( .BOTH. , #3770 ) ;
#1687 =( NAMED_UNIT ( * ) PLANE_ANGLE_UNIT ( ) SI_UNIT ( $, .RADIAN. ) );
#1688 = EDGE_CURVE ( 'NONE', #3231, #3775, #1544, .T. ) ;
#1689 = CIRCLE ( 'NONE', #1479, 0.1000000000000000472 ) ;
#1690 = ORIENTED_EDGE ( 'NONE', *, *, #2070, .F. ) ;
#1691 = VERTEX_POINT ( 'NONE', #2553 ) ;
#1692 = VECTOR ( 'NONE', #1254, 1000.000000000000000 ) ;
#1693 = EDGE_LOOP ( 'NONE', ( #2030, #3523, #2913, #3750, #429, #4283, #341, #3232 ) ) ;
#1694 = DIRECTION ( 'NONE',  ( 1.000000000000000000, 0.000000000000000000, -0.000000000000000000 ) ) ;
#1695 = CARTESIAN_POINT ( 'NONE',  ( 0.000000000000000000, -1.999999999999999556, 1.500000000000000222 ) ) ;
#1696 = ORIENTED_EDGE ( 'NONE', *, *, #1291, .T. ) ;
#1697 = FILL_AREA_STYLE ('',( #276 ) ) ;
#1698 = EDGE_LOOP ( 'NONE', ( #2111, #427, #2107, #1736 ) ) ;
#1699 = CARTESIAN_POINT ( 'NONE',  ( 1.169999999999999929, -1.300000000000000488, 0.6999999999999992895 ) ) ;
#1700 = CARTESIAN_POINT ( 'NONE',  ( 0.000000000000000000, 0.8249999999999995115, -0.7000000000000000666 ) ) ;
#1701 = DIRECTION ( 'NONE',  ( 0.000000000000000000, 0.000000000000000000, -1.000000000000000000 ) ) ;
#1702 = DIRECTION ( 'NONE',  ( -1.000000000000000000, -0.000000000000000000, -0.000000000000000000 ) ) ;
#1703 = MECHANICAL_DESIGN_GEOMETRIC_PRESENTATION_REPRESENTATION (  '', ( #2791 ), #919 ) ;
#1704 = CARTESIAN_POINT ( 'NONE',  ( 0.08999999999999999667, -0.8250000000000003997, -1.350000000000000089 ) ) ;
#1705 = UNCERTAINTY_MEASURE_WITH_UNIT (LENGTH_MEASURE( 1.000000000000000082E-05 ), #3675, 'distance_accuracy_value', 'NONE');
#1706 = CARTESIAN_POINT ( 'NONE',  ( 0.000000000000000000, -1.849999999999999201, 0.3250000000000001221 ) ) ;
#1707 = DIRECTION ( 'NONE',  ( 0.000000000000000000, 0.000000000000000000, -1.000000000000000000 ) ) ;
#1708 =( GEOMETRIC_REPRESENTATION_CONTEXT ( 3 ) GLOBAL_UNCERTAINTY_ASSIGNED_CONTEXT ( ( #2393 ) ) GLOBAL_UNIT_ASSIGNED_CONTEXT ( ( #2115, #2463, #1731 ) ) REPRESENTATION_CONTEXT ( 'NONE', 'WORKASPACE' ) );
#1709 = MANIFOLD_SOLID_BREP ( 'Boss-Extrude5[3]', #2145 ) ;
#1710 = EDGE_CURVE ( 'NONE', #3621, #1421, #104, .T. ) ;
#1711 = VECTOR ( 'NONE', #1765, 1000.000000000000000 ) ;
#1712 = EDGE_LOOP ( 'NONE', ( #4394, #1672, #1941, #24 ) ) ;
#1713 = FACE_OUTER_BOUND ( 'NONE', #1916, .T. ) ;
#1714 = CARTESIAN_POINT ( 'NONE',  ( 1.169999999999999929, 0.2999999999999997113, -0.6999999999999994005 ) ) ;
#1715 = EDGE_LOOP ( 'NONE', ( #3031, #3427, #1554, #2504 ) ) ;
#1716 = ORIENTED_EDGE ( 'NONE', *, *, #804, .F. ) ;
#1717 = PLANE ( 'NONE',  #2135 ) ;
#1718 = DIRECTION ( 'NONE',  ( 0.000000000000000000, 8.340016711426960219E-17, 1.000000000000000000 ) ) ;
#1719 = ORIENTED_EDGE ( 'NONE', *, *, #1488, .F. ) ;
#1720 = LINE ( 'NONE', #4163, #3166 ) ;
#1721 = ORIENTED_EDGE ( 'NONE', *, *, #3474, .F. ) ;
#1722 = DIRECTION ( 'NONE',  ( 0.000000000000000000, 0.000000000000000000, 1.000000000000000000 ) ) ;
#1723 = MANIFOLD_SOLID_BREP ( 'Cut-Extrude2', #2942 ) ;
#1724 = DIRECTION ( 'NONE',  ( 0.000000000000000000, -1.000000000000000000, -1.668003342285392044E-16 ) ) ;
#1725 = PLANE ( 'NONE',  #2765 ) ;
#1726 = CARTESIAN_POINT ( 'NONE',  ( 0.08999999999999999667, 1.474999999999999423, 0.7000000000000003997 ) ) ;
#1727 = CARTESIAN_POINT ( 'NONE',  ( 0.08999999999999999667, -1.199999999999999289, 0.3250000000000002331 ) ) ;
#1728 = EDGE_CURVE ( 'NONE', #2735, #910, #2992, .T. ) ;
#1729 = CARTESIAN_POINT ( 'NONE',  ( 0.000000000000000000, 1.274999999999999467, 1.350000000000000533 ) ) ;
#1730 = CARTESIAN_POINT ( 'NONE',  ( 0.08999999999999999667, -1.475000000000000089, -1.350000000000000089 ) ) ;
#1731 =( NAMED_UNIT ( * ) SI_UNIT ( $, .STERADIAN. ) SOLID_ANGLE_UNIT ( ) );
#1732 = PLANE ( 'NONE',  #4340 ) ;
#1733 = AXIS2_PLACEMENT_3D ( 'NONE', #1449, #2870, #817 ) ;
#1734 = DIRECTION ( 'NONE',  ( 1.000000000000000000, 0.000000000000000000, 0.000000000000000000 ) ) ;
#1735 = VERTEX_POINT ( 'NONE', #4361 ) ;
#1736 = ORIENTED_EDGE ( 'NONE', *, *, #3752, .T. ) ;
#1737 = DIRECTION ( 'NONE',  ( 1.000000000000000000, 0.000000000000000000, 0.000000000000000000 ) ) ;
#1738 = CARTESIAN_POINT ( 'NONE',  ( 0.08999999999999999667, 0.8249999999999997335, 1.350000000000000533 ) ) ;
#1739 = EDGE_CURVE ( 'NONE', #569, #2204, #1943, .T. ) ;
#1740 = VERTEX_POINT ( 'NONE', #1964 ) ;
#1741 = VERTEX_POINT ( 'NONE', #594 ) ;
#1742 = CARTESIAN_POINT ( 'NONE',  ( 0.08999999999999999667, 0.3249999999999995670, -1.350000000000000089 ) ) ;
#1743 = DIRECTION ( 'NONE',  ( -1.000000000000000000, -0.000000000000000000, -0.000000000000000000 ) ) ;
#1744 = ADVANCED_FACE ( 'NONE', ( #3017 ), #3372, .F. ) ;
#1745 = VECTOR ( 'NONE', #4130, 1000.000000000000000 ) ;
#1746 = EDGE_CURVE ( 'NONE', #2309, #3203, #4477, .T. ) ;
#1747 = DIRECTION ( 'NONE',  ( 0.000000000000000000, 0.000000000000000000, 1.000000000000000000 ) ) ;
#1748 = ORIENTED_EDGE ( 'NONE', *, *, #2482, .F. ) ;
#1749 = DIRECTION ( 'NONE',  ( 0.000000000000000000, -1.000000000000000000, 0.000000000000000000 ) ) ;
#1750 = EDGE_CURVE ( 'NONE', #1117, #1374, #619, .T. ) ;
#1751 = UNCERTAINTY_MEASURE_WITH_UNIT (LENGTH_MEASURE( 1.000000000000000082E-05 ), #617, 'distance_accuracy_value', 'NONE');
#1752 = EDGE_CURVE ( 'NONE', #29, #3231, #3787, .T. ) ;
#1753 = CARTESIAN_POINT ( 'NONE',  ( 0.08999999999999999667, 0.000000000000000000, 0.000000000000000000 ) ) ;
#1754 =( LENGTH_UNIT ( ) NAMED_UNIT ( * ) SI_UNIT ( .MILLI., .METRE. ) );
#1755 = DIRECTION ( 'NONE',  ( 0.000000000000000000, 1.000000000000000000, 1.668003342285391551E-16 ) ) ;
#1756 = EDGE_LOOP ( 'NONE', ( #1764, #4118, #2480, #3279 ) ) ;
#1757 = EDGE_LOOP ( 'NONE', ( #3728, #1580, #3409, #3854 ) ) ;
#1758 = CIRCLE ( 'NONE', #3889, 0.2999999999999999334 ) ;
#1759 = DIRECTION ( 'NONE',  ( 0.000000000000000000, 1.000000000000000000, 1.668003342285391551E-16 ) ) ;
#1760 = DIRECTION ( 'NONE',  ( 0.000000000000000000, -3.336006684570783101E-16, 1.000000000000000000 ) ) ;
#1761 = CIRCLE ( 'NONE', #3810, 0.1000000000000000472 ) ;
#1762 = ORIENTED_EDGE ( 'NONE', *, *, #4386, .F. ) ;
#1763 = ORIENTED_EDGE ( 'NONE', *, *, #1739, .F. ) ;
#1764 = ORIENTED_EDGE ( 'NONE', *, *, #4406, .T. ) ;
#1765 = DIRECTION ( 'NONE',  ( 0.000000000000000000, -1.000000000000000000, 1.668003342285391551E-16 ) ) ;
#1766 = DIRECTION ( 'NONE',  ( -0.000000000000000000, -7.744301232039325310E-17, 1.000000000000000000 ) ) ;
#1767 = CARTESIAN_POINT ( 'NONE',  ( 0.000000000000000000, 1.474999999999999423, 0.7000000000000003997 ) ) ;
#1768 = AXIS2_PLACEMENT_3D ( 'NONE', #1023, #1360, #1981 ) ;
#1769 = CARTESIAN_POINT ( 'NONE',  ( 0.000000000000000000, -0.8250000000000003997, -1.350000000000000089 ) ) ;
#1770 =( NAMED_UNIT ( * ) SI_UNIT ( $, .STERADIAN. ) SOLID_ANGLE_UNIT ( ) );
#1771 = FILL_AREA_STYLE ('',( #2767 ) ) ;
#1772 = FILL_AREA_STYLE ('',( #3790 ) ) ;
#1773 = DIRECTION ( 'NONE',  ( 0.000000000000000000, 1.000000000000000000, 0.000000000000000000 ) ) ;
#1774 = DIRECTION ( 'NONE',  ( -1.000000000000000000, 0.000000000000000000, 0.000000000000000000 ) ) ;
#1775 = ORIENTED_EDGE ( 'NONE', *, *, #3436, .F. ) ;
#1776 = VECTOR ( 'NONE', #1866, 1000.000000000000000 ) ;
#1777 = ORIENTED_EDGE ( 'NONE', *, *, #4221, .F. ) ;
#1778 = ORIENTED_EDGE ( 'NONE', *, *, #3363, .F. ) ;
#1779 = EDGE_CURVE ( 'NONE', #2549, #209, #3352, .T. ) ;
#1780 = STYLED_ITEM ( 'NONE', ( #2155 ), #1455 ) ;
#1781 = DIRECTION ( 'NONE',  ( 0.000000000000000000, -1.000000000000000000, 0.000000000000000000 ) ) ;
#1782 = AXIS2_PLACEMENT_3D ( 'NONE', #2012, #10, #4083 ) ;
#1783 = DIRECTION ( 'NONE',  ( 1.000000000000000000, 0.000000000000000000, -0.000000000000000000 ) ) ;
#1784 = ORIENTED_EDGE ( 'NONE', *, *, #1414, .T. ) ;
#1785 = PLANE ( 'NONE',  #4322 ) ;
#1786 = ORIENTED_EDGE ( 'NONE', *, *, #3951, .F. ) ;
#1787 = VECTOR ( 'NONE', #1567, 1000.000000000000000 ) ;
#1788 = FILL_AREA_STYLE_COLOUR ( '', #3691 ) ;
#1789 = FACE_OUTER_BOUND ( 'NONE', #2247, .T. ) ;
#1790 = EDGE_CURVE ( 'NONE', #791, #2872, #959, .T. ) ;
#1791 =( NAMED_UNIT ( * ) SI_UNIT ( $, .STERADIAN. ) SOLID_ANGLE_UNIT ( ) );
#1792 = VERTEX_POINT ( 'NONE', #283 ) ;
#1793 = EDGE_CURVE ( 'NONE', #569, #724, #980, .T. ) ;
#1794 = LINE ( 'NONE', #4206, #3595 ) ;
#1795 = LINE ( 'NONE', #3241, #2044 ) ;
#1796 = LINE ( 'NONE', #2208, #1834 ) ;
#1797 = DIRECTION ( 'NONE',  ( 0.000000000000000000, 0.000000000000000000, 1.000000000000000000 ) ) ;
#1798 = CARTESIAN_POINT ( 'NONE',  ( 0.08999999999999999667, -0.3250000000000001776, 1.350000000000000533 ) ) ;
#1799 = EDGE_LOOP ( 'NONE', ( #2080, #2552, #2354, #1103 ) ) ;
#1800 = FACE_OUTER_BOUND ( 'NONE', #3829, .T. ) ;
#1801 = AXIS2_PLACEMENT_3D ( 'NONE', #2844, #4262, #3570 ) ;
#1802 = DIRECTION ( 'NONE',  ( -1.000000000000000000, 0.000000000000000000, 0.000000000000000000 ) ) ;
#1803 = ORIENTED_EDGE ( 'NONE', *, *, #4174, .T. ) ;
#1804 = DIRECTION ( 'NONE',  ( 0.000000000000000000, 1.668003342285392044E-16, 1.000000000000000000 ) ) ;
#1805 = ADVANCED_FACE ( 'NONE', ( #2018 ), #304, .F. ) ;
#1806 = ORIENTED_EDGE ( 'NONE', *, *, #839, .T. ) ;
#1807 = ORIENTED_EDGE ( 'NONE', *, *, #2359, .T. ) ;
#1808 =( NAMED_UNIT ( * ) PLANE_ANGLE_UNIT ( ) SI_UNIT ( $, .RADIAN. ) );
#1809 = CARTESIAN_POINT ( 'NONE',  ( 0.08999999999999999667, -0.8250000000000003997, -1.350000000000000089 ) ) ;
#1810 = SURFACE_STYLE_USAGE ( .BOTH. , #434 ) ;
#1811 = EDGE_CURVE ( 'NONE', #640, #3481, #3222, .T. ) ;
#1812 = CARTESIAN_POINT ( 'NONE',  ( 0.2300000000000000100, -1.999999999999999556, -1.499999999999999778 ) ) ;
#1813 = VERTEX_POINT ( 'NONE', #576 ) ;
#1814 = FACE_OUTER_BOUND ( 'NONE', #3968, .T. ) ;
#1815 = DIRECTION ( 'NONE',  ( 0.000000000000000000, 0.000000000000000000, -1.000000000000000000 ) ) ;
#1816 =( NAMED_UNIT ( * ) PLANE_ANGLE_UNIT ( ) SI_UNIT ( $, .RADIAN. ) );
#1817 = CARTESIAN_POINT ( 'NONE',  ( 0.000000000000000000, -1.999999999999999556, 1.500000000000000222 ) ) ;
#1818 = DIRECTION ( 'NONE',  ( -1.000000000000000000, 0.000000000000000000, 0.000000000000000000 ) ) ;
#1819 = EDGE_CURVE ( 'NONE', #2494, #1856, #2302, .T. ) ;
#1820 = CARTESIAN_POINT ( 'NONE',  ( 0.000000000000000000, 0.3249999999999995670, -0.6999999999999999556 ) ) ;
#1821 = DIRECTION ( 'NONE',  ( -1.000000000000000000, -0.000000000000000000, -0.000000000000000000 ) ) ;
#1822 = EDGE_LOOP ( 'NONE', ( #1473, #2958, #633, #3453 ) ) ;
#1823 = CARTESIAN_POINT ( 'NONE',  ( 0.000000000000000000, -0.3250000000000001776, 1.350000000000000533 ) ) ;
#1824 = EDGE_LOOP ( 'NONE', ( #2090, #225, #589 ) ) ;
#1825 = DIRECTION ( 'NONE',  ( 0.000000000000000000, 0.000000000000000000, 1.000000000000000000 ) ) ;
#1826 = EDGE_LOOP ( 'NONE', ( #911, #4487, #2569, #1403 ) ) ;
#1827 = DIRECTION ( 'NONE',  ( 0.000000000000000000, -1.000000000000000000, 1.668003342285392044E-16 ) ) ;
#1828 = VERTEX_POINT ( 'NONE', #3402 ) ;
#1829 = COLOUR_RGB ( '',0.1098039215686274495, 0.1098039215686274495, 0.1098039215686274495 ) ;
#1830 = ORIENTED_EDGE ( 'NONE', *, *, #2202, .T. ) ;
#1831 = CARTESIAN_POINT ( 'NONE',  ( 0.000000000000000000, -0.8250000000000003997, 0.7000000000000003997 ) ) ;
#1832 = AXIS2_PLACEMENT_3D ( 'NONE', #645, #2369, #2996 ) ;
#1833 = VECTOR ( 'NONE', #832, 1000.000000000000000 ) ;
#1834 = VECTOR ( 'NONE', #3584, 1000.000000000000000 ) ;
#1835 = VERTEX_POINT ( 'NONE', #1948 ) ;
#1836 =( NAMED_UNIT ( * ) PLANE_ANGLE_UNIT ( ) SI_UNIT ( $, .RADIAN. ) );
#1837 = FILL_AREA_STYLE ('',( #3582 ) ) ;
#1838 = DIRECTION ( 'NONE',  ( 1.000000000000000000, 0.000000000000000000, 0.000000000000000000 ) ) ;
#1839 = DIRECTION ( 'NONE',  ( 0.000000000000000000, 0.000000000000000000, 1.000000000000000000 ) ) ;
#1840 = VECTOR ( 'NONE', #597, 1000.000000000000000 ) ;
#1841 = FILL_AREA_STYLE_COLOUR ( '', #684 ) ;
#1842 = DIRECTION ( 'NONE',  ( 1.000000000000000000, 0.000000000000000000, 0.000000000000000000 ) ) ;
#1843 = CARTESIAN_POINT ( 'NONE',  ( 0.08999999999999999667, -0.8250000000000003997, -1.350000000000000089 ) ) ;
#1844 = CARTESIAN_POINT ( 'NONE',  ( 0.000000000000000000, 1.200000000000000178, 0.3250000000000002331 ) ) ;
#1845 = CARTESIAN_POINT ( 'NONE',  ( 0.000000000000000000, -1.199999999999999289, -0.3249999999999997891 ) ) ;
#1846 = CARTESIAN_POINT ( 'NONE',  ( 0.000000000000000000, -0.8250000000000003997, -1.350000000000000089 ) ) ;
#1847 = ORIENTED_EDGE ( 'NONE', *, *, #1670, .F. ) ;
#1848 = EDGE_CURVE ( 'NONE', #1691, #640, #3142, .T. ) ;
#1849 = ORIENTED_EDGE ( 'NONE', *, *, #665, .T. ) ;
#1850 = CARTESIAN_POINT ( 'NONE',  ( 0.000000000000000000, 1.474999999999999423, -0.6999999999999999556 ) ) ;
#1851 = ADVANCED_FACE ( 'NONE', ( #596 ), #1995, .F. ) ;
#1852 = VECTOR ( 'NONE', #322, 1000.000000000000000 ) ;
#1853 = AXIS2_PLACEMENT_3D ( 'NONE', #2774, #1068, #2168 ) ;
#1854 = DIRECTION ( 'NONE',  ( 0.000000000000000000, -1.668003342285392044E-16, 1.000000000000000000 ) ) ;
#1855 = VERTEX_POINT ( 'NONE', #2342 ) ;
#1856 = VERTEX_POINT ( 'NONE', #1661 ) ;
#1857 = ORIENTED_EDGE ( 'NONE', *, *, #1746, .T. ) ;
#1858 = AXIS2_PLACEMENT_3D ( 'NONE', #290, #3050, #4335 ) ;
#1859 = VECTOR ( 'NONE', #65, 1000.000000000000000 ) ;
#1860 = CARTESIAN_POINT ( 'NONE',  ( 0.08999999999999999667, 1.850000000000000089, -0.3249999999999998446 ) ) ;
#1861 = VECTOR ( 'NONE', #3098, 1000.000000000000000 ) ;
#1862 = COLOUR_RGB ( '',0.1098039215686274495, 0.1098039215686274495, 0.1098039215686274495 ) ;
#1863 = FILL_AREA_STYLE_COLOUR ( '', #268 ) ;
#1864 = EDGE_LOOP ( 'NONE', ( #245, #1806, #1450, #1233 ) ) ;
#1865 = SURFACE_STYLE_FILL_AREA ( #3096 ) ;
#1866 = DIRECTION ( 'NONE',  ( 0.000000000000000000, -1.000000000000000000, -8.340016711426957754E-17 ) ) ;
#1867 = CARTESIAN_POINT ( 'NONE',  ( 0.08999999999999999667, -1.475000000000000089, -1.350000000000000089 ) ) ;
#1868 = DIRECTION ( 'NONE',  ( 0.000000000000000000, 0.000000000000000000, 1.000000000000000000 ) ) ;
#1869 = CYLINDRICAL_SURFACE ( 'NONE', #203, 0.2342874139153912350 ) ;
#1870 = EDGE_CURVE ( 'NONE', #3670, #772, #3044, .T. ) ;
#1871 = CARTESIAN_POINT ( 'NONE',  ( 0.4300000000000000488, -1.800000000000000711, -0.8999999999999971356 ) ) ;
#1872 = DIRECTION ( 'NONE',  ( 0.000000000000000000, 1.000000000000000000, 1.668003342285391551E-16 ) ) ;
#1873 = CARTESIAN_POINT ( 'NONE',  ( 1.169999999999999929, -1.200000000000000622, 0.7999999999999999334 ) ) ;
#1874 = LINE ( 'NONE', #3701, #460 ) ;
#1875 = ORIENTED_EDGE ( 'NONE', *, *, #1688, .F. ) ;
#1876 = PLANE ( 'NONE',  #1973 ) ;
#1877 = LINE ( 'NONE', #568, #3194 ) ;
#1878 = EDGE_LOOP ( 'NONE', ( #2268, #1669, #1894, #2628 ) ) ;
#1879 = VERTEX_POINT ( 'NONE', #4109 ) ;
#1880 = ORIENTED_EDGE ( 'NONE', *, *, #4498, .T. ) ;
#1881 = ADVANCED_FACE ( 'NONE', ( #3422 ), #2498, .F. ) ;
#1882 = DIRECTION ( 'NONE',  ( 0.000000000000000000, -0.000000000000000000, 1.000000000000000000 ) ) ;
#1883 = DIRECTION ( 'NONE',  ( 1.000000000000000000, -0.000000000000000000, -0.000000000000000000 ) ) ;
#1884 = ORIENTED_EDGE ( 'NONE', *, *, #614, .T. ) ;
#1885 = FILL_AREA_STYLE_COLOUR ( '', #2596 ) ;
#1886 = VECTOR ( 'NONE', #2401, 1000.000000000000000 ) ;
#1887 = ADVANCED_FACE ( 'NONE', ( #1679 ), #81, .F. ) ;
#1888 = PLANE ( 'NONE',  #4343 ) ;
#1889 = DIRECTION ( 'NONE',  ( 0.000000000000000000, 6.505213034913023449E-15, -1.000000000000000000 ) ) ;
#1890 = CARTESIAN_POINT ( 'NONE',  ( 0.08999999999999999667, -0.3250000000000001776, 1.350000000000000533 ) ) ;
#1891 = CARTESIAN_POINT ( 'NONE',  ( 0.2300000000000000100, -1.999999999999999556, 1.500000000000000222 ) ) ;
#1892 = CARTESIAN_POINT ( 'NONE',  ( 0.000000000000000000, 1.474999999999999423, 0.7000000000000003997 ) ) ;
#1893 = CARTESIAN_POINT ( 'NONE',  ( 1.074999999999999956, 1.084973857298660693, 0.3737442079126476746 ) ) ;
#1894 = ORIENTED_EDGE ( 'NONE', *, *, #1322, .F. ) ;
#1895 = SURFACE_SIDE_STYLE ('',( #868 ) ) ;
#1896 = DIRECTION ( 'NONE',  ( 0.000000000000000000, 0.000000000000000000, 1.000000000000000000 ) ) ;
#1897 =( LENGTH_UNIT ( ) NAMED_UNIT ( * ) SI_UNIT ( .MILLI., .METRE. ) );
#1898 = ORIENTED_EDGE ( 'NONE', *, *, #1793, .T. ) ;
#1899 = VERTEX_POINT ( 'NONE', #1128 ) ;
#1900 = COLOUR_RGB ( '',0.1098039215686274495, 0.1098039215686274495, 0.1098039215686274495 ) ;
#1901 = CARTESIAN_POINT ( 'NONE',  ( 0.08999999999999999667, -1.475000000000000089, 1.350000000000000533 ) ) ;
#1902 =( GEOMETRIC_REPRESENTATION_CONTEXT ( 3 ) GLOBAL_UNCERTAINTY_ASSIGNED_CONTEXT ( ( #1632 ) ) GLOBAL_UNIT_ASSIGNED_CONTEXT ( ( #3349, #3330, #1569 ) ) REPRESENTATION_CONTEXT ( 'NONE', 'WORKASPACE' ) );
#1903 = CARTESIAN_POINT ( 'NONE',  ( 0.08999999999999999667, -1.199999999999999289, 0.3250000000000002331 ) ) ;
#1904 = ORIENTED_EDGE ( 'NONE', *, *, #2802, .T. ) ;
#1905 =( LENGTH_UNIT ( ) NAMED_UNIT ( * ) SI_UNIT ( .MILLI., .METRE. ) );
#1906 = DIRECTION ( 'NONE',  ( -0.000000000000000000, -1.000000000000000000, 8.340016711426957754E-17 ) ) ;
#1907 = FILL_AREA_STYLE_COLOUR ( '', #327 ) ;
#1908 = VECTOR ( 'NONE', #3813, 1000.000000000000000 ) ;
#1909 = PRESENTATION_LAYER_ASSIGNMENT (  '', '', ( #319 ) ) ;
#1910 = FACE_OUTER_BOUND ( 'NONE', #3848, .T. ) ;
#1911 = LINE ( 'NONE', #3269, #918 ) ;
#1912 = DIRECTION ( 'NONE',  ( 0.000000000000000000, 0.000000000000000000, -1.000000000000000000 ) ) ;
#1913 = DIRECTION ( 'NONE',  ( 0.000000000000000000, -0.000000000000000000, 1.000000000000000000 ) ) ;
#1914 = ORIENTED_EDGE ( 'NONE', *, *, #159, .F. ) ;
#1915 = CARTESIAN_POINT ( 'NONE',  ( 0.000000000000000000, 0.000000000000000000, 0.000000000000000000 ) ) ;
#1916 = EDGE_LOOP ( 'NONE', ( #3496, #799, #3101, #4188 ) ) ;
#1917 = ORIENTED_EDGE ( 'NONE', *, *, #2814, .T. ) ;
#1918 = ORIENTED_EDGE ( 'NONE', *, *, #153, .T. ) ;
#1919 = EDGE_CURVE ( 'NONE', #2964, #3134, #3510, .T. ) ;
#1920 = CARTESIAN_POINT ( 'NONE',  ( 0.000000000000000000, -1.999999999999999556, -1.499999999999999778 ) ) ;
#1921 = CIRCLE ( 'NONE', #3007, 0.2999999999999999334 ) ;
#1922 = ORIENTED_EDGE ( 'NONE', *, *, #399, .F. ) ;
#1923 =( GEOMETRIC_REPRESENTATION_CONTEXT ( 3 ) GLOBAL_UNCERTAINTY_ASSIGNED_CONTEXT ( ( #3771 ) ) GLOBAL_UNIT_ASSIGNED_CONTEXT ( ( #3933, #1816, #2233 ) ) REPRESENTATION_CONTEXT ( 'NONE', 'WORKASPACE' ) );
#1924 = DIRECTION ( 'NONE',  ( -1.000000000000000000, -0.000000000000000000, -0.000000000000000000 ) ) ;
#1925 = EDGE_CURVE ( 'NONE', #1, #1792, #2790, .T. ) ;
#1926 = CIRCLE ( 'NONE', #4348, 0.2999999999999999334 ) ;
#1927 = DIRECTION ( 'NONE',  ( 0.000000000000000000, 0.000000000000000000, -1.000000000000000000 ) ) ;
#1928 =( NAMED_UNIT ( * ) SI_UNIT ( $, .STERADIAN. ) SOLID_ANGLE_UNIT ( ) );
#1929 = CARTESIAN_POINT ( 'NONE',  ( 1.169999999999999929, 0.2999999999999997113, -0.6999999999999994005 ) ) ;
#1930 = EDGE_CURVE ( 'NONE', #2776, #569, #2766, .T. ) ;
#1931 = MECHANICAL_DESIGN_GEOMETRIC_PRESENTATION_REPRESENTATION (  '', ( #3598 ), #2084 ) ;
#1932 = CARTESIAN_POINT ( 'NONE',  ( 0.08999999999999999667, -1.199999999999999289, -0.3249999999999997891 ) ) ;
#1933 =( NAMED_UNIT ( * ) PLANE_ANGLE_UNIT ( ) SI_UNIT ( $, .RADIAN. ) );
#1934 = ORIENTED_EDGE ( 'NONE', *, *, #73, .T. ) ;
#1935 = VERTEX_POINT ( 'NONE', #2809 ) ;
#1936 = ORIENTED_EDGE ( 'NONE', *, *, #3429, .F. ) ;
#1937 = ADVANCED_FACE ( 'NONE', ( #4176 ), #2440, .T. ) ;
#1938 = DIRECTION ( 'NONE',  ( -1.000000000000000000, 0.000000000000000000, -0.000000000000000000 ) ) ;
#1939 = CARTESIAN_POINT ( 'NONE',  ( 0.08999999999999999667, 0.8249999999999995115, 0.7000000000000005107 ) ) ;
#1940 = CARTESIAN_POINT ( 'NONE',  ( 0.000000000000000000, -1.475000000000000089, -1.350000000000000089 ) ) ;
#1941 = ORIENTED_EDGE ( 'NONE', *, *, #1519, .F. ) ;
#1942 = CARTESIAN_POINT ( 'NONE',  ( 0.08999999999999999667, 0.8249999999999997335, 1.350000000000000533 ) ) ;
#1943 = LINE ( 'NONE', #916, #1570 ) ;
#1944 = EDGE_CURVE ( 'NONE', #2963, #1855, #717, .T. ) ;
#1945 = FACE_OUTER_BOUND ( 'NONE', #3823, .T. ) ;
#1946 = VECTOR ( 'NONE', #2052, 1000.000000000000000 ) ;
#1947 = DIRECTION ( 'NONE',  ( -1.000000000000000000, -0.000000000000000000, -0.000000000000000000 ) ) ;
#1948 = CARTESIAN_POINT ( 'NONE',  ( 0.000000000000000000, -1.199999999999999289, -0.3249999999999997891 ) ) ;
#1949 = CARTESIAN_POINT ( 'NONE',  ( 0.2300000000000000100, 1.800000000000000488, -0.8999999999999973577 ) ) ;
#1950 = DIRECTION ( 'NONE',  ( 0.000000000000000000, 0.000000000000000000, 1.000000000000000000 ) ) ;
#1951 = CARTESIAN_POINT ( 'NONE',  ( 0.08999999999999999667, 1.474999999999999423, -0.6999999999999999556 ) ) ;
#1952 =( NAMED_UNIT ( * ) PLANE_ANGLE_UNIT ( ) SI_UNIT ( $, .RADIAN. ) );
#1953 = EDGE_CURVE ( 'NONE', #2839, #4145, #3488, .T. ) ;
#1954 = CARTESIAN_POINT ( 'NONE',  ( 0.000000000000000000, 0.3249999999999995670, 0.7000000000000003997 ) ) ;
#1955 = ORIENTED_EDGE ( 'NONE', *, *, #1519, .T. ) ;
#1956 = EDGE_LOOP ( 'NONE', ( #994, #1690, #1136, #2152 ) ) ;
#1957 = ORIENTED_EDGE ( 'NONE', *, *, #3702, .F. ) ;
#1958 = EDGE_CURVE ( 'NONE', #4012, #1856, #4227, .T. ) ;
#1959 = CARTESIAN_POINT ( 'NONE',  ( 1.080000000000000071, 1.399999999999998357, 1.200000000000000178 ) ) ;
#1960 = EDGE_LOOP ( 'NONE', ( #4218, #2291, #1170, #450 ) ) ;
#1961 = LINE ( 'NONE', #2033, #2295 ) ;
#1962 = VERTEX_POINT ( 'NONE', #35 ) ;
#1963 = DIRECTION ( 'NONE',  ( 0.000000000000000000, 0.000000000000000000, -1.000000000000000000 ) ) ;
#1964 = CARTESIAN_POINT ( 'NONE',  ( 0.08999999999999999667, -1.199999999999999289, 0.3250000000000002331 ) ) ;
#1965 = MECHANICAL_DESIGN_GEOMETRIC_PRESENTATION_REPRESENTATION (  '', ( #3509 ), #1115 ) ;
#1966 = VECTOR ( 'NONE', #2022, 1000.000000000000000 ) ;
#1967 = CARTESIAN_POINT ( 'NONE',  ( 0.08999999999999999667, 0.000000000000000000, 0.000000000000000000 ) ) ;
#1968 = AXIS2_PLACEMENT_3D ( 'NONE', #1351, #1616, #1645 ) ;
#1969 = FACE_OUTER_BOUND ( 'NONE', #2102, .T. ) ;
#1970 = PRESENTATION_STYLE_ASSIGNMENT (( #2956 ) ) ;
#1971 = VECTOR ( 'NONE', #421, 1000.000000000000000 ) ;
#1972 = SURFACE_STYLE_USAGE ( .BOTH. , #1618 ) ;
#1973 = AXIS2_PLACEMENT_3D ( 'NONE', #1534, #869, #2915 ) ;
#1974 = VECTOR ( 'NONE', #2346, 1000.000000000000000 ) ;
#1975 = EDGE_CURVE ( 'NONE', #2274, #1962, #1794, .T. ) ;
#1976 = MECHANICAL_DESIGN_GEOMETRIC_PRESENTATION_REPRESENTATION (  '', ( #3969 ), #2813 ) ;
#1977 = VERTEX_POINT ( 'NONE', #2830 ) ;
#1978 = ORIENTED_EDGE ( 'NONE', *, *, #3627, .F. ) ;
#1979 = VERTEX_POINT ( 'NONE', #1088 ) ;
#1980 = ADVANCED_FACE ( 'NONE', ( #2160 ), #2461, .F. ) ;
#1981 = DIRECTION ( 'NONE',  ( 0.000000000000000000, 0.000000000000000000, -1.000000000000000000 ) ) ;
#1982 = DIRECTION ( 'NONE',  ( 0.000000000000000000, 3.336006684570783101E-16, 1.000000000000000000 ) ) ;
#1983 = ORIENTED_EDGE ( 'NONE', *, *, #3572, .T. ) ;
#1984 = CARTESIAN_POINT ( 'NONE',  ( 0.08999999999999999667, 0.8249999999999995115, -0.7000000000000000666 ) ) ;
#1985 = ORIENTED_EDGE ( 'NONE', *, *, #1790, .T. ) ;
#1986 = UNCERTAINTY_MEASURE_WITH_UNIT (LENGTH_MEASURE( 1.000000000000000082E-05 ), #1383, 'distance_accuracy_value', 'NONE');
#1987 = CARTESIAN_POINT ( 'NONE',  ( 0.000000000000000000, 1.474999999999999423, 1.150000000000000355 ) ) ;
#1988 = STYLED_ITEM ( 'NONE', ( #3115 ), #3125 ) ;
#1989 = FACE_OUTER_BOUND ( 'NONE', #2775, .T. ) ;
#1990 = VECTOR ( 'NONE', #2829, 1000.000000000000000 ) ;
#1991 =( NAMED_UNIT ( * ) PLANE_ANGLE_UNIT ( ) SI_UNIT ( $, .RADIAN. ) );
#1992 = COLOUR_RGB ( '',0.1098039215686274495, 0.1098039215686274495, 0.1098039215686274495 ) ;
#1993 = AXIS2_PLACEMENT_3D ( 'NONE', #483, #1883, #3580 ) ;
#1994 = VECTOR ( 'NONE', #1963, 1000.000000000000000 ) ;
#1995 = PLANE ( 'NONE',  #4251 ) ;
#1996 = CARTESIAN_POINT ( 'NONE',  ( 1.169999999999999929, -1.300000000000000488, 0.6999999999999992895 ) ) ;
#1997 = FACE_OUTER_BOUND ( 'NONE', #416, .T. ) ;
#1998 = EDGE_CURVE ( 'NONE', #3322, #2735, #833, .T. ) ;
#2000 = DIRECTION ( 'NONE',  ( -1.000000000000000000, -0.000000000000000000, -0.000000000000000000 ) ) ;
#1999 =( GEOMETRIC_REPRESENTATION_CONTEXT ( 3 ) GLOBAL_UNCERTAINTY_ASSIGNED_CONTEXT ( ( #3449 ) ) GLOBAL_UNIT_ASSIGNED_CONTEXT ( ( #894, #2853, #2254 ) ) REPRESENTATION_CONTEXT ( 'NONE', 'WORKASPACE' ) );
#2001 = VECTOR ( 'NONE', #1445, 1000.000000000000000 ) ;
#2002 = LINE ( 'NONE', #4114, #2587 ) ;
#2003 = EDGE_CURVE ( 'NONE', #48, #1047, #1032, .T. ) ;
#2004 = ORIENTED_EDGE ( 'NONE', *, *, #2926, .T. ) ;
#2005 = ORIENTED_EDGE ( 'NONE', *, *, #4189, .T. ) ;
#2006 = ORIENTED_EDGE ( 'NONE', *, *, #3224, .F. ) ;
#2007 = CARTESIAN_POINT ( 'NONE',  ( 0.08999999999999999667, -1.475000000000000311, 0.7000000000000005107 ) ) ;
#2008 = CARTESIAN_POINT ( 'NONE',  ( 0.2300000000000000100, -1.399999999999998135, -1.300000000000000266 ) ) ;
#2009 = VERTEX_POINT ( 'NONE', #691 ) ;
#2010 = SURFACE_STYLE_FILL_AREA ( #1697 ) ;
#2011 = ORIENTED_EDGE ( 'NONE', *, *, #2877, .T. ) ;
#2012 = CARTESIAN_POINT ( 'NONE',  ( 0.08999999999999999667, 1.200000000000000178, -0.3249999999999997891 ) ) ;
#2013 = EDGE_CURVE ( 'NONE', #587, #4092, #2060, .T. ) ;
#2014 = LINE ( 'NONE', #3419, #2119 ) ;
#2015 = DIRECTION ( 'NONE',  ( -1.000000000000000000, -0.000000000000000000, -0.000000000000000000 ) ) ;
#2016 = CARTESIAN_POINT ( 'NONE',  ( 0.08999999999999999667, -0.8250000000000003997, 1.350000000000000533 ) ) ;
#2017 = EDGE_CURVE ( 'NONE', #4461, #4426, #1874, .T. ) ;
#2018 = FACE_OUTER_BOUND ( 'NONE', #2939, .T. ) ;
#2019 = PLANE ( 'NONE',  #2778 ) ;
#2020 = VECTOR ( 'NONE', #1781, 1000.000000000000000 ) ;
#2021 = CARTESIAN_POINT ( 'NONE',  ( 0.08999999999999999667, -0.8250000000000003997, -0.6999999999999999556 ) ) ;
#2022 = DIRECTION ( 'NONE',  ( 0.000000000000000000, -3.336006684570783101E-16, 1.000000000000000000 ) ) ;
#2023 = DIRECTION ( 'NONE',  ( 0.000000000000000000, 0.000000000000000000, -1.000000000000000000 ) ) ;
#2024 =( LENGTH_UNIT ( ) NAMED_UNIT ( * ) SI_UNIT ( .MILLI., .METRE. ) );
#2025 = UNCERTAINTY_MEASURE_WITH_UNIT (LENGTH_MEASURE( 1.000000000000000082E-05 ), #3534, 'distance_accuracy_value', 'NONE');
#2026 = AXIS2_PLACEMENT_3D ( 'NONE', #3153, #92, #1783 ) ;
#2027 = SURFACE_STYLE_FILL_AREA ( #240 ) ;
#2028 = VERTEX_POINT ( 'NONE', #1259 ) ;
#2029 = ORIENTED_EDGE ( 'NONE', *, *, #4173, .T. ) ;
#2030 = ORIENTED_EDGE ( 'NONE', *, *, #819, .T. ) ;
#2031 = CARTESIAN_POINT ( 'NONE',  ( 0.3300000000000000155, -1.800000000000000711, 0.8999999999999973577 ) ) ;
#2032 = CARTESIAN_POINT ( 'NONE',  ( 0.000000000000000000, -0.8250000000000003997, 0.7000000000000003997 ) ) ;
#2033 = CARTESIAN_POINT ( 'NONE',  ( 0.000000000000000000, -1.475000000000000311, 0.7000000000000005107 ) ) ;
#2034 = CARTESIAN_POINT ( 'NONE',  ( 0.08999999999999999667, -1.475000000000000311, 0.7000000000000005107 ) ) ;
#2035 = DIRECTION ( 'NONE',  ( -1.000000000000000000, 0.000000000000000000, 0.000000000000000000 ) ) ;
#2036 = CARTESIAN_POINT ( 'NONE',  ( 0.08999999999999999667, -0.8250000000000003997, 0.7000000000000003997 ) ) ;
#2037 = VECTOR ( 'NONE', #1235, 1000.000000000000000 ) ;
#2038 = FILL_AREA_STYLE_COLOUR ( '', #3737 ) ;
#2039 = DIRECTION ( 'NONE',  ( 0.000000000000000000, 0.000000000000000000, 1.000000000000000000 ) ) ;
#2040 = LINE ( 'NONE', #1704, #2701 ) ;
#2041 = PRESENTATION_LAYER_ASSIGNMENT (  '', '', ( #1397 ) ) ;
#2042 = PLANE ( 'NONE',  #3839 ) ;
#2043 = AXIS2_PLACEMENT_3D ( 'NONE', #220, #2933, #4321 ) ;
#2044 = VECTOR ( 'NONE', #2554, 1000.000000000000000 ) ;
#2045 = FACE_OUTER_BOUND ( 'NONE', #1822, .T. ) ;
#2046 = MECHANICAL_DESIGN_GEOMETRIC_PRESENTATION_REPRESENTATION (  '', ( #2638 ), #4177 ) ;
#2047 = DIRECTION ( 'NONE',  ( 0.000000000000000000, 1.000000000000000000, 0.000000000000000000 ) ) ;
#2048 = STYLED_ITEM ( 'NONE', ( #2278 ), #3843 ) ;
#2049 = ORIENTED_EDGE ( 'NONE', *, *, #1790, .F. ) ;
#2050 = PRESENTATION_STYLE_ASSIGNMENT (( #294 ) ) ;
#2051 = VECTOR ( 'NONE', #1702, 1000.000000000000000 ) ;
#2052 = DIRECTION ( 'NONE',  ( 0.000000000000000000, 1.000000000000000000, 1.668003342285391551E-16 ) ) ;
#2053 = ORIENTED_EDGE ( 'NONE', *, *, #650, .T. ) ;
#2054 = EDGE_CURVE ( 'NONE', #2759, #2105, #2957, .T. ) ;
#2055 = DIRECTION ( 'NONE',  ( 1.000000000000000000, -0.000000000000000000, -0.000000000000000000 ) ) ;
#2056 = ORIENTED_EDGE ( 'NONE', *, *, #1276, .T. ) ;
#2057 = PLANE ( 'NONE',  #630 ) ;
#2058 = FACE_OUTER_BOUND ( 'NONE', #3972, .T. ) ;
#2059 = ORIENTED_EDGE ( 'NONE', *, *, #4059, .T. ) ;
#2060 = LINE ( 'NONE', #1573, #901 ) ;
#2061 = CARTESIAN_POINT ( 'NONE',  ( 0.3300000000000000155, -1.400000000000000799, 1.300000000000000266 ) ) ;
#2062 = CARTESIAN_POINT ( 'NONE',  ( 0.4300000000000000488, 1.399999999999997469, -1.300000000000000266 ) ) ;
#2063 = PRESENTATION_LAYER_ASSIGNMENT (  '', '', ( #1065 ) ) ;
#2064 = PRESENTATION_STYLE_ASSIGNMENT (( #4211 ) ) ;
#2065 = VECTOR ( 'NONE', #4137, 1000.000000000000000 ) ;
#2066 = MECHANICAL_DESIGN_GEOMETRIC_PRESENTATION_REPRESENTATION (  '', ( #989 ), #1923 ) ;
#2067 = ADVANCED_FACE ( 'NONE', ( #2607 ), #1592, .F. ) ;
#2068 = FACE_BOUND ( 'NONE', #508, .T. ) ;
#2069 = CARTESIAN_POINT ( 'NONE',  ( 1.080000000000000071, 1.400000000000000355, -0.9000000000000002442 ) ) ;
#2070 = EDGE_CURVE ( 'NONE', #188, #1069, #1243, .T. ) ;
#2071 = AXIS2_PLACEMENT_3D ( 'NONE', #3102, #2, #906 ) ;
#2072 = VECTOR ( 'NONE', #2655, 1000.000000000000000 ) ;
#2073 = EDGE_LOOP ( 'NONE', ( #1631, #3632, #1716, #3003 ) ) ;
#2074 = ORIENTED_EDGE ( 'NONE', *, *, #2822, .F. ) ;
#2075 = VERTEX_POINT ( 'NONE', #4043 ) ;
#2076 = SURFACE_STYLE_FILL_AREA ( #2687 ) ;
#2077 = ADVANCED_FACE ( 'NONE', ( #3618 ), #2259, .F. ) ;
#2078 = LINE ( 'NONE', #4465, #3198 ) ;
#2079 = EDGE_LOOP ( 'NONE', ( #2863, #4192, #2214, #1807 ) ) ;
#2080 = ORIENTED_EDGE ( 'NONE', *, *, #3783, .T. ) ;
#2081 = ORIENTED_EDGE ( 'NONE', *, *, #2608, .T. ) ;
#2082 = UNCERTAINTY_MEASURE_WITH_UNIT (LENGTH_MEASURE( 1.000000000000000082E-05 ), #306, 'distance_accuracy_value', 'NONE');
#2083 = CYLINDRICAL_SURFACE ( 'NONE', #548, 0.3999999999999999667 ) ;
#2084 =( GEOMETRIC_REPRESENTATION_CONTEXT ( 3 ) GLOBAL_UNCERTAINTY_ASSIGNED_CONTEXT ( ( #3537 ) ) GLOBAL_UNIT_ASSIGNED_CONTEXT ( ( #1281, #1991, #3041 ) ) REPRESENTATION_CONTEXT ( 'NONE', 'WORKASPACE' ) );
#2085 = CARTESIAN_POINT ( 'NONE',  ( 0.08999999999999999667, -1.475000000000000311, -0.7000000000000000666 ) ) ;
#2086 = ADVANCED_FACE ( 'NONE', ( #4021 ), #504, .F. ) ;
#2087 = FACE_BOUND ( 'NONE', #4492, .T. ) ;
#2088 = EDGE_CURVE ( 'NONE', #1879, #3927, #3643, .T. ) ;
#2089 = LINE ( 'NONE', #1365, #265 ) ;
#2090 = ORIENTED_EDGE ( 'NONE', *, *, #4458, .T. ) ;
#2091 =( NAMED_UNIT ( * ) SI_UNIT ( $, .STERADIAN. ) SOLID_ANGLE_UNIT ( ) );
#2092 = EDGE_CURVE ( 'NONE', #3359, #1536, #2240, .T. ) ;
#2093 = CARTESIAN_POINT ( 'NONE',  ( 0.000000000000000000, -1.849999999999999201, 0.3250000000000001221 ) ) ;
#2094 = SURFACE_SIDE_STYLE ('',( #762 ) ) ;
#2095 =( LENGTH_UNIT ( ) NAMED_UNIT ( * ) SI_UNIT ( .MILLI., .METRE. ) );
#2096 = DIRECTION ( 'NONE',  ( 0.000000000000000000, -0.000000000000000000, 1.000000000000000000 ) ) ;
#2097 = VECTOR ( 'NONE', #4497, 1000.000000000000000 ) ;
#2098 = CIRCLE ( 'NONE', #288, 0.1000000000000000472 ) ;
#2099 = LINE ( 'NONE', #1798, #63 ) ;
#2100 = VERTEX_POINT ( 'NONE', #2305 ) ;
#2102 = EDGE_LOOP ( 'NONE', ( #3104, #2751, #3774, #4291 ) ) ;
#2101 = EDGE_CURVE ( 'NONE', #3005, #4125, #564, .T. ) ;
#2103 = FACE_OUTER_BOUND ( 'NONE', #2729, .T. ) ;
#2104 = DIRECTION ( 'NONE',  ( 0.000000000000000000, -3.336006684570784088E-16, 1.000000000000000000 ) ) ;
#2105 = VERTEX_POINT ( 'NONE', #3959 ) ;
#2106 = CARTESIAN_POINT ( 'NONE',  ( 1.169999999999999929, -1.199999999999999956, 0.7999999999999999334 ) ) ;
#2107 = ORIENTED_EDGE ( 'NONE', *, *, #321, .F. ) ;
#2108 = VERTEX_POINT ( 'NONE', #3248 ) ;
#2109 = CARTESIAN_POINT ( 'NONE',  ( 0.000000000000000000, 1.474999999999999423, 1.150000000000000355 ) ) ;
#2110 = LINE ( 'NONE', #2406, #2182 ) ;
#2111 = ORIENTED_EDGE ( 'NONE', *, *, #3055, .T. ) ;
#2112 = SURFACE_SIDE_STYLE ('',( #485 ) ) ;
#2113 = CARTESIAN_POINT ( 'NONE',  ( 0.08999999999999999667, -0.3250000000000003997, 0.7000000000000005107 ) ) ;
#2114 = CARTESIAN_POINT ( 'NONE',  ( 0.3300000000000000155, -1.800000000000000711, 0.8999999999999973577 ) ) ;
#2115 =( LENGTH_UNIT ( ) NAMED_UNIT ( * ) SI_UNIT ( .MILLI., .METRE. ) );
#2116 = UNCERTAINTY_MEASURE_WITH_UNIT (LENGTH_MEASURE( 1.000000000000000082E-05 ), #1754, 'distance_accuracy_value', 'NONE');
#2117 = PRESENTATION_STYLE_ASSIGNMENT (( #741 ) ) ;
#2118 = CARTESIAN_POINT ( 'NONE',  ( 1.080000000000000071, 0.2999999999999996003, 0.6999999999999992895 ) ) ;
#2119 = VECTOR ( 'NONE', #301, 1000.000000000000000 ) ;
#2120 = CARTESIAN_POINT ( 'NONE',  ( 0.08999999999999999667, 0.3249999999999995670, -0.6999999999999999556 ) ) ;
#2121 = ORIENTED_EDGE ( 'NONE', *, *, #3633, .T. ) ;
#2122 = EDGE_LOOP ( 'NONE', ( #3299, #965, #3715, #1446 ) ) ;
#2123 = MECHANICAL_DESIGN_GEOMETRIC_PRESENTATION_REPRESENTATION (  '', ( #1397 ), #2198 ) ;
#2124 = DIRECTION ( 'NONE',  ( 0.000000000000000000, 1.668003342285392044E-16, -1.000000000000000000 ) ) ;
#2125 = ADVANCED_FACE ( 'NONE', ( #3333 ), #1531, .T. ) ;
#2126 = VECTOR ( 'NONE', #1438, 1000.000000000000000 ) ;
#2127 = CARTESIAN_POINT ( 'NONE',  ( 0.08999999999999999667, 0.8249999999999997335, -1.350000000000000089 ) ) ;
#2128 = ORIENTED_EDGE ( 'NONE', *, *, #1028, .T. ) ;
#2129 = ORIENTED_EDGE ( 'NONE', *, *, #2880, .T. ) ;
#2130 = ORIENTED_EDGE ( 'NONE', *, *, #20, .F. ) ;
#2131 = EDGE_CURVE ( 'NONE', #4092, #1977, #181, .T. ) ;
#2132 = SURFACE_STYLE_FILL_AREA ( #3281 ) ;
#2133 = LINE ( 'NONE', #2902, #3539 ) ;
#2134 = VERTEX_POINT ( 'NONE', #1228 ) ;
#2135 = AXIS2_PLACEMENT_3D ( 'NONE', #3107, #3849, #1160 ) ;
#2136 = LINE ( 'NONE', #4479, #4326 ) ;
#2137 = LINE ( 'NONE', #3140, #419 ) ;
#2138 = EDGE_CURVE ( 'NONE', #4004, #850, #2415, .T. ) ;
#2139 = DIRECTION ( 'NONE',  ( 0.000000000000000000, -6.866613759074863256E-15, 1.000000000000000000 ) ) ;
#2140 = AXIS2_PLACEMENT_3D ( 'NONE', #2582, #4401, #135 ) ;
#2141 = EDGE_LOOP ( 'NONE', ( #2612, #2476, #3546, #2529 ) ) ;
#2142 = COLOUR_RGB ( '',0.1098039215686274495, 0.1098039215686274495, 0.1098039215686274495 ) ;
#2143 = CARTESIAN_POINT ( 'NONE',  ( 0.000000000000000000, 0.8249999999999997335, 1.350000000000000533 ) ) ;
#2144 = EDGE_LOOP ( 'NONE', ( #3926, #269, #2384, #2803 ) ) ;
#2145 = CLOSED_SHELL ( 'NONE', ( #154, #3311, #607, #881, #917, #1851 ) ) ;
#2146 = PLANE ( 'NONE',  #3341 ) ;
#2147 = VECTOR ( 'NONE', #712, 1000.000000000000000 ) ;
#2148 = ADVANCED_FACE ( 'NONE', ( #2700 ), #984, .T. ) ;
#2149 = LINE ( 'NONE', #2127, #2469 ) ;
#2150 = ORIENTED_EDGE ( 'NONE', *, *, #1684, .F. ) ;
#2151 = ORIENTED_EDGE ( 'NONE', *, *, #1958, .F. ) ;
#2152 = ORIENTED_EDGE ( 'NONE', *, *, #3000, .T. ) ;
#2153 = SURFACE_SIDE_STYLE ('',( #454 ) ) ;
#2154 = CIRCLE ( 'NONE', #2531, 0.3999999999999999667 ) ;
#2155 = PRESENTATION_STYLE_ASSIGNMENT (( #4269 ) ) ;
#2156 = EDGE_LOOP ( 'NONE', ( #4305, #451, #270 ) ) ;
#2157 = CARTESIAN_POINT ( 'NONE',  ( 0.000000000000000000, 1.850000000000000089, -0.3249999999999998446 ) ) ;
#2158 = PLANE ( 'NONE',  #493 ) ;
#2159 = ADVANCED_FACE ( 'NONE', ( #1997 ), #4438, .F. ) ;
#2160 = FACE_OUTER_BOUND ( 'NONE', #1826, .T. ) ;
#2161 = CARTESIAN_POINT ( 'NONE',  ( 0.08999999999999999667, -1.475000000000000089, -1.350000000000000089 ) ) ;
#2162 = CARTESIAN_POINT ( 'NONE',  ( 0.7800000000000001377, 1.400000000000000355, 0.9000000000000002442 ) ) ;
#2163 = UNCERTAINTY_MEASURE_WITH_UNIT (LENGTH_MEASURE( 1.000000000000000082E-05 ), #969, 'distance_accuracy_value', 'NONE');
#2164 = ADVANCED_FACE ( 'NONE', ( #4136 ), #4480, .F. ) ;
#2165 = FACE_OUTER_BOUND ( 'NONE', #3799, .T. ) ;
#2166 = DIRECTION ( 'NONE',  ( -0.000000000000000000, -1.000000000000000000, -0.000000000000000000 ) ) ;
#2167 = CARTESIAN_POINT ( 'NONE',  ( 0.000000000000000000, 1.474999999999999423, -1.350000000000000089 ) ) ;
#2168 = DIRECTION ( 'NONE',  ( 0.000000000000000000, 1.000000000000000000, 1.668003342285392044E-16 ) ) ;
#2169 = ORIENTED_EDGE ( 'NONE', *, *, #1655, .T. ) ;
#2170 =( NAMED_UNIT ( * ) SI_UNIT ( $, .STERADIAN. ) SOLID_ANGLE_UNIT ( ) );
#2171 = CIRCLE ( 'NONE', #1733, 0.2999999999999999334 ) ;
#2172 = CARTESIAN_POINT ( 'NONE',  ( 0.3300000000000000155, -1.400000000000000799, -0.9000000000000002442 ) ) ;
#2173 = EDGE_LOOP ( 'NONE', ( #1596, #3573, #4468, #4376 ) ) ;
#2174 = ORIENTED_EDGE ( 'NONE', *, *, #3499, .T. ) ;
#2175 = VERTEX_POINT ( 'NONE', #2371 ) ;
#2176 = CARTESIAN_POINT ( 'NONE',  ( 0.08999999999999999667, -1.199999999999999289, -0.3249999999999997891 ) ) ;
#2177 = DIRECTION ( 'NONE',  ( 1.000000000000000000, 0.000000000000000000, 0.000000000000000000 ) ) ;
#2178 = PLANE ( 'NONE',  #2203 ) ;
#2179 = SURFACE_SIDE_STYLE ('',( #3883 ) ) ;
#2180 = ORIENTED_EDGE ( 'NONE', *, *, #3384, .F. ) ;
#2181 = CARTESIAN_POINT ( 'NONE',  ( 0.000000000000000000, 0.8249999999999995115, 0.7000000000000005107 ) ) ;
#2182 = VECTOR ( 'NONE', #1055, 1000.000000000000000 ) ;
#2183 = FILL_AREA_STYLE ('',( #174 ) ) ;
#2184 = DIRECTION ( 'NONE',  ( -0.000000000000000000, -0.000000000000000000, -1.000000000000000000 ) ) ;
#2185 = CARTESIAN_POINT ( 'NONE',  ( 0.08999999999999999667, 0.8249999999999997335, -1.350000000000000089 ) ) ;
#2186 = EDGE_CURVE ( 'NONE', #2918, #4382, #943, .T. ) ;
#2187 = CARTESIAN_POINT ( 'NONE',  ( 0.7800000000000001377, -1.700000000000000844, 0.8999999999999981348 ) ) ;
#2188 = DIRECTION ( 'NONE',  ( 0.000000000000000000, 0.000000000000000000, -1.000000000000000000 ) ) ;
#2189 = LINE ( 'NONE', #2606, #900 ) ;
#2190 = VERTEX_POINT ( 'NONE', #1951 ) ;
#2191 = CARTESIAN_POINT ( 'NONE',  ( 0.000000000000000000, 1.850000000000000089, 0.3250000000000001221 ) ) ;
#2192 = ORIENTED_EDGE ( 'NONE', *, *, #3474, .T. ) ;
#2193 = AXIS2_PLACEMENT_3D ( 'NONE', #4017, #216, #1587 ) ;
#2194 = DIRECTION ( 'NONE',  ( -1.000000000000000000, -0.000000000000000000, -0.000000000000000000 ) ) ;
#2195 = CARTESIAN_POINT ( 'NONE',  ( 0.08999999999999999667, 0.8249999999999995115, -0.7000000000000000666 ) ) ;
#2196 = ORIENTED_EDGE ( 'NONE', *, *, #4153, .T. ) ;
#2197 = ORIENTED_EDGE ( 'NONE', *, *, #992, .F. ) ;
#2198 =( GEOMETRIC_REPRESENTATION_CONTEXT ( 3 ) GLOBAL_UNCERTAINTY_ASSIGNED_CONTEXT ( ( #954 ) ) GLOBAL_UNIT_ASSIGNED_CONTEXT ( ( #3895, #1064, #766 ) ) REPRESENTATION_CONTEXT ( 'NONE', 'WORKASPACE' ) );
#2199 = EDGE_LOOP ( 'NONE', ( #930, #1575, #3338, #4330 ) ) ;
#2200 = DIRECTION ( 'NONE',  ( 0.000000000000000000, 0.000000000000000000, -1.000000000000000000 ) ) ;
#2201 =( GEOMETRIC_REPRESENTATION_CONTEXT ( 3 ) GLOBAL_UNCERTAINTY_ASSIGNED_CONTEXT ( ( #497 ) ) GLOBAL_UNIT_ASSIGNED_CONTEXT ( ( #2483, #15, #1770 ) ) REPRESENTATION_CONTEXT ( 'NONE', 'WORKASPACE' ) );
#2202 = EDGE_CURVE ( 'NONE', #2964, #3394, #262, .T. ) ;
#2203 = AXIS2_PLACEMENT_3D ( 'NONE', #4268, #414, #3188 ) ;
#2204 = VERTEX_POINT ( 'NONE', #3047 ) ;
#2205 = DIRECTION ( 'NONE',  ( -0.000000000000000000, -0.000000000000000000, -1.000000000000000000 ) ) ;
#2206 = CARTESIAN_POINT ( 'NONE',  ( 0.000000000000000000, -0.8250000000000003997, -0.6999999999999999556 ) ) ;
#2207 = VECTOR ( 'NONE', #354, 1000.000000000000000 ) ;
#2208 = CARTESIAN_POINT ( 'NONE',  ( 0.08999999999999999667, 0.3249999999999995670, 0.7000000000000003997 ) ) ;
#2209 = SURFACE_STYLE_USAGE ( .BOTH. , #109 ) ;
#2210 = UNCERTAINTY_MEASURE_WITH_UNIT (LENGTH_MEASURE( 1.000000000000000082E-05 ), #2024, 'distance_accuracy_value', 'NONE');
#2211 = DIRECTION ( 'NONE',  ( 0.000000000000000000, 1.000000000000000000, 1.668003342285391551E-16 ) ) ;
#2212 = LINE ( 'NONE', #841, #3623 ) ;
#2213 = DIRECTION ( 'NONE',  ( -1.000000000000000000, -0.000000000000000000, -0.000000000000000000 ) ) ;
#2214 = ORIENTED_EDGE ( 'NONE', *, *, #507, .F. ) ;
#2215 = CARTESIAN_POINT ( 'NONE',  ( 0.08999999999999999667, -1.475000000000000311, 0.7000000000000005107 ) ) ;
#2216 = EDGE_CURVE ( 'NONE', #3801, #1879, #1308, .T. ) ;
#2217 = PLANE ( 'NONE',  #3226 ) ;
#2218 = COLOUR_RGB ( '',0.7921568627450980005, 0.8196078431372548767, 0.9333333333333333481 ) ;
#2219 = COLOUR_RGB ( '',0.7921568627450980005, 0.8196078431372548767, 0.9333333333333333481 ) ;
#2220 = PLANE ( 'NONE',  #1801 ) ;
#2221 = ORIENTED_EDGE ( 'NONE', *, *, #3640, .T. ) ;
#2222 = EDGE_CURVE ( 'NONE', #3481, #406, #4088, .T. ) ;
#2223 = ORIENTED_EDGE ( 'NONE', *, *, #282, .T. ) ;
#2224 = EDGE_LOOP ( 'NONE', ( #699, #3847, #4155, #554 ) ) ;
#2225 = EDGE_CURVE ( 'NONE', #3524, #4004, #3072, .T. ) ;
#2226 = STYLED_ITEM ( 'NONE', ( #1148 ), #2620 ) ;
#2227 = FILL_AREA_STYLE_COLOUR ( '', #4096 ) ;
#2228 =( GEOMETRIC_REPRESENTATION_CONTEXT ( 3 ) GLOBAL_UNCERTAINTY_ASSIGNED_CONTEXT ( ( #3118 ) ) GLOBAL_UNIT_ASSIGNED_CONTEXT ( ( #2812, #830, #1149 ) ) REPRESENTATION_CONTEXT ( 'NONE', 'WORKASPACE' ) );
#2229 = CIRCLE ( 'NONE', #3988, 0.1000000000000000472 ) ;
#2230 = VERTEX_POINT ( 'NONE', #236 ) ;
#2231 =( NAMED_UNIT ( * ) PLANE_ANGLE_UNIT ( ) SI_UNIT ( $, .RADIAN. ) );
#2232 = EDGE_CURVE ( 'NONE', #1557, #1147, #3745, .T. ) ;
#2233 =( NAMED_UNIT ( * ) SI_UNIT ( $, .STERADIAN. ) SOLID_ANGLE_UNIT ( ) );
#2234 = ADVANCED_FACE ( 'NONE', ( #3405 ), #1287, .F. ) ;
#2235 = CARTESIAN_POINT ( 'NONE',  ( 0.4300000000000000488, -1.399999999999998357, -1.300000000000000266 ) ) ;
#2236 = PRESENTATION_STYLE_ASSIGNMENT (( #2581 ) ) ;
#2237 = CARTESIAN_POINT ( 'NONE',  ( 0.08999999999999999667, -1.475000000000000311, -0.7000000000000000666 ) ) ;
#2238 = CARTESIAN_POINT ( 'NONE',  ( 0.000000000000000000, 0.000000000000000000, 0.000000000000000000 ) ) ;
#2239 = LINE ( 'NONE', #842, #3300 ) ;
#2240 = LINE ( 'NONE', #1893, #1257 ) ;
#2241 = FACE_OUTER_BOUND ( 'NONE', #72, .T. ) ;
#2242 = CARTESIAN_POINT ( 'NONE',  ( 0.000000000000000000, 0.8249999999999997335, 1.350000000000000533 ) ) ;
#2243 = CARTESIAN_POINT ( 'NONE',  ( 0.2300000000000000100, -1.400000000000000799, -0.9000000000000002442 ) ) ;
#2244 = CARTESIAN_POINT ( 'NONE',  ( 0.000000000000000000, 1.474999999999999423, -1.350000000000000089 ) ) ;
#2245 = ORIENTED_EDGE ( 'NONE', *, *, #2432, .T. ) ;
#2246 = ORIENTED_EDGE ( 'NONE', *, *, #3407, .T. ) ;
#2247 = EDGE_LOOP ( 'NONE', ( #2472, #3727, #1786, #1983 ) ) ;
#2248 = CARTESIAN_POINT ( 'NONE',  ( 0.000000000000000000, 1.274999999999999467, 1.350000000000000533 ) ) ;
#2249 = CARTESIAN_POINT ( 'NONE',  ( 0.000000000000000000, 0.000000000000000000, 0.000000000000000000 ) ) ;
#2250 = CARTESIAN_POINT ( 'NONE',  ( 1.080000000000000071, -1.400000000000000799, 0.9000000000000002442 ) ) ;
#2251 = ORIENTED_EDGE ( 'NONE', *, *, #4460, .T. ) ;
#2252 = DIRECTION ( 'NONE',  ( 1.000000000000000000, -0.000000000000000000, -0.000000000000000000 ) ) ;
#2253 = CIRCLE ( 'NONE', #437, 0.1000000000000000472 ) ;
#2254 =( NAMED_UNIT ( * ) SI_UNIT ( $, .STERADIAN. ) SOLID_ANGLE_UNIT ( ) );
#2255 = DIRECTION ( 'NONE',  ( 0.000000000000000000, 0.000000000000000000, 1.000000000000000000 ) ) ;
#2256 = PLANE ( 'NONE',  #641 ) ;
#2257 = CARTESIAN_POINT ( 'NONE',  ( 0.08999999999999999667, 1.850000000000000089, -0.3249999999999998446 ) ) ;
#2258 = DIRECTION ( 'NONE',  ( -1.000000000000000000, -0.000000000000000000, -0.000000000000000000 ) ) ;
#2259 = PLANE ( 'NONE',  #603 ) ;
#2260 = ADVANCED_FACE ( 'NONE', ( #599 ), #3366, .F. ) ;
#2261 = ORIENTED_EDGE ( 'NONE', *, *, #3066, .F. ) ;
#2262 = SURFACE_STYLE_USAGE ( .BOTH. , #845 ) ;
#2263 = ADVANCED_FACE ( 'NONE', ( #1541 ), #4334, .F. ) ;
#2264 = DIRECTION ( 'NONE',  ( -0.000000000000000000, 1.000000000000000000, 0.000000000000000000 ) ) ;
#2265 =( NAMED_UNIT ( * ) SI_UNIT ( $, .STERADIAN. ) SOLID_ANGLE_UNIT ( ) );
#2266 = VERTEX_POINT ( 'NONE', #3653 ) ;
#2267 = ORIENTED_EDGE ( 'NONE', *, *, #550, .F. ) ;
#2268 = ORIENTED_EDGE ( 'NONE', *, *, #2555, .T. ) ;
#2269 = AXIS2_PLACEMENT_3D ( 'NONE', #1809, #2828, #1882 ) ;
#2270 = ADVANCED_FACE ( 'NONE', ( #2273 ), #4427, .T. ) ;
#2271 =( NAMED_UNIT ( * ) SI_UNIT ( $, .STERADIAN. ) SOLID_ANGLE_UNIT ( ) );
#2272 = AXIS2_PLACEMENT_3D ( 'NONE', #1845, #3567, #503 ) ;
#2273 = FACE_OUTER_BOUND ( 'NONE', #2503, .T. ) ;
#2274 = VERTEX_POINT ( 'NONE', #1214 ) ;
#2275 = CARTESIAN_POINT ( 'NONE',  ( 0.08999999999999999667, -0.3250000000000003997, -0.7000000000000000666 ) ) ;
#2276 = AXIS2_PLACEMENT_3D ( 'NONE', #3913, #3887, #1815 ) ;
#2277 = EDGE_CURVE ( 'NONE', #2266, #408, #4381, .T. ) ;
#2278 = PRESENTATION_STYLE_ASSIGNMENT (( #3695 ) ) ;
#2279 = PRESENTATION_LAYER_ASSIGNMENT (  '', '', ( #2638 ) ) ;
#2280 = AXIS2_PLACEMENT_3D ( 'NONE', #2637, #2674, #257 ) ;
#2281 = CARTESIAN_POINT ( 'NONE',  ( 0.000000000000000000, -0.8250000000000003997, 0.7000000000000003997 ) ) ;
#2282 = PLANE ( 'NONE',  #1559 ) ;
#2283 =( NAMED_UNIT ( * ) PLANE_ANGLE_UNIT ( ) SI_UNIT ( $, .RADIAN. ) );
#2284 = DIRECTION ( 'NONE',  ( 1.000000000000000000, -0.000000000000000000, -0.000000000000000000 ) ) ;
#2285 = LINE ( 'NONE', #4368, #490 ) ;
#2286 = ADVANCED_FACE ( 'NONE', ( #3994 ), #3160, .T. ) ;
#2287 = CARTESIAN_POINT ( 'NONE',  ( 0.08999999999999999667, 0.3249999999999995670, 0.7000000000000003997 ) ) ;
#2288 = VERTEX_POINT ( 'NONE', #1939 ) ;
#2289 = MECHANICAL_DESIGN_GEOMETRIC_PRESENTATION_REPRESENTATION (  '', ( #195 ), #696 ) ;
#2290 = ORIENTED_EDGE ( 'NONE', *, *, #279, .F. ) ;
#2291 = ORIENTED_EDGE ( 'NONE', *, *, #2945, .F. ) ;
#2292 = ADVANCED_FACE ( 'NONE', ( #756 ), #2178, .F. ) ;
#2293 = VECTOR ( 'NONE', #2211, 1000.000000000000000 ) ;
#2294 = PLANE ( 'NONE',  #1105 ) ;
#2295 = VECTOR ( 'NONE', #3828, 1000.000000000000000 ) ;
#2296 = ORIENTED_EDGE ( 'NONE', *, *, #2737, .T. ) ;
#2297 = AXIS2_PLACEMENT_3D ( 'NONE', #2181, #1172, #3910 ) ;
#2298 =( NAMED_UNIT ( * ) SI_UNIT ( $, .STERADIAN. ) SOLID_ANGLE_UNIT ( ) );
#2299 =( GEOMETRIC_REPRESENTATION_CONTEXT ( 3 ) GLOBAL_UNCERTAINTY_ASSIGNED_CONTEXT ( ( #2348 ) ) GLOBAL_UNIT_ASSIGNED_CONTEXT ( ( #1244, #1952, #2624 ) ) REPRESENTATION_CONTEXT ( 'NONE', 'WORKASPACE' ) );
#2300 = AXIS2_PLACEMENT_3D ( 'NONE', #1942, #936, #4403 ) ;
#2301 = ADVANCED_FACE ( 'NONE', ( #3578 ), #2083, .T. ) ;
#2302 = LINE ( 'NONE', #4454, #2495 ) ;
#2303 = DIRECTION ( 'NONE',  ( -0.000000000000000000, -1.000000000000000000, 0.000000000000000000 ) ) ;
#2304 = CYLINDRICAL_SURFACE ( 'NONE', #1334, 0.2999999999999999334 ) ;
#2305 = CARTESIAN_POINT ( 'NONE',  ( 0.3300000000000000155, 1.800000000000000488, -0.8999999999999973577 ) ) ;
#2306 = DIRECTION ( 'NONE',  ( 0.000000000000000000, 0.000000000000000000, -1.000000000000000000 ) ) ;
#2307 = DIRECTION ( 'NONE',  ( -1.000000000000000000, -0.000000000000000000, -0.000000000000000000 ) ) ;
#2308 = CARTESIAN_POINT ( 'NONE',  ( 0.000000000000000000, 1.200000000000000178, -0.3249999999999997891 ) ) ;
#2309 = VERTEX_POINT ( 'NONE', #3483 ) ;
#2310 = VERTEX_POINT ( 'NONE', #1742 ) ;
#2311 = PLANE ( 'NONE',  #1665 ) ;
#2312 = ORIENTED_EDGE ( 'NONE', *, *, #164, .F. ) ;
#2313 = ORIENTED_EDGE ( 'NONE', *, *, #2895, .T. ) ;
#2314 = CARTESIAN_POINT ( 'NONE',  ( 0.000000000000000000, 1.200000000000000178, 0.3250000000000002331 ) ) ;
#2315 = SURFACE_STYLE_USAGE ( .BOTH. , #937 ) ;
#2316 = PLANE ( 'NONE',  #4032 ) ;
#2317 = PRODUCT_DEFINITION_FORMATION_WITH_SPECIFIED_SOURCE ( 'ANY', '', #335, .NOT_KNOWN. ) ;
#2318 = FACE_OUTER_BOUND ( 'NONE', #889, .T. ) ;
#2319 = EDGE_CURVE ( 'NONE', #320, #44, #3855, .T. ) ;
#2320 = DIRECTION ( 'NONE',  ( 0.000000000000000000, -1.000000000000000000, 0.000000000000000000 ) ) ;
#2321 = DIRECTION ( 'NONE',  ( 0.000000000000000000, 0.000000000000000000, -1.000000000000000000 ) ) ;
#2322 = LINE ( 'NONE', #4042, #3804 ) ;
#2323 = DIRECTION ( 'NONE',  ( 0.000000000000000000, 0.000000000000000000, -1.000000000000000000 ) ) ;
#2324 = DIRECTION ( 'NONE',  ( 0.000000000000000000, -1.000000000000000000, -0.000000000000000000 ) ) ;
#2325 = FILL_AREA_STYLE_COLOUR ( '', #1992 ) ;
#2326 = ADVANCED_FACE ( 'NONE', ( #1404 ), #1080, .F. ) ;
#2327 = CARTESIAN_POINT ( 'NONE',  ( 0.3300000000000000155, 1.800000000000000488, 0.8999999999999973577 ) ) ;
#2328 = DIRECTION ( 'NONE',  ( 0.000000000000000000, 0.000000000000000000, 1.000000000000000000 ) ) ;
#2329 = ORIENTED_EDGE ( 'NONE', *, *, #119, .F. ) ;
#2330 = ORIENTED_EDGE ( 'NONE', *, *, #3970, .F. ) ;
#2331 = ORIENTED_EDGE ( 'NONE', *, *, #3145, .T. ) ;
#2332 = CARTESIAN_POINT ( 'NONE',  ( 0.000000000000000000, 1.474999999999999423, -1.350000000000000089 ) ) ;
#2333 = DIRECTION ( 'NONE',  ( 1.000000000000000000, 0.000000000000000000, -0.000000000000000000 ) ) ;
#2334 = VERTEX_POINT ( 'NONE', #4292 ) ;
#2335 = SURFACE_SIDE_STYLE ('',( #2010 ) ) ;
#2336 = ORIENTED_EDGE ( 'NONE', *, *, #3377, .F. ) ;
#2337 = DIRECTION ( 'NONE',  ( -0.000000000000000000, -0.000000000000000000, -1.000000000000000000 ) ) ;
#2338 = EDGE_CURVE ( 'NONE', #505, #4463, #1558, .T. ) ;
#2339 = CYLINDRICAL_SURFACE ( 'NONE', #2280, 0.1000000000000000472 ) ;
#2340 = CARTESIAN_POINT ( 'NONE',  ( 0.08999999999999999667, -0.8250000000000003997, 0.7000000000000003997 ) ) ;
#2341 = VECTOR ( 'NONE', #1821, 1000.000000000000000 ) ;
#2342 = CARTESIAN_POINT ( 'NONE',  ( 0.08999999999999999667, -1.849999999999999201, 0.3250000000000001221 ) ) ;
#2343 = VECTOR ( 'NONE', #64, 1000.000000000000000 ) ;
#2344 = CARTESIAN_POINT ( 'NONE',  ( 0.000000000000000000, 0.8249999999999997335, -1.350000000000000089 ) ) ;
#2345 = DIRECTION ( 'NONE',  ( 1.000000000000000000, 0.000000000000000000, 0.000000000000000000 ) ) ;
#2346 = DIRECTION ( 'NONE',  ( -0.000000000000000000, -1.000000000000000000, -0.000000000000000000 ) ) ;
#2347 = COLOUR_RGB ( '',0.1098039215686274495, 0.1098039215686274495, 0.1098039215686274495 ) ;
#2348 = UNCERTAINTY_MEASURE_WITH_UNIT (LENGTH_MEASURE( 1.000000000000000082E-05 ), #1244, 'distance_accuracy_value', 'NONE');
#2349 = LINE ( 'NONE', #2327, #3680 ) ;
#2350 = VECTOR ( 'NONE', #2426, 1000.000000000000000 ) ;
#2351 = EDGE_LOOP ( 'NONE', ( #93, #1904, #876, #1001 ) ) ;
#2352 = ORIENTED_EDGE ( 'NONE', *, *, #3514, .T. ) ;
#2354 = ORIENTED_EDGE ( 'NONE', *, *, #1028, .F. ) ;
#2353 = EDGE_CURVE ( 'NONE', #1393, #348, #1689, .T. ) ;
#2355 = DIRECTION ( 'NONE',  ( 0.000000000000000000, 0.7071067811865474617, -0.7071067811865474617 ) ) ;
#2356 = ORIENTED_EDGE ( 'NONE', *, *, #804, .T. ) ;
#2357 =( LENGTH_UNIT ( ) NAMED_UNIT ( * ) SI_UNIT ( .MILLI., .METRE. ) );
#2358 = EDGE_LOOP ( 'NONE', ( #3010, #3502, #1164, #4377 ) ) ;
#2359 = EDGE_CURVE ( 'NONE', #3495, #3670, #4170, .T. ) ;
#2360 = CARTESIAN_POINT ( 'NONE',  ( 0.000000000000000000, 0.8249999999999995115, -0.7000000000000000666 ) ) ;
#2361 = APPLICATION_CONTEXT ( 'automotive_design' ) ;
#2362 =( GEOMETRIC_REPRESENTATION_CONTEXT ( 3 ) GLOBAL_UNCERTAINTY_ASSIGNED_CONTEXT ( ( #2486 ) ) GLOBAL_UNIT_ASSIGNED_CONTEXT ( ( #4005, #2959, #1158 ) ) REPRESENTATION_CONTEXT ( 'NONE', 'WORKASPACE' ) );
#2363 = STYLED_ITEM ( 'NONE', ( #298 ), #197 ) ;
#2364 = DIRECTION ( 'NONE',  ( 0.000000000000000000, 1.000000000000000000, 0.000000000000000000 ) ) ;
#2365 = VECTOR ( 'NONE', #2184, 1000.000000000000000 ) ;
#2366 = LINE ( 'NONE', #58, #3380 ) ;
#2367 =( LENGTH_UNIT ( ) NAMED_UNIT ( * ) SI_UNIT ( .MILLI., .METRE. ) );
#2368 = PRESENTATION_STYLE_ASSIGNMENT (( #978 ) ) ;
#2369 = DIRECTION ( 'NONE',  ( 0.000000000000000000, 0.000000000000000000, -1.000000000000000000 ) ) ;
#2370 = DIRECTION ( 'NONE',  ( -0.000000000000000000, 3.336006684570783101E-16, 1.000000000000000000 ) ) ;
#2371 = CARTESIAN_POINT ( 'NONE',  ( 0.08999999999999999667, 1.850000000000000089, 0.3250000000000001221 ) ) ;
#2373 = CARTESIAN_POINT ( 'NONE',  ( 0.08999999999999999667, -0.8250000000000003997, 0.7000000000000003997 ) ) ;
#2372 = PRESENTATION_LAYER_ASSIGNMENT (  '', '', ( #2598 ) ) ;
#2374 = DIRECTION ( 'NONE',  ( -0.000000000000000000, 1.668003342285392044E-16, 1.000000000000000000 ) ) ;
#2375 = AXIS2_PLACEMENT_3D ( 'NONE', #823, #478, #2200 ) ;
#2376 = FILL_AREA_STYLE_COLOUR ( '', #46 ) ;
#2377 = ORIENTED_EDGE ( 'NONE', *, *, #2784, .F. ) ;
#2378 = ORIENTED_EDGE ( 'NONE', *, *, #1930, .F. ) ;
#2379 = VERTEX_POINT ( 'NONE', #2157 ) ;
#2380 = CARTESIAN_POINT ( 'NONE',  ( 0.08999999999999999667, -0.3250000000000001776, -1.350000000000000089 ) ) ;
#2381 = DIRECTION ( 'NONE',  ( 1.000000000000000000, -0.000000000000000000, -0.000000000000000000 ) ) ;
#2382 = ORIENTED_EDGE ( 'NONE', *, *, #2543, .F. ) ;
#2383 = DIRECTION ( 'NONE',  ( -1.000000000000000000, -0.000000000000000000, -0.000000000000000000 ) ) ;
#2384 = ORIENTED_EDGE ( 'NONE', *, *, #3023, .F. ) ;
#2385 = CARTESIAN_POINT ( 'NONE',  ( 1.169999999999999929, 0.1999999999999995948, 0.6999999999999998446 ) ) ;
#2386 = CARTESIAN_POINT ( 'NONE',  ( 0.08999999999999999667, -1.849999999999999201, -0.3249999999999998446 ) ) ;
#2387 = DIRECTION ( 'NONE',  ( 0.000000000000000000, -3.336006684570783101E-16, 1.000000000000000000 ) ) ;
#2388 = LINE ( 'NONE', #3788, #1266 ) ;
#2389 = VECTOR ( 'NONE', #1265, 1000.000000000000000 ) ;
#2390 = VECTOR ( 'NONE', #847, 1000.000000000000000 ) ;
#2391 = LINE ( 'NONE', #2114, #834 ) ;
#2392 = DIRECTION ( 'NONE',  ( -1.000000000000000000, -0.000000000000000000, -0.000000000000000000 ) ) ;
#2393 = UNCERTAINTY_MEASURE_WITH_UNIT (LENGTH_MEASURE( 1.000000000000000082E-05 ), #2115, 'distance_accuracy_value', 'NONE');
#2394 = LINE ( 'NONE', #1954, #3389 ) ;
#2395 = EDGE_CURVE ( 'NONE', #365, #4355, #1057, .T. ) ;
#2396 = ORIENTED_EDGE ( 'NONE', *, *, #2875, .F. ) ;
#2397 = CARTESIAN_POINT ( 'NONE',  ( 1.169999999999999929, 0.2999999999999996003, 0.6999999999999992895 ) ) ;
#2398 = ORIENTED_EDGE ( 'NONE', *, *, #4173, .F. ) ;
#2399 = ORIENTED_EDGE ( 'NONE', *, *, #3172, .T. ) ;
#2400 = DIRECTION ( 'NONE',  ( -1.000000000000000000, 0.000000000000000000, 0.000000000000000000 ) ) ;
#2401 = DIRECTION ( 'NONE',  ( -1.000000000000000000, -0.000000000000000000, -0.000000000000000000 ) ) ;
#2402 = DIRECTION ( 'NONE',  ( 0.000000000000000000, -1.000000000000000000, -0.000000000000000000 ) ) ;
#2403 = EDGE_LOOP ( 'NONE', ( #1934, #2917, #1517, #28 ) ) ;
#2404 = DIRECTION ( 'NONE',  ( 0.000000000000000000, 0.000000000000000000, -1.000000000000000000 ) ) ;
#2405 =( NAMED_UNIT ( * ) PLANE_ANGLE_UNIT ( ) SI_UNIT ( $, .RADIAN. ) );
#2406 = CARTESIAN_POINT ( 'NONE',  ( 0.08999999999999999667, -1.199999999999999289, -0.3249999999999997891 ) ) ;
#2407 = EDGE_CURVE ( 'NONE', #2334, #2851, #4281, .T. ) ;
#2408 = AXIS2_PLACEMENT_3D ( 'NONE', #1901, #3712, #2333 ) ;
#2409 = PRODUCT_DEFINITION ( 'UNKNOWN', '', #2317, #50 ) ;
#2410 = CARTESIAN_POINT ( 'NONE',  ( 0.08999999999999999667, -1.475000000000000311, -0.7000000000000000666 ) ) ;
#2411 = DIRECTION ( 'NONE',  ( 0.000000000000000000, -1.000000000000000000, 0.000000000000000000 ) ) ;
#2412 = COLOUR_RGB ( '',0.7921568627450980005, 0.8196078431372548767, 0.9333333333333333481 ) ;
#2413 = LINE ( 'NONE', #719, #706 ) ;
#2414 = EDGE_CURVE ( 'NONE', #101, #1117, #2212, .T. ) ;
#2415 = CIRCLE ( 'NONE', #3371, 0.3999999999999999667 ) ;
#2416 = AXIS2_PLACEMENT_3D ( 'NONE', #155, #1546, #3609 ) ;
#2417 = DIRECTION ( 'NONE',  ( 0.000000000000000000, -0.000000000000000000, 1.000000000000000000 ) ) ;
#2418 =( NAMED_UNIT ( * ) SI_UNIT ( $, .STERADIAN. ) SOLID_ANGLE_UNIT ( ) );
#2419 = CIRCLE ( 'NONE', #4175, 0.3999999999999999667 ) ;
#2420 = AXIS2_PLACEMENT_3D ( 'NONE', #2663, #1325, #3724 ) ;
#2421 = EDGE_CURVE ( 'NONE', #4426, #2575, #1511, .T. ) ;
#2422 = DIRECTION ( 'NONE',  ( -0.000000000000000000, 1.000000000000000000, 0.000000000000000000 ) ) ;
#2423 = ORIENTED_EDGE ( 'NONE', *, *, #1848, .T. ) ;
#2424 = ORIENTED_EDGE ( 'NONE', *, *, #215, .F. ) ;
#2425 = EDGE_CURVE ( 'NONE', #3106, #3410, #3589, .T. ) ;
#2426 = DIRECTION ( 'NONE',  ( -0.000000000000000000, 3.336006684570783101E-16, 1.000000000000000000 ) ) ;
#2427 = DIRECTION ( 'NONE',  ( 0.000000000000000000, 1.000000000000000000, 3.336006684570784088E-16 ) ) ;
#2428 = ORIENTED_EDGE ( 'NONE', *, *, #2668, .T. ) ;
#2429 = CARTESIAN_POINT ( 'NONE',  ( 0.2300000000000000100, 2.000000000000000444, 1.500000000000000222 ) ) ;
#2430 = EDGE_LOOP ( 'NONE', ( #2251, #1359, #818, #4448 ) ) ;
#2431 = CARTESIAN_POINT ( 'NONE',  ( 0.000000000000000000, -0.3250000000000001776, 1.350000000000000533 ) ) ;
#2432 = EDGE_CURVE ( 'NONE', #101, #1740, #466, .T. ) ;
#2433 = FACE_OUTER_BOUND ( 'NONE', #2351, .T. ) ;
#2434 =( NAMED_UNIT ( * ) PLANE_ANGLE_UNIT ( ) SI_UNIT ( $, .RADIAN. ) );
#2435 = CARTESIAN_POINT ( 'NONE',  ( 1.080000000000000071, -1.400000000000000799, -0.8999999999999971356 ) ) ;
#2436 = ORIENTED_EDGE ( 'NONE', *, *, #3000, .F. ) ;
#2437 = CARTESIAN_POINT ( 'NONE',  ( 1.080000000000000071, -1.199999999999999956, 0.7999999999999999334 ) ) ;
#2438 = CARTESIAN_POINT ( 'NONE',  ( 0.08999999999999999667, 1.474999999999999423, 1.150000000000000355 ) ) ;
#2439 = MECHANICAL_DESIGN_GEOMETRIC_PRESENTATION_REPRESENTATION (  '', ( #2594 ), #1282 ) ;
#2440 = PLANE ( 'NONE',  #242 ) ;
#2441 = DIRECTION ( 'NONE',  ( 0.000000000000000000, 1.000000000000000000, 1.668003342285391551E-16 ) ) ;
#2442 = EDGE_CURVE ( 'NONE', #348, #850, #2887, .T. ) ;
#2443 = FILL_AREA_STYLE ('',( #1370 ) ) ;
#2444 = UNCERTAINTY_MEASURE_WITH_UNIT (LENGTH_MEASURE( 1.000000000000000082E-05 ), #4349, 'distance_accuracy_value', 'NONE');
#2445 = COLOUR_RGB ( '',0.1098039215686274495, 0.1098039215686274495, 0.1098039215686274495 ) ;
#2446 = FACE_BOUND ( 'NONE', #2548, .T. ) ;
#2447 = DIRECTION ( 'NONE',  ( 0.000000000000000000, 0.000000000000000000, 1.000000000000000000 ) ) ;
#2448 = COLOUR_RGB ( '',0.7921568627450980005, 0.8196078431372548767, 0.9333333333333333481 ) ;
#2449 = ORIENTED_EDGE ( 'NONE', *, *, #555, .F. ) ;
#2450 = DIRECTION ( 'NONE',  ( 0.000000000000000000, 0.000000000000000000, -1.000000000000000000 ) ) ;
#2451 = ORIENTED_EDGE ( 'NONE', *, *, #2564, .T. ) ;
#2452 = ORIENTED_EDGE ( 'NONE', *, *, #3717, .F. ) ;
#2453 = CARTESIAN_POINT ( 'NONE',  ( 0.000000000000000000, -1.849999999999999201, -0.3249999999999998446 ) ) ;
#2454 = PLANE ( 'NONE',  #3648 ) ;
#2455 = ORIENTED_EDGE ( 'NONE', *, *, #153, .F. ) ;
#2456 = DIRECTION ( 'NONE',  ( 0.000000000000000000, 0.000000000000000000, -1.000000000000000000 ) ) ;
#2457 = ORIENTED_EDGE ( 'NONE', *, *, #1710, .F. ) ;
#2458 = ORIENTED_EDGE ( 'NONE', *, *, #2983, .F. ) ;
#2459 = LINE ( 'NONE', #2435, #1745 ) ;
#2460 = ORIENTED_EDGE ( 'NONE', *, *, #1779, .T. ) ;
#2461 = PLANE ( 'NONE',  #3807 ) ;
#2462 = LINE ( 'NONE', #1108, #4395 ) ;
#2463 =( NAMED_UNIT ( * ) PLANE_ANGLE_UNIT ( ) SI_UNIT ( $, .RADIAN. ) );
#2464 = ADVANCED_FACE ( 'NONE', ( #1181 ), #1529, .F. ) ;
#2465 = FILL_AREA_STYLE ('',( #2795 ) ) ;
#2466 = CARTESIAN_POINT ( 'NONE',  ( 0.4300000000000000488, -1.800000000000000711, 0.8999999999999981348 ) ) ;
#2467 = EDGE_CURVE ( 'NONE', #3928, #365, #3616, .T. ) ;
#2468 = EDGE_LOOP ( 'NONE', ( #2049, #243, #1313, #1431 ) ) ;
#2469 = VECTOR ( 'NONE', #3522, 1000.000000000000000 ) ;
#2470 = CARTESIAN_POINT ( 'NONE',  ( 0.000000000000000000, 1.474999999999999423, 1.150000000000000355 ) ) ;
#2471 = VERTEX_POINT ( 'NONE', #116 ) ;
#2472 = ORIENTED_EDGE ( 'NONE', *, *, #4229, .T. ) ;
#2473 = LINE ( 'NONE', #4236, #581 ) ;
#2474 = PLANE ( 'NONE',  #2026 ) ;
#2475 = ORIENTED_EDGE ( 'NONE', *, *, #3709, .F. ) ;
#2476 = ORIENTED_EDGE ( 'NONE', *, *, #2761, .F. ) ;
#2477 = ORIENTED_EDGE ( 'NONE', *, *, #3633, .F. ) ;
#2478 = CARTESIAN_POINT ( 'NONE',  ( 0.08999999999999999667, 0.8249999999999995115, 0.7000000000000005107 ) ) ;
#2479 = SURFACE_SIDE_STYLE ('',( #1193 ) ) ;
#2480 = ORIENTED_EDGE ( 'NONE', *, *, #3656, .F. ) ;
#2481 =( LENGTH_UNIT ( ) NAMED_UNIT ( * ) SI_UNIT ( .MILLI., .METRE. ) );
#2482 = EDGE_CURVE ( 'NONE', #4159, #470, #3535, .T. ) ;
#2483 =( LENGTH_UNIT ( ) NAMED_UNIT ( * ) SI_UNIT ( .MILLI., .METRE. ) );
#2484 =( NAMED_UNIT ( * ) SI_UNIT ( $, .STERADIAN. ) SOLID_ANGLE_UNIT ( ) );
#2485 = FACE_OUTER_BOUND ( 'NONE', #3258, .T. ) ;
#2486 = UNCERTAINTY_MEASURE_WITH_UNIT (LENGTH_MEASURE( 1.000000000000000082E-05 ), #4005, 'distance_accuracy_value', 'NONE');
#2487 = MECHANICAL_DESIGN_GEOMETRIC_PRESENTATION_REPRESENTATION (  '', ( #751 ), #961 ) ;
#2488 = ADVANCED_FACE ( 'NONE', ( #4006 ), #4362, .F. ) ;
#2489 = PLANE ( 'NONE',  #1555 ) ;
#2490 = LINE ( 'NONE', #4154, #1256 ) ;
#2491 = AXIS2_PLACEMENT_3D ( 'NONE', #425, #2447, #1391 ) ;
#2492 = DIRECTION ( 'NONE',  ( -1.000000000000000000, -0.000000000000000000, -0.000000000000000000 ) ) ;
#2493 = ORIENTED_EDGE ( 'NONE', *, *, #555, .T. ) ;
#2494 = VERTEX_POINT ( 'NONE', #2535 ) ;
#2495 = VECTOR ( 'NONE', #1305, 1000.000000000000000 ) ;
#2496 = STYLED_ITEM ( 'NONE', ( #2368 ), #3187 ) ;
#2497 = LINE ( 'NONE', #2842, #2020 ) ;
#2498 = TOROIDAL_SURFACE ( 'NONE', #2276, 0.3999999999999999112, 0.1000000000000000056 ) ;
#2499 = CARTESIAN_POINT ( 'NONE',  ( 0.4300000000000000488, 1.400000000000000355, 0.9000000000000002442 ) ) ;
#2500 = AXIS2_PLACEMENT_3D ( 'NONE', #4208, #1090, #1440 ) ;
#2501 = EDGE_CURVE ( 'NONE', #3123, #4187, #2578, .T. ) ;
#2502 = VERTEX_POINT ( 'NONE', #516 ) ;
#2503 = EDGE_LOOP ( 'NONE', ( #3122, #251, #3877, #1467 ) ) ;
#2504 = ORIENTED_EDGE ( 'NONE', *, *, #1419, .T. ) ;
#2505 = LINE ( 'NONE', #730, #1503 ) ;
#2506 = PRESENTATION_STYLE_ASSIGNMENT (( #3577 ) ) ;
#2507 = EDGE_CURVE ( 'NONE', #4010, #557, #1150, .T. ) ;
#2508 = LINE ( 'NONE', #2250, #4347 ) ;
#2509 = ORIENTED_EDGE ( 'NONE', *, *, #1329, .F. ) ;
#2510 = DIRECTION ( 'NONE',  ( -0.000000000000000000, 1.000000000000000000, 0.000000000000000000 ) ) ;
#2511 = DIRECTION ( 'NONE',  ( -1.000000000000000000, 0.000000000000000000, -0.000000000000000000 ) ) ;
#2512 = FACE_OUTER_BOUND ( 'NONE', #3544, .T. ) ;
#2513 = LINE ( 'NONE', #2604, #549 ) ;
#2514 = CARTESIAN_POINT ( 'NONE',  ( 0.08999999999999999667, 0.000000000000000000, 0.000000000000000000 ) ) ;
#2515 = FILL_AREA_STYLE ('',( #1131 ) ) ;
#2516 = AXIS2_PLACEMENT_3D ( 'NONE', #3679, #3659, #1226 ) ;
#2517 = TOROIDAL_SURFACE ( 'NONE', #701, 0.3999999999999999112, 0.1000000000000000056 ) ;
#2518 = FACE_OUTER_BOUND ( 'NONE', #3109, .T. ) ;
#2519 = DIRECTION ( 'NONE',  ( 1.000000000000000000, 0.000000000000000000, 0.000000000000000000 ) ) ;
#2520 = AXIS2_PLACEMENT_3D ( 'NONE', #2162, #1153, #3936 ) ;
#2521 = STYLED_ITEM ( 'NONE', ( #2603 ), #2570 ) ;
#2522 = ORIENTED_EDGE ( 'NONE', *, *, #720, .F. ) ;
#2523 = VECTOR ( 'NONE', #734, 1000.000000000000000 ) ;
#2524 = DIRECTION ( 'NONE',  ( -0.000000000000000000, -1.000000000000000000, 1.668003342285391551E-16 ) ) ;
#2525 = AXIS2_PLACEMENT_3D ( 'NONE', #452, #409, #3484 ) ;
#2526 = FACE_OUTER_BOUND ( 'NONE', #3462, .T. ) ;
#2527 = ORIENTED_EDGE ( 'NONE', *, *, #1279, .F. ) ;
#2528 = VERTEX_POINT ( 'NONE', #4274 ) ;
#2529 = ORIENTED_EDGE ( 'NONE', *, *, #3857, .T. ) ;
#2530 =( NAMED_UNIT ( * ) SI_UNIT ( $, .STERADIAN. ) SOLID_ANGLE_UNIT ( ) );
#2531 = AXIS2_PLACEMENT_3D ( 'NONE', #4363, #4039, #2972 ) ;
#2532 = ADVANCED_FACE ( 'NONE', ( #878, #3608, #3308 ), #458, .T. ) ;
#2533 = ORIENTED_EDGE ( 'NONE', *, *, #655, .T. ) ;
#2534 =( NAMED_UNIT ( * ) SI_UNIT ( $, .STERADIAN. ) SOLID_ANGLE_UNIT ( ) );
#2535 = CARTESIAN_POINT ( 'NONE',  ( 0.08999999999999999667, 0.3249999999999995670, -0.6999999999999999556 ) ) ;
#2536 = PLANE ( 'NONE',  #2841 ) ;
#2537 = CARTESIAN_POINT ( 'NONE',  ( 0.7800000000000001377, -1.400000000000000799, 1.200000000000000178 ) ) ;
#2538 = CARTESIAN_POINT ( 'NONE',  ( 0.000000000000000000, -0.3250000000000003997, -0.7000000000000000666 ) ) ;
#2539 = DIRECTION ( 'NONE',  ( -1.000000000000000000, 0.000000000000000000, -0.000000000000000000 ) ) ;
#2540 = ORIENTED_EDGE ( 'NONE', *, *, #757, .F. ) ;
#2541 = PRESENTATION_STYLE_ASSIGNMENT (( #2262 ) ) ;
#2542 = ORIENTED_EDGE ( 'NONE', *, *, #7, .T. ) ;
#2543 = EDGE_CURVE ( 'NONE', #1047, #402, #1219, .T. ) ;
#2544 =( NAMED_UNIT ( * ) PLANE_ANGLE_UNIT ( ) SI_UNIT ( $, .RADIAN. ) );
#2545 =( GEOMETRIC_REPRESENTATION_CONTEXT ( 3 ) GLOBAL_UNCERTAINTY_ASSIGNED_CONTEXT ( ( #3830 ) ) GLOBAL_UNIT_ASSIGNED_CONTEXT ( ( #1897, #1933, #2265 ) ) REPRESENTATION_CONTEXT ( 'NONE', 'WORKASPACE' ) );
#2546 = FACE_OUTER_BOUND ( 'NONE', #4220, .T. ) ;
#2547 = ORIENTED_EDGE ( 'NONE', *, *, #1750, .F. ) ;
#2548 = EDGE_LOOP ( 'NONE', ( #892, #388, #381, #690, #3368 ) ) ;
#2549 = VERTEX_POINT ( 'NONE', #3637 ) ;
#2550 = DIRECTION ( 'NONE',  ( 0.000000000000000000, 0.000000000000000000, -1.000000000000000000 ) ) ;
#2551 = DIRECTION ( 'NONE',  ( 0.000000000000000000, 0.000000000000000000, 1.000000000000000000 ) ) ;
#2552 = ORIENTED_EDGE ( 'NONE', *, *, #1284, .F. ) ;
#2553 = CARTESIAN_POINT ( 'NONE',  ( 1.080000000000000071, -1.400000000000000799, -0.9000000000000002442 ) ) ;
#2554 = DIRECTION ( 'NONE',  ( 0.000000000000000000, 1.000000000000000000, -1.668003342285391551E-16 ) ) ;
#2555 = EDGE_CURVE ( 'NONE', #1835, #849, #2906, .T. ) ;
#2556 = FILL_AREA_STYLE ('',( #1178 ) ) ;
#2557 = LINE ( 'NONE', #4002, #2293 ) ;
#2558 = CARTESIAN_POINT ( 'NONE',  ( 0.000000000000000000, 0.3249999999999995670, 1.350000000000000533 ) ) ;
#2559 = DIRECTION ( 'NONE',  ( 1.000000000000000000, -0.000000000000000000, -0.000000000000000000 ) ) ;
#2560 = DIRECTION ( 'NONE',  ( 0.000000000000000000, 1.000000000000000000, 3.336006684570784088E-16 ) ) ;
#2561 = EDGE_CURVE ( 'NONE', #3801, #3432, #2617, .T. ) ;
#2562 = LINE ( 'NONE', #3961, #1140 ) ;
#2563 = DIRECTION ( 'NONE',  ( 1.000000000000000000, -0.000000000000000000, -0.000000000000000000 ) ) ;
#2564 = EDGE_CURVE ( 'NONE', #3455, #2824, #3676, .T. ) ;
#2565 = PLANE ( 'NONE',  #1240 ) ;
#2566 = ORIENTED_EDGE ( 'NONE', *, *, #3315, .F. ) ;
#2567 = ORIENTED_EDGE ( 'NONE', *, *, #383, .T. ) ;
#2568 = AXIS2_PLACEMENT_3D ( 'NONE', #4320, #2519, #520 ) ;
#2569 = ORIENTED_EDGE ( 'NONE', *, *, #1655, .F. ) ;
#2570 = ADVANCED_FACE ( 'NONE', ( #3263 ), #1888, .F. ) ;
#2571 = VECTOR ( 'NONE', #1664, 1000.000000000000000 ) ;
#2572 =( GEOMETRIC_REPRESENTATION_CONTEXT ( 3 ) GLOBAL_UNCERTAINTY_ASSIGNED_CONTEXT ( ( #3878 ) ) GLOBAL_UNIT_ASSIGNED_CONTEXT ( ( #3046, #2283, #4365 ) ) REPRESENTATION_CONTEXT ( 'NONE', 'WORKASPACE' ) );
#2573 = VECTOR ( 'NONE', #2563, 1000.000000000000000 ) ;
#2574 = FACE_OUTER_BOUND ( 'NONE', #299, .T. ) ;
#2575 = VERTEX_POINT ( 'NONE', #4207 ) ;
#2576 = CYLINDRICAL_SURFACE ( 'NONE', #862, 0.1000000000000000472 ) ;
#2577 = DIRECTION ( 'NONE',  ( 0.000000000000000000, -1.000000000000000000, 1.668003342285391551E-16 ) ) ;
#2578 = LINE ( 'NONE', #1175, #2365 ) ;
#2579 = DIRECTION ( 'NONE',  ( -1.000000000000000000, 0.000000000000000000, -0.000000000000000000 ) ) ;
#2580 = VECTOR ( 'NONE', #4489, 1000.000000000000000 ) ;
#2581 = SURFACE_STYLE_USAGE ( .BOTH. , #1201 ) ;
#2582 = CARTESIAN_POINT ( 'NONE',  ( 1.080000000000000071, 0.1999999999999995948, 0.6999999999999998446 ) ) ;
#2583 = EDGE_CURVE ( 'NONE', #114, #2824, #1089, .T. ) ;
#2584 = FACE_OUTER_BOUND ( 'NONE', #2199, .T. ) ;
#2585 = PLANE ( 'NONE',  #182 ) ;
#2586 = LINE ( 'NONE', #3983, #856 ) ;
#2587 = VECTOR ( 'NONE', #2307, 1000.000000000000000 ) ;
#2588 = AXIS2_PLACEMENT_3D ( 'NONE', #4214, #1734, #3199 ) ;
#2589 = LINE ( 'NONE', #3665, #2896 ) ;
#2590 = VECTOR ( 'NONE', #3246, 1000.000000000000000 ) ;
#2591 = ORIENTED_EDGE ( 'NONE', *, *, #2088, .T. ) ;
#2592 = ORIENTED_EDGE ( 'NONE', *, *, #655, .F. ) ;
#2593 = VERTEX_POINT ( 'NONE', #1459 ) ;
#2594 = STYLED_ITEM ( 'NONE', ( #4180 ), #18 ) ;
#2595 = AXIS2_PLACEMENT_3D ( 'NONE', #962, #2702, #986 ) ;
#2596 = COLOUR_RGB ( '',0.1098039215686274495, 0.1098039215686274495, 0.1098039215686274495 ) ;
#2597 = DIRECTION ( 'NONE',  ( 1.000000000000000000, 0.000000000000000000, -0.000000000000000000 ) ) ;
#2598 = STYLED_ITEM ( 'NONE', ( #3998 ), #1709 ) ;
#2599 = AXIS2_PLACEMENT_3D ( 'NONE', #1040, #2422, #68 ) ;
#2600 = ORIENTED_EDGE ( 'NONE', *, *, #4406, .F. ) ;
#2601 = FACE_OUTER_BOUND ( 'NONE', #1247, .T. ) ;
#2602 = ADVANCED_FACE ( 'NONE', ( #2512 ), #2158, .F. ) ;
#2603 = PRESENTATION_STYLE_ASSIGNMENT (( #175 ) ) ;
#2604 = CARTESIAN_POINT ( 'NONE',  ( 1.169999999999999929, -1.199999999999999956, -0.8000000000000001554 ) ) ;
#2605 = FACE_OUTER_BOUND ( 'NONE', #774, .T. ) ;
#2606 = CARTESIAN_POINT ( 'NONE',  ( 0.000000000000000000, -1.475000000000000311, -0.7000000000000000666 ) ) ;
#2607 = FACE_OUTER_BOUND ( 'NONE', #3884, .T. ) ;
#2608 = EDGE_CURVE ( 'NONE', #3775, #2471, #4271, .T. ) ;
#2609 = DIRECTION ( 'NONE',  ( 1.000000000000000000, 0.000000000000000000, 0.000000000000000000 ) ) ;
#2610 = FACE_OUTER_BOUND ( 'NONE', #1756, .T. ) ;
#2611 = ADVANCED_FACE ( 'NONE', ( #417 ), #2787, .F. ) ;
#2612 = ORIENTED_EDGE ( 'NONE', *, *, #1710, .T. ) ;
#2613 = ORIENTED_EDGE ( 'NONE', *, *, #2895, .F. ) ;
#2614 = ORIENTED_EDGE ( 'NONE', *, *, #2983, .T. ) ;
#2615 = PRESENTATION_STYLE_ASSIGNMENT (( #3731 ) ) ;
#2616 = CIRCLE ( 'NONE', #4078, 0.2999999999999999334 ) ;
#2617 = LINE ( 'NONE', #105, #3835 ) ;
#2618 = LINE ( 'NONE', #938, #1678 ) ;
#2619 = SURFACE_SIDE_STYLE ('',( #4385 ) ) ;
#2620 = ADVANCED_FACE ( 'NONE', ( #1814 ), #1504, .F. ) ;
#2621 = DIRECTION ( 'NONE',  ( -0.000000000000000000, -0.000000000000000000, -1.000000000000000000 ) ) ;
#2622 = FILL_AREA_STYLE ('',( #3765 ) ) ;
#2623 = DIRECTION ( 'NONE',  ( 0.000000000000000000, -3.336006684570784088E-16, 1.000000000000000000 ) ) ;
#2624 =( NAMED_UNIT ( * ) SI_UNIT ( $, .STERADIAN. ) SOLID_ANGLE_UNIT ( ) );
#2625 = EDGE_CURVE ( 'NONE', #371, #3995, #3885, .T. ) ;
#2626 = LINE ( 'NONE', #144, #2773 ) ;
#2627 = ORIENTED_EDGE ( 'NONE', *, *, #4108, .T. ) ;
#2628 = ORIENTED_EDGE ( 'NONE', *, *, #896, .T. ) ;
#2629 = VERTEX_POINT ( 'NONE', #3212 ) ;
#2630 = EDGE_CURVE ( 'NONE', #209, #1813, #915, .T. ) ;
#2631 = CARTESIAN_POINT ( 'NONE',  ( 0.000000000000000000, 1.474999999999999423, -0.6999999999999999556 ) ) ;
#2632 = PRESENTATION_LAYER_ASSIGNMENT (  '', '', ( #2496 ) ) ;
#2633 = FILL_AREA_STYLE_COLOUR ( '', #1862 ) ;
#2634 = VECTOR ( 'NONE', #843, 1000.000000000000000 ) ;
#2635 = PRESENTATION_STYLE_ASSIGNMENT (( #2315 ) ) ;
#2636 = VECTOR ( 'NONE', #835, 1000.000000000000000 ) ;
#2637 = CARTESIAN_POINT ( 'NONE',  ( 1.169999999999999929, -1.200000000000000622, -0.7000000000000000666 ) ) ;
#2638 = STYLED_ITEM ( 'NONE', ( #1236 ), #2286 ) ;
#2639 = LINE ( 'NONE', #3331, #1004 ) ;
#2640 = DIRECTION ( 'NONE',  ( 1.000000000000000000, -0.000000000000000000, -0.000000000000000000 ) ) ;
#2641 = CARTESIAN_POINT ( 'NONE',  ( 0.2300000000000000100, -1.999999999999999556, 1.500000000000000222 ) ) ;
#2642 = VECTOR ( 'NONE', #4143, 1000.000000000000000 ) ;
#2643 = CYLINDRICAL_SURFACE ( 'NONE', #1072, 0.3999999999999999667 ) ;
#2644 = LINE ( 'NONE', #207, #436 ) ;
#2645 = ORIENTED_EDGE ( 'NONE', *, *, #860, .T. ) ;
#2646 = VERTEX_POINT ( 'NONE', #2990 ) ;
#2647 = ORIENTED_EDGE ( 'NONE', *, *, #3256, .F. ) ;
#2648 = AXIS2_PLACEMENT_3D ( 'NONE', #1571, #542, #2860 ) ;
#2649 = DIRECTION ( 'NONE',  ( 0.000000000000000000, 0.000000000000000000, -1.000000000000000000 ) ) ;
#2650 = ORIENTED_EDGE ( 'NONE', *, *, #870, .T. ) ;
#2651 = AXIS2_PLACEMENT_3D ( 'NONE', #4467, #2402, #347 ) ;
#2652 =( LENGTH_UNIT ( ) NAMED_UNIT ( * ) SI_UNIT ( .MILLI., .METRE. ) );
#2653 = MECHANICAL_DESIGN_GEOMETRIC_PRESENTATION_REPRESENTATION (  '', ( #1283 ), #413 ) ;
#2654 = EDGE_CURVE ( 'NONE', #346, #2494, #877, .T. ) ;
#2655 = DIRECTION ( 'NONE',  ( -0.000000000000000000, 0.000000000000000000, 1.000000000000000000 ) ) ;
#2656 = VECTOR ( 'NONE', #1506, 1000.000000000000000 ) ;
#2657 = CARTESIAN_POINT ( 'NONE',  ( 1.169999999999999929, -1.300000000000000488, 0.6999999999999992895 ) ) ;
#2658 = ADVANCED_FACE ( 'NONE', ( #173 ), #1605, .F. ) ;
#2659 = DIRECTION ( 'NONE',  ( 0.000000000000000000, 0.000000000000000000, 1.000000000000000000 ) ) ;
#2660 = DIRECTION ( 'NONE',  ( 0.000000000000000000, -3.336006684570783101E-16, 1.000000000000000000 ) ) ;
#2661 = CARTESIAN_POINT ( 'NONE',  ( 0.7800000000000001377, 1.700000000000000400, -0.8999999999999981348 ) ) ;
#2662 = DIRECTION ( 'NONE',  ( -0.000000000000000000, 1.000000000000000000, 0.000000000000000000 ) ) ;
#2663 = CARTESIAN_POINT ( 'NONE',  ( 0.000000000000000000, -0.3250000000000003997, 0.7000000000000005107 ) ) ;
#2664 =( NAMED_UNIT ( * ) SI_UNIT ( $, .STERADIAN. ) SOLID_ANGLE_UNIT ( ) );
#2665 = ORIENTED_EDGE ( 'NONE', *, *, #4399, .F. ) ;
#2666 = ORIENTED_EDGE ( 'NONE', *, *, #2088, .F. ) ;
#2667 = ORIENTED_EDGE ( 'NONE', *, *, #3078, .T. ) ;
#2668 = EDGE_CURVE ( 'NONE', #1480, #4443, #3346, .T. ) ;
#2669 = LINE ( 'NONE', #3824, #4111 ) ;
#2670 = ORIENTED_EDGE ( 'NONE', *, *, #247, .T. ) ;
#2671 = CARTESIAN_POINT ( 'NONE',  ( 0.08999999999999999667, -1.849999999999999201, 0.3250000000000001221 ) ) ;
#2672 = ORIENTED_EDGE ( 'NONE', *, *, #2501, .F. ) ;
#2673 = LINE ( 'NONE', #3463, #3984 ) ;
#2674 = DIRECTION ( 'NONE',  ( -1.000000000000000000, -0.000000000000000000, -0.000000000000000000 ) ) ;
#2675 = CIRCLE ( 'NONE', #1522, 0.1000000000000000472 ) ;
#2676 =( NAMED_UNIT ( * ) PLANE_ANGLE_UNIT ( ) SI_UNIT ( $, .RADIAN. ) );
#2677 = DIRECTION ( 'NONE',  ( -0.000000000000000000, 1.000000000000000000, 6.505213034913028971E-15 ) ) ;
#2678 = LINE ( 'NONE', #234, #3310 ) ;
#2679 = SURFACE_STYLE_FILL_AREA ( #924 ) ;
#2680 = CARTESIAN_POINT ( 'NONE',  ( 1.074999999999999956, 1.084973857298660693, 0.8423190357434301445 ) ) ;
#2681 = EDGE_CURVE ( 'NONE', #640, #3707, #2904, .T. ) ;
#2682 = CARTESIAN_POINT ( 'NONE',  ( 1.080000000000000071, 1.700000000000000400, 0.8999999999999981348 ) ) ;
#2683 = SURFACE_SIDE_STYLE ('',( #2027 ) ) ;
#2684 = ADVANCED_FACE ( 'NONE', ( #2601 ), #2576, .F. ) ;
#2685 = ORIENTED_EDGE ( 'NONE', *, *, #1597, .F. ) ;
#2686 = EDGE_LOOP ( 'NONE', ( #844, #1194, #605, #3525 ) ) ;
#2687 = FILL_AREA_STYLE ('',( #678 ) ) ;
#2688 = DIRECTION ( 'NONE',  ( 0.000000000000000000, 0.000000000000000000, -1.000000000000000000 ) ) ;
#2689 = ORIENTED_EDGE ( 'NONE', *, *, #2186, .T. ) ;
#2690 = LINE ( 'NONE', #639, #3533 ) ;
#2691 = ORIENTED_EDGE ( 'NONE', *, *, #3857, .F. ) ;
#2692 = FILL_AREA_STYLE ('',( #3038 ) ) ;
#2693 = EDGE_CURVE ( 'NONE', #4463, #2134, #574, .T. ) ;
#2694 = AXIS2_PLACEMENT_3D ( 'NONE', #575, #1318, #4433 ) ;
#2695 = DIRECTION ( 'NONE',  ( 0.000000000000000000, -1.000000000000000000, -1.668003342285392044E-16 ) ) ;
#2696 = VECTOR ( 'NONE', #3785, 1000.000000000000000 ) ;
#2697 = DIRECTION ( 'NONE',  ( 0.000000000000000000, 0.000000000000000000, -1.000000000000000000 ) ) ;
#2698 = STYLED_ITEM ( 'NONE', ( #332 ), #1881 ) ;
#2699 = CARTESIAN_POINT ( 'NONE',  ( 0.000000000000000000, -1.849999999999999201, -0.3249999999999998446 ) ) ;
#2700 = FACE_OUTER_BOUND ( 'NONE', #167, .T. ) ;
#2701 = VECTOR ( 'NONE', #3097, 1000.000000000000000 ) ;
#2702 = DIRECTION ( 'NONE',  ( 0.000000000000000000, -1.000000000000000000, 3.336006684570784088E-16 ) ) ;
#2703 = CARTESIAN_POINT ( 'NONE',  ( 0.08999999999999999667, 1.200000000000000178, 0.3250000000000002331 ) ) ;
#2704 = UNCERTAINTY_MEASURE_WITH_UNIT (LENGTH_MEASURE( 1.000000000000000082E-05 ), #1145, 'distance_accuracy_value', 'NONE');
#2705 = DIRECTION ( 'NONE',  ( 0.000000000000000000, -6.866613759074863256E-15, -1.000000000000000000 ) ) ;
#2706 = ORIENTED_EDGE ( 'NONE', *, *, #1295, .F. ) ;
#2707 = ORIENTED_EDGE ( 'NONE', *, *, #2693, .F. ) ;
#2708 = AXIS2_PLACEMENT_3D ( 'NONE', #443, #363, #3217 ) ;
#2709 = CARTESIAN_POINT ( 'NONE',  ( 0.000000000000000000, 1.474999999999999423, -1.350000000000000089 ) ) ;
#2710 = ORIENTED_EDGE ( 'NONE', *, *, #933, .T. ) ;
#2711 =( NAMED_UNIT ( * ) PLANE_ANGLE_UNIT ( ) SI_UNIT ( $, .RADIAN. ) );
#2712 =( NAMED_UNIT ( * ) SI_UNIT ( $, .STERADIAN. ) SOLID_ANGLE_UNIT ( ) );
#2713 = VECTOR ( 'NONE', #2492, 1000.000000000000000 ) ;
#2714 = VECTOR ( 'NONE', #3433, 1000.000000000000000 ) ;
#2715 = SURFACE_SIDE_STYLE ('',( #3112 ) ) ;
#2716 = COLOUR_RGB ( '',0.1098039215686274495, 0.1098039215686274495, 0.1098039215686274495 ) ;
#2717 = FACE_OUTER_BOUND ( 'NONE', #1126, .T. ) ;
#2718 = CYLINDRICAL_SURFACE ( 'NONE', #677, 0.2999999999999999334 ) ;
#2719 = EDGE_CURVE ( 'NONE', #1163, #1735, #2949, .T. ) ;
#2720 = CIRCLE ( 'NONE', #2525, 0.3999999999999999667 ) ;
#2721 = SURFACE_STYLE_USAGE ( .BOTH. , #3443 ) ;
#2722 = DIRECTION ( 'NONE',  ( 0.000000000000000000, 3.336006684570783101E-16, 1.000000000000000000 ) ) ;
#2723 = LINE ( 'NONE', #3934, #1971 ) ;
#2724 = DIRECTION ( 'NONE',  ( -1.000000000000000000, -0.000000000000000000, -0.000000000000000000 ) ) ;
#2725 = DIRECTION ( 'NONE',  ( 1.000000000000000000, 0.000000000000000000, -0.000000000000000000 ) ) ;
#2726 = CARTESIAN_POINT ( 'NONE',  ( 0.08999999999999999667, 0.8249999999999995115, 0.7000000000000005107 ) ) ;
#2727 = ADVANCED_FACE ( 'NONE', ( #4359 ), #4064, .T. ) ;
#2728 = ORIENTED_EDGE ( 'NONE', *, *, #2822, .T. ) ;
#2729 = EDGE_LOOP ( 'NONE', ( #1430, #3845, #4423, #1422 ) ) ;
#2730 = VERTEX_POINT ( 'NONE', #1051 ) ;
#2731 = FACE_OUTER_BOUND ( 'NONE', #2430, .T. ) ;
#2732 = CARTESIAN_POINT ( 'NONE',  ( 0.08999999999999999667, -1.199999999999999289, -0.3249999999999997891 ) ) ;
#2733 = EDGE_CURVE ( 'NONE', #1792, #3323, #3803, .T. ) ;
#2734 = ORIENTED_EDGE ( 'NONE', *, *, #1819, .T. ) ;
#2735 = VERTEX_POINT ( 'NONE', #1699 ) ;
#2736 = LINE ( 'NONE', #2431, #2796 ) ;
#2737 = EDGE_CURVE ( 'NONE', #570, #4029, #2229, .T. ) ;
#2738 = FILL_AREA_STYLE_COLOUR ( '', #3881 ) ;
#2739 = PLANE ( 'NONE',  #3351 ) ;
#2740 = DIRECTION ( 'NONE',  ( -0.000000000000000000, 0.000000000000000000, 1.000000000000000000 ) ) ;
#2741 = CARTESIAN_POINT ( 'NONE',  ( 0.000000000000000000, 1.474999999999999423, 1.150000000000000355 ) ) ;
#2742 = LINE ( 'NONE', #333, #2051 ) ;
#2743 = VECTOR ( 'NONE', #2524, 1000.000000000000000 ) ;
#2744 = VECTOR ( 'NONE', #2800, 1000.000000000000000 ) ;
#2745 = DIRECTION ( 'NONE',  ( -0.000000000000000000, -1.000000000000000000, -0.000000000000000000 ) ) ;
#2746 = ADVANCED_FACE ( 'NONE', ( #1317 ), #4494, .F. ) ;
#2747 = CARTESIAN_POINT ( 'NONE',  ( 0.08999999999999999667, -1.475000000000000089, -1.350000000000000089 ) ) ;
#2748 = UNCERTAINTY_MEASURE_WITH_UNIT (LENGTH_MEASURE( 1.000000000000000082E-05 ), #3103, 'distance_accuracy_value', 'NONE');
#2749 = DIRECTION ( 'NONE',  ( -1.000000000000000000, -0.000000000000000000, -0.000000000000000000 ) ) ;
#2750 = EDGE_CURVE ( 'NONE', #1977, #2965, #2760, .T. ) ;
#2751 = ORIENTED_EDGE ( 'NONE', *, *, #2131, .F. ) ;
#2752 = DIRECTION ( 'NONE',  ( -0.000000000000000000, 1.000000000000000000, 1.668003342285391551E-16 ) ) ;
#2753 = EDGE_LOOP ( 'NONE', ( #2296, #292, #3428, #2128 ) ) ;
#2754 = ORIENTED_EDGE ( 'NONE', *, *, #3986, .T. ) ;
#2755 = LINE ( 'NONE', #2007, #3234 ) ;
#2756 = DIRECTION ( 'NONE',  ( 0.000000000000000000, -1.000000000000000000, 0.000000000000000000 ) ) ;
#2757 = ORIENTED_EDGE ( 'NONE', *, *, #2784, .T. ) ;
#2758 = DIRECTION ( 'NONE',  ( -1.000000000000000000, -0.000000000000000000, -0.000000000000000000 ) ) ;
#2759 = VERTEX_POINT ( 'NONE', #4431 ) ;
#2760 = LINE ( 'NONE', #1364, #272 ) ;
#2761 = EDGE_CURVE ( 'NONE', #587, #1421, #2736, .T. ) ;
#2762 = SURFACE_STYLE_FILL_AREA ( #4473 ) ;
#2763 = FACE_OUTER_BOUND ( 'NONE', #1137, .T. ) ;
#2764 = ORIENTED_EDGE ( 'NONE', *, *, #198, .T. ) ;
#2765 = AXIS2_PLACEMENT_3D ( 'NONE', #2109, #3505, #391 ) ;
#2766 = LINE ( 'NONE', #2113, #317 ) ;
#2767 = FILL_AREA_STYLE_COLOUR ( '', #2347 ) ;
#2768 = CARTESIAN_POINT ( 'NONE',  ( 0.08999999999999999667, 1.474999999999999423, -1.350000000000000089 ) ) ;
#2769 = PRESENTATION_LAYER_ASSIGNMENT (  '', '', ( #3303 ) ) ;
#2770 = AXIS2_PLACEMENT_3D ( 'NONE', #3489, #2411, #396 ) ;
#2771 = DIRECTION ( 'NONE',  ( 0.000000000000000000, -3.336006684570784088E-16, 1.000000000000000000 ) ) ;
#2772 = PRESENTATION_STYLE_ASSIGNMENT (( #3792 ) ) ;
#2773 = VECTOR ( 'NONE', #1515, 1000.000000000000000 ) ;
#2774 = CARTESIAN_POINT ( 'NONE',  ( 0.000000000000000000, -1.475000000000000311, -0.7000000000000000666 ) ) ;
#2775 = EDGE_LOOP ( 'NONE', ( #996, #2455, #1429, #3630 ) ) ;
#2776 = VERTEX_POINT ( 'NONE', #4101 ) ;
#2777 = DIRECTION ( 'NONE',  ( 0.000000000000000000, 0.000000000000000000, -1.000000000000000000 ) ) ;
#2778 = AXIS2_PLACEMENT_3D ( 'NONE', #1680, #3069, #3095 ) ;
#2779 = DIRECTION ( 'NONE',  ( 0.000000000000000000, 0.000000000000000000, 1.000000000000000000 ) ) ;
#2780 = EDGE_LOOP ( 'NONE', ( #1209, #2614, #4369, #2591 ) ) ;
#2781 = ORIENTED_EDGE ( 'NONE', *, *, #1329, .T. ) ;
#2782 = LINE ( 'NONE', #2176, #2147 ) ;
#2783 = FILL_AREA_STYLE ('',( #4384 ) ) ;
#2784 = EDGE_CURVE ( 'NONE', #2528, #3707, #1926, .T. ) ;
#2785 = DIRECTION ( 'NONE',  ( 0.000000000000000000, 0.000000000000000000, -1.000000000000000000 ) ) ;
#2786 = AXIS2_PLACEMENT_3D ( 'NONE', #112, #1773, #2417 ) ;
#2787 = PLANE ( 'NONE',  #2297 ) ;
#2788 = ADVANCED_FACE ( 'NONE', ( #3831 ), #2057, .F. ) ;
#2789 = VECTOR ( 'NONE', #945, 1000.000000000000000 ) ;
#2790 = LINE ( 'NONE', #1458, #1398 ) ;
#2791 = STYLED_ITEM ( 'NONE', ( #1320 ), #3165 ) ;
#2792 = CARTESIAN_POINT ( 'NONE',  ( 0.08999999999999999667, -0.3250000000000003997, 0.7000000000000005107 ) ) ;
#2793 = DIRECTION ( 'NONE',  ( 1.000000000000000000, -0.000000000000000000, -0.000000000000000000 ) ) ;
#2794 = MECHANICAL_DESIGN_GEOMETRIC_PRESENTATION_REPRESENTATION (  '', ( #344 ), #628 ) ;
#2795 = FILL_AREA_STYLE_COLOUR ( '', #3975 ) ;
#2796 = VECTOR ( 'NONE', #3736, 1000.000000000000000 ) ;
#2797 =( NAMED_UNIT ( * ) PLANE_ANGLE_UNIT ( ) SI_UNIT ( $, .RADIAN. ) );
#2798 = EDGE_LOOP ( 'NONE', ( #4147, #2670, #703 ) ) ;
#2799 = CARTESIAN_POINT ( 'NONE',  ( 0.000000000000000000, -0.3250000000000003997, 0.7000000000000005107 ) ) ;
#2800 = DIRECTION ( 'NONE',  ( 0.000000000000000000, 1.000000000000000000, -1.668003342285391551E-16 ) ) ;
#2801 = ORIENTED_EDGE ( 'NONE', *, *, #3718, .F. ) ;
#2802 = EDGE_CURVE ( 'NONE', #2108, #188, #2673, .T. ) ;
#2803 = ORIENTED_EDGE ( 'NONE', *, *, #1604, .T. ) ;
#2804 = ORIENTED_EDGE ( 'NONE', *, *, #748, .F. ) ;
#2805 = CARTESIAN_POINT ( 'NONE',  ( 0.3300000000000000155, -1.399999999999998135, -1.300000000000000266 ) ) ;
#2806 = EDGE_CURVE ( 'NONE', #3134, #1292, #4166, .T. ) ;
#2807 = LINE ( 'NONE', #3063, #80 ) ;
#2808 = ORIENTED_EDGE ( 'NONE', *, *, #2414, .T. ) ;
#2809 = CARTESIAN_POINT ( 'NONE',  ( 0.08999999999999999667, -1.475000000000000089, -1.350000000000000089 ) ) ;
#2810 = VECTOR ( 'NONE', #4201, 1000.000000000000000 ) ;
#2811 = CARTESIAN_POINT ( 'NONE',  ( 0.2300000000000000100, 1.399999999999997691, 1.300000000000000266 ) ) ;
#2812 =( LENGTH_UNIT ( ) NAMED_UNIT ( * ) SI_UNIT ( .MILLI., .METRE. ) );
#2813 =( GEOMETRIC_REPRESENTATION_CONTEXT ( 3 ) GLOBAL_UNCERTAINTY_ASSIGNED_CONTEXT ( ( #807 ) ) GLOBAL_UNIT_ASSIGNED_CONTEXT ( ( #3898, #2544, #2170 ) ) REPRESENTATION_CONTEXT ( 'NONE', 'WORKASPACE' ) );
#2814 = EDGE_CURVE ( 'NONE', #1899, #2334, #3370, .T. ) ;
#2815 =( LENGTH_UNIT ( ) NAMED_UNIT ( * ) SI_UNIT ( .MILLI., .METRE. ) );
#2816 = SURFACE_SIDE_STYLE ('',( #379 ) ) ;
#2817 = CIRCLE ( 'NONE', #295, 0.1000000000000000472 ) ;
#2818 = CARTESIAN_POINT ( 'NONE',  ( 0.08999999999999999667, 0.3249999999999995670, 0.7000000000000003997 ) ) ;
#2819 = ORIENTED_EDGE ( 'NONE', *, *, #3652, .T. ) ;
#2820 = ORIENTED_EDGE ( 'NONE', *, *, #4221, .T. ) ;
#2821 = FACE_OUTER_BOUND ( 'NONE', #3574, .T. ) ;
#2822 = EDGE_CURVE ( 'NONE', #2190, #1629, #300, .T. ) ;
#2823 = LINE ( 'NONE', #1516, #2390 ) ;
#2824 = VERTEX_POINT ( 'NONE', #615 ) ;
#2825 = ORIENTED_EDGE ( 'NONE', *, *, #946, .T. ) ;
#2826 = ORIENTED_EDGE ( 'NONE', *, *, #550, .T. ) ;
#2827 = CARTESIAN_POINT ( 'NONE',  ( 1.169999999999999929, -1.199999999999999956, -0.8000000000000001554 ) ) ;
#2828 = DIRECTION ( 'NONE',  ( 0.000000000000000000, 1.000000000000000000, 0.000000000000000000 ) ) ;
#2829 = DIRECTION ( 'NONE',  ( 1.000000000000000000, -0.000000000000000000, -0.000000000000000000 ) ) ;
#2830 = CARTESIAN_POINT ( 'NONE',  ( 0.08999999999999999667, 0.3249999999999995670, 1.350000000000000533 ) ) ;
#2831 = DIRECTION ( 'NONE',  ( 1.000000000000000000, 0.000000000000000000, -0.000000000000000000 ) ) ;
#2832 = DIRECTION ( 'NONE',  ( 0.000000000000000000, 0.000000000000000000, -1.000000000000000000 ) ) ;
#2833 = CARTESIAN_POINT ( 'NONE',  ( 0.4300000000000000488, 1.399999999999998357, 1.300000000000000266 ) ) ;
#2834 = UNCERTAINTY_MEASURE_WITH_UNIT (LENGTH_MEASURE( 1.000000000000000082E-05 ), #583, 'distance_accuracy_value', 'NONE');
#2835 = AXIS2_PLACEMENT_3D ( 'NONE', #3343, #3009, #2597 ) ;
#2836 = SURFACE_SIDE_STYLE ('',( #89 ) ) ;
#2837 = VECTOR ( 'NONE', #113, 1000.000000000000000 ) ;
#2838 = CARTESIAN_POINT ( 'NONE',  ( 0.08999999999999999667, 1.474999999999999423, 0.7000000000000003997 ) ) ;
#2839 = VERTEX_POINT ( 'NONE', #2360 ) ;
#2840 = VECTOR ( 'NONE', #784, 1000.000000000000000 ) ;
#2841 = AXIS2_PLACEMENT_3D ( 'NONE', #2185, #1507, #2882 ) ;
#2842 = CARTESIAN_POINT ( 'NONE',  ( 0.4300000000000000488, 1.399999999999998357, 1.200000000000000178 ) ) ;
#2843 = VECTOR ( 'NONE', #781, 1000.000000000000000 ) ;
#2844 = CARTESIAN_POINT ( 'NONE',  ( 0.08999999999999999667, -1.199999999999999289, -0.3249999999999997891 ) ) ;
#2845 = PRESENTATION_LAYER_ASSIGNMENT (  '', '', ( #2048 ) ) ;
#2846 = ORIENTED_EDGE ( 'NONE', *, *, #3224, .T. ) ;
#2847 = ORIENTED_EDGE ( 'NONE', *, *, #3924, .F. ) ;
#2848 = EDGE_LOOP ( 'NONE', ( #168, #3706, #1142, #3037 ) ) ;
#2849 = CARTESIAN_POINT ( 'NONE',  ( 0.000000000000000000, 0.8249999999999995115, 0.7000000000000005107 ) ) ;
#2850 = DIRECTION ( 'NONE',  ( 0.000000000000000000, 0.000000000000000000, -1.000000000000000000 ) ) ;
#2851 = VERTEX_POINT ( 'NONE', #1987 ) ;
#2852 = SURFACE_STYLE_USAGE ( .BOTH. , #782 ) ;
#2853 =( NAMED_UNIT ( * ) PLANE_ANGLE_UNIT ( ) SI_UNIT ( $, .RADIAN. ) );
#2854 = FILL_AREA_STYLE_COLOUR ( '', #921 ) ;
#2855 = DIRECTION ( 'NONE',  ( 0.000000000000000000, 0.000000000000000000, 1.000000000000000000 ) ) ;
#2856 = CARTESIAN_POINT ( 'NONE',  ( 0.000000000000000000, 1.200000000000000178, -0.3249999999999997891 ) ) ;
#2857 = ADVANCED_FACE ( 'NONE', ( #278 ), #1656, .T. ) ;
#2858 = VECTOR ( 'NONE', #2886, 1000.000000000000000 ) ;
#2859 = VECTOR ( 'NONE', #4171, 1000.000000000000000 ) ;
#2860 = DIRECTION ( 'NONE',  ( 0.000000000000000000, 0.000000000000000000, 1.000000000000000000 ) ) ;
#2861 = DIRECTION ( 'NONE',  ( 1.000000000000000000, -0.000000000000000000, -0.000000000000000000 ) ) ;
#2862 = FACE_OUTER_BOUND ( 'NONE', #1395, .T. ) ;
#2863 = ORIENTED_EDGE ( 'NONE', *, *, #1870, .T. ) ;
#2864 = PRESENTATION_LAYER_ASSIGNMENT (  '', '', ( #344 ) ) ;
#2865 = DIRECTION ( 'NONE',  ( 0.000000000000000000, 1.000000000000000000, 0.000000000000000000 ) ) ;
#2866 = ORIENTED_EDGE ( 'NONE', *, *, #2625, .F. ) ;
#2867 = COLOUR_RGB ( '',0.7921568627450980005, 0.8196078431372548767, 0.9333333333333333481 ) ;
#2868 = DIRECTION ( 'NONE',  ( 0.000000000000000000, 1.000000000000000000, -3.336006684570784088E-16 ) ) ;
#2869 =( GEOMETRIC_REPRESENTATION_CONTEXT ( 3 ) GLOBAL_UNCERTAINTY_ASSIGNED_CONTEXT ( ( #1352 ) ) GLOBAL_UNIT_ASSIGNED_CONTEXT ( ( #3059, #1808, #1453 ) ) REPRESENTATION_CONTEXT ( 'NONE', 'WORKASPACE' ) );
#2870 = DIRECTION ( 'NONE',  ( 0.000000000000000000, -1.011922027653137735E-14, -1.000000000000000000 ) ) ;
#2871 = ORIENTED_EDGE ( 'NONE', *, *, #3244, .F. ) ;
#2872 = VERTEX_POINT ( 'NONE', #3856 ) ;
#2873 = ORIENTED_EDGE ( 'NONE', *, *, #1975, .F. ) ;
#2874 = LINE ( 'NONE', #2849, #1220 ) ;
#2875 = EDGE_CURVE ( 'NONE', #3410, #4169, #2505, .T. ) ;
#2876 = EDGE_LOOP ( 'NONE', ( #1857, #78, #932, #2819 ) ) ;
#2877 = EDGE_CURVE ( 'NONE', #2028, #683, #2874, .T. ) ;
#2878 =( LENGTH_UNIT ( ) NAMED_UNIT ( * ) SI_UNIT ( .MILLI., .METRE. ) );
#2879 = SURFACE_STYLE_USAGE ( .BOTH. , #1505 ) ;
#2880 = EDGE_CURVE ( 'NONE', #1374, #1979, #2782, .T. ) ;
#2881 = SURFACE_STYLE_USAGE ( .BOTH. , #1196 ) ;
#2882 = DIRECTION ( 'NONE',  ( 0.000000000000000000, 3.336006684570784088E-16, -1.000000000000000000 ) ) ;
#2883 = LINE ( 'NONE', #3242, #2636 ) ;
#2884 = DIRECTION ( 'NONE',  ( 1.000000000000000000, 0.000000000000000000, 0.000000000000000000 ) ) ;
#2885 = ADVANCED_FACE ( 'NONE', ( #76 ), #3576, .T. ) ;
#2886 = DIRECTION ( 'NONE',  ( 1.000000000000000000, -0.000000000000000000, -0.000000000000000000 ) ) ;
#2887 = LINE ( 'NONE', #4302, #53 ) ;
#2888 = EDGE_CURVE ( 'NONE', #557, #1741, #1104, .T. ) ;
#2889 = DIRECTION ( 'NONE',  ( 1.000000000000000000, 0.000000000000000000, 0.000000000000000000 ) ) ;
#2890 = DIRECTION ( 'NONE',  ( -1.000000000000000000, 0.000000000000000000, 0.000000000000000000 ) ) ;
#2891 = ORIENTED_EDGE ( 'NONE', *, *, #2421, .F. ) ;
#2892 = EDGE_CURVE ( 'NONE', #4443, #2379, #1166, .T. ) ;
#2893 = DIRECTION ( 'NONE',  ( 1.000000000000000000, 0.000000000000000000, 0.000000000000000000 ) ) ;
#2894 = LINE ( 'NONE', #1186, #2573 ) ;
#2895 = EDGE_CURVE ( 'NONE', #4240, #2759, #30, .T. ) ;
#2896 = VECTOR ( 'NONE', #1553, 1000.000000000000000 ) ;
#2897 = CARTESIAN_POINT ( 'NONE',  ( 0.08999999999999999667, -0.3250000000000001776, -1.350000000000000089 ) ) ;
#2898 = EDGE_LOOP ( 'NONE', ( #4140, #2891, #750, #3594 ) ) ;
#2899 = ORIENTED_EDGE ( 'NONE', *, *, #4430, .F. ) ;
#2900 = ORIENTED_EDGE ( 'NONE', *, *, #4182, .T. ) ;
#2901 =( NAMED_UNIT ( * ) PLANE_ANGLE_UNIT ( ) SI_UNIT ( $, .RADIAN. ) );
#2902 = CARTESIAN_POINT ( 'NONE',  ( 0.08999999999999999667, 0.3249999999999995670, -1.350000000000000089 ) ) ;
#2903 = VERTEX_POINT ( 'NONE', #2085 ) ;
#2904 = LINE ( 'NONE', #1564, #927 ) ;
#2905 = EDGE_CURVE ( 'NONE', #3508, #348, #2720, .T. ) ;
#2906 = LINE ( 'NONE', #491, #1776 ) ;
#2907 = DIRECTION ( 'NONE',  ( 0.000000000000000000, 0.000000000000000000, -1.000000000000000000 ) ) ;
#2908 = CARTESIAN_POINT ( 'NONE',  ( 0.000000000000000000, 0.000000000000000000, 0.000000000000000000 ) ) ;
#2909 = CARTESIAN_POINT ( 'NONE',  ( 1.080000000000000071, -1.199999999999999956, -0.8000000000000001554 ) ) ;
#2910 = DIRECTION ( 'NONE',  ( -1.000000000000000000, 0.000000000000000000, 0.000000000000000000 ) ) ;
#2911 = DIRECTION ( 'NONE',  ( -0.000000000000000000, -1.000000000000000000, -0.000000000000000000 ) ) ;
#2912 = CARTESIAN_POINT ( 'NONE',  ( 0.08999999999999999667, 0.8249999999999997335, -1.350000000000000089 ) ) ;
#2913 = ORIENTED_EDGE ( 'NONE', *, *, #3705, .T. ) ;
#2914 = DIRECTION ( 'NONE',  ( -1.000000000000000000, -0.000000000000000000, -0.000000000000000000 ) ) ;
#2915 = DIRECTION ( 'NONE',  ( 0.000000000000000000, 0.000000000000000000, 1.000000000000000000 ) ) ;
#2916 = VERTEX_POINT ( 'NONE', #3233 ) ;
#2917 = ORIENTED_EDGE ( 'NONE', *, *, #2467, .F. ) ;
#2918 = VERTEX_POINT ( 'NONE', #390 ) ;
#2919 = VECTOR ( 'NONE', #4133, 1000.000000000000000 ) ;
#2920 = VECTOR ( 'NONE', #3974, 1000.000000000000000 ) ;
#2921 = CARTESIAN_POINT ( 'NONE',  ( 0.08999999999999999667, 0.8249999999999997335, 1.350000000000000533 ) ) ;
#2922 = DIRECTION ( 'NONE',  ( -1.000000000000000000, 0.000000000000000000, 0.000000000000000000 ) ) ;
#2923 = DIRECTION ( 'NONE',  ( 0.000000000000000000, 1.000000000000000000, 1.668003342285391551E-16 ) ) ;
#2924 = ORIENTED_EDGE ( 'NONE', *, *, #2017, .T. ) ;
#2925 = CARTESIAN_POINT ( 'NONE',  ( 0.08999999999999999667, 1.200000000000000178, -0.3249999999999997891 ) ) ;
#2926 = EDGE_CURVE ( 'NONE', #1740, #1374, #3206, .T. ) ;
#2927 = CARTESIAN_POINT ( 'NONE',  ( 1.169999999999999929, 0.1999999999999997058, -0.7000000000000000666 ) ) ;
#2928 =( GEOMETRIC_REPRESENTATION_CONTEXT ( 3 ) GLOBAL_UNCERTAINTY_ASSIGNED_CONTEXT ( ( #2163 ) ) GLOBAL_UNIT_ASSIGNED_CONTEXT ( ( #969, #3457, #5 ) ) REPRESENTATION_CONTEXT ( 'NONE', 'WORKASPACE' ) );
#2929 = FACE_OUTER_BOUND ( 'NONE', #244, .T. ) ;
#2930 = ADVANCED_FACE ( 'NONE', ( #1476 ), #4352, .F. ) ;
#2931 = PLANE ( 'NONE',  #3531 ) ;
#2932 = DIRECTION ( 'NONE',  ( 0.000000000000000000, 1.000000000000000000, 0.000000000000000000 ) ) ;
#2933 = DIRECTION ( 'NONE',  ( -1.000000000000000000, -0.000000000000000000, 0.000000000000000000 ) ) ;
#2934 = DIRECTION ( 'NONE',  ( -1.000000000000000000, -0.000000000000000000, -0.000000000000000000 ) ) ;
#2935 = ADVANCED_FACE ( 'NONE', ( #4241 ), #401, .F. ) ;
#2936 = VECTOR ( 'NONE', #2450, 1000.000000000000000 ) ;
#2937 = DIRECTION ( 'NONE',  ( 0.000000000000000000, -1.668003342285392044E-16, -1.000000000000000000 ) ) ;
#2938 =( GEOMETRIC_REPRESENTATION_CONTEXT ( 3 ) GLOBAL_UNCERTAINTY_ASSIGNED_CONTEXT ( ( #4181 ) ) GLOBAL_UNIT_ASSIGNED_CONTEXT ( ( #2878, #735, #760 ) ) REPRESENTATION_CONTEXT ( 'NONE', 'WORKASPACE' ) );
#2939 = EDGE_LOOP ( 'NONE', ( #1107, #2475, #475, #2399 ) ) ;
#2940 = ORIENTED_EDGE ( 'NONE', *, *, #1520, .F. ) ;
#2941 = ORIENTED_EDGE ( 'NONE', *, *, #3268, .F. ) ;
#2942 = CLOSED_SHELL ( 'NONE', ( #1411, #2532, #3921, #1426, #2488, #2620, #1161, #389, #2857, #4047, #1551, #3579, #2301, #1744, #2727, #792, #1230, #4104, #3906, #2602, #813, #3843, #3282, #2570, #3018, #331, #4022, #3165, #3473, #2286, #1455, #31, #1881, #3294, #18, #3075, #2930, #2684, #3125, #3447, #3812, #4066, #885, #2326, #1344, #3216, #2885, #2935, #1197, #16, #2746, #2159, #357, #453, #2658, #479, #956, #3645, #4178, #338, #12, #2260, #985, #91, #1341, #3891, #3746, #3690, #4037, #1612, #4324, #3768, #3360, #2086, #3375, #3587, #4432, #808, #1805, #2125, #4090, #1548, #2164, #352, #442, #2788, #4390, #1303, #418, #3827, #77, #2148 ) ) ;
#2943 = AXIS2_PLACEMENT_3D ( 'NONE', #1812, #2551, #1125 ) ;
#2944 = VECTOR ( 'NONE', #3636, 1000.000000000000000 ) ;
#2945 = EDGE_CURVE ( 'NONE', #1813, #3410, #42, .T. ) ;
#2946 = VECTOR ( 'NONE', #2950, 1000.000000000000000 ) ;
#2947 =( GEOMETRIC_REPRESENTATION_CONTEXT ( 3 ) GLOBAL_UNCERTAINTY_ASSIGNED_CONTEXT ( ( #1442 ) ) GLOBAL_UNIT_ASSIGNED_CONTEXT ( ( #4194, #1082, #3555 ) ) REPRESENTATION_CONTEXT ( 'NONE', 'WORKASPACE' ) );
#2948 = ORIENTED_EDGE ( 'NONE', *, *, #2138, .T. ) ;
#2949 = LINE ( 'NONE', #3694, #2944 ) ;
#2950 = DIRECTION ( 'NONE',  ( -1.000000000000000000, -0.000000000000000000, -0.000000000000000000 ) ) ;
#2951 = AXIS2_PLACEMENT_3D ( 'NONE', #2281, #4106, #1639 ) ;
#2952 = DIRECTION ( 'NONE',  ( 0.000000000000000000, -1.000000000000000000, 0.000000000000000000 ) ) ;
#2953 = EDGE_CURVE ( 'NONE', #2204, #611, #2099, .T. ) ;
#2954 = DIRECTION ( 'NONE',  ( 0.000000000000000000, -1.668003342285392044E-16, 1.000000000000000000 ) ) ;
#2955 = CARTESIAN_POINT ( 'NONE',  ( 0.2300000000000000100, -1.999999999999999556, 1.500000000000000222 ) ) ;
#2956 = SURFACE_STYLE_USAGE ( .BOTH. , #285 ) ;
#2957 = LINE ( 'NONE', #1513, #3439 ) ;
#2958 = ORIENTED_EDGE ( 'NONE', *, *, #223, .F. ) ;
#2959 =( NAMED_UNIT ( * ) PLANE_ANGLE_UNIT ( ) SI_UNIT ( $, .RADIAN. ) );
#2960 = EDGE_CURVE ( 'NONE', #445, #74, #635, .T. ) ;
#2961 = DIRECTION ( 'NONE',  ( 0.000000000000000000, -0.000000000000000000, 1.000000000000000000 ) ) ;
#2962 = DIRECTION ( 'NONE',  ( 0.000000000000000000, 0.000000000000000000, -1.000000000000000000 ) ) ;
#2963 = VERTEX_POINT ( 'NONE', #3178 ) ;
#2964 = VERTEX_POINT ( 'NONE', #2470 ) ;
#2965 = VERTEX_POINT ( 'NONE', #2818 ) ;
#2966 = EDGE_CURVE ( 'NONE', #2916, #2028, #3518, .T. ) ;
#2967 = CIRCLE ( 'NONE', #1018, 0.2999999999999999334 ) ;
#2968 = AXIS2_PLACEMENT_3D ( 'NONE', #2897, #3599, #47 ) ;
#2969 = DIRECTION ( 'NONE',  ( 0.000000000000000000, -3.336006684570783101E-16, 1.000000000000000000 ) ) ;
#2970 = ORIENTED_EDGE ( 'NONE', *, *, #2353, .T. ) ;
#2971 = FACE_OUTER_BOUND ( 'NONE', #1698, .T. ) ;
#2972 = DIRECTION ( 'NONE',  ( 0.000000000000000000, 0.000000000000000000, 1.000000000000000000 ) ) ;
#2973 = PLANE ( 'NONE',  #764 ) ;
#2974 = FILL_AREA_STYLE_COLOUR ( '', #1829 ) ;
#2975 = FACE_OUTER_BOUND ( 'NONE', #1537, .T. ) ;
#2976 =( NAMED_UNIT ( * ) SI_UNIT ( $, .STERADIAN. ) SOLID_ANGLE_UNIT ( ) );
#2977 = DIRECTION ( 'NONE',  ( -1.000000000000000000, -0.000000000000000000, -0.000000000000000000 ) ) ;
#2978 = CARTESIAN_POINT ( 'NONE',  ( 0.000000000000000000, -1.475000000000000089, 1.350000000000000533 ) ) ;
#2979 = ORIENTED_EDGE ( 'NONE', *, *, #2319, .T. ) ;
#2980 = ORIENTED_EDGE ( 'NONE', *, *, #215, .T. ) ;
#2981 = VERTEX_POINT ( 'NONE', #2143 ) ;
#2982 = VECTOR ( 'NONE', #4060, 1000.000000000000000 ) ;
#2983 = EDGE_CURVE ( 'NONE', #3553, #3801, #3821, .T. ) ;
#2984 = FILL_AREA_STYLE ('',( #1270 ) ) ;
#2985 = STYLED_ITEM ( 'NONE', ( #3120 ), #3282 ) ;
#2986 = CARTESIAN_POINT ( 'NONE',  ( 0.08999999999999999667, 0.000000000000000000, 0.000000000000000000 ) ) ;
#2987 = PRESENTATION_STYLE_ASSIGNMENT (( #229 ) ) ;
#2988 = ORIENTED_EDGE ( 'NONE', *, *, #1675, .T. ) ;
#2989 = UNCERTAINTY_MEASURE_WITH_UNIT (LENGTH_MEASURE( 1.000000000000000082E-05 ), #359, 'distance_accuracy_value', 'NONE');
#2990 = CARTESIAN_POINT ( 'NONE',  ( 0.4300000000000000488, -1.400000000000000799, 1.200000000000000178 ) ) ;
#2991 = CIRCLE ( 'NONE', #394, 0.2999999999999999334 ) ;
#2992 = LINE ( 'NONE', #2657, #61 ) ;
#2993 = VECTOR ( 'NONE', #85, 1000.000000000000000 ) ;
#2994 = DIRECTION ( 'NONE',  ( 1.000000000000000000, -0.000000000000000000, -0.000000000000000000 ) ) ;
#2995 = COLOUR_RGB ( '',0.1098039215686274495, 0.1098039215686274495, 0.1098039215686274495 ) ;
#2996 = DIRECTION ( 'NONE',  ( -1.000000000000000000, 0.000000000000000000, -0.000000000000000000 ) ) ;
#2997 = LINE ( 'NONE', #3445, #4036 ) ;
#2998 = COLOUR_RGB ( '',0.1098039215686274495, 0.1098039215686274495, 0.1098039215686274495 ) ;
#2999 = CARTESIAN_POINT ( 'NONE',  ( 0.08999999999999999667, -0.8250000000000003997, 0.7000000000000003997 ) ) ;
#3000 = EDGE_CURVE ( 'NONE', #2108, #3365, #3870, .T. ) ;
#3001 = PRESENTATION_STYLE_ASSIGNMENT (( #1972 ) ) ;
#3002 = PLANE ( 'NONE',  #3981 ) ;
#3003 = ORIENTED_EDGE ( 'NONE', *, *, #2880, .F. ) ;
#3004 = VECTOR ( 'NONE', #3791, 1000.000000000000000 ) ;
#3005 = VERTEX_POINT ( 'NONE', #1714 ) ;
#3006 = VERTEX_POINT ( 'NONE', #3896 ) ;
#3007 = AXIS2_PLACEMENT_3D ( 'NONE', #806, #2884, #462 ) ;
#3008 = PRESENTATION_LAYER_ASSIGNMENT (  '', '', ( #2791 ) ) ;
#3009 = DIRECTION ( 'NONE',  ( 0.000000000000000000, 0.000000000000000000, 1.000000000000000000 ) ) ;
#3010 = ORIENTED_EDGE ( 'NONE', *, *, #1585, .T. ) ;
#3011 = FACE_OUTER_BOUND ( 'NONE', #513, .T. ) ;
#3012 = ORIENTED_EDGE ( 'NONE', *, *, #149, .F. ) ;
#3013 = AXIS2_PLACEMENT_3D ( 'NONE', #1593, #2324, #3383 ) ;
#3014 = DIRECTION ( 'NONE',  ( -1.000000000000000000, -0.000000000000000000, -0.000000000000000000 ) ) ;
#3015 = MECHANICAL_DESIGN_GEOMETRIC_PRESENTATION_REPRESENTATION (  '', ( #4053 ), #2938 ) ;
#3016 = EDGE_CURVE ( 'NONE', #346, #4012, #767, .T. ) ;
#3017 = FACE_OUTER_BOUND ( 'NONE', #2173, .T. ) ;
#3018 = ADVANCED_FACE ( 'NONE', ( #4259 ), #3, .T. ) ;
#3019 = PRESENTATION_LAYER_ASSIGNMENT (  '', '', ( #138 ) ) ;
#3020 = VECTOR ( 'NONE', #3904, 1000.000000000000000 ) ;
#3021 = SURFACE_STYLE_FILL_AREA ( #1277 ) ;
#3022 = EDGE_CURVE ( 'NONE', #2918, #3359, #4115, .T. ) ;
#3023 = EDGE_CURVE ( 'NONE', #768, #4240, #4186, .T. ) ;
#3024 = CARTESIAN_POINT ( 'NONE',  ( 0.000000000000000000, -1.475000000000000089, -1.350000000000000089 ) ) ;
#3025 = LINE ( 'NONE', #2641, #127 ) ;
#3026 = LINE ( 'NONE', #1061, #761 ) ;
#3027 = DIRECTION ( 'NONE',  ( 0.000000000000000000, 0.000000000000000000, -1.000000000000000000 ) ) ;
#3028 = LINE ( 'NONE', #2682, #3171 ) ;
#3029 = ADVANCED_FACE ( 'NONE', ( #23 ), #1394, .F. ) ;
#3030 = EDGE_CURVE ( 'NONE', #534, #3006, #3568, .T. ) ;
#3031 = ORIENTED_EDGE ( 'NONE', *, *, #2338, .T. ) ;
#3032 = ORIENTED_EDGE ( 'NONE', *, *, #2750, .T. ) ;
#3033 = ORIENTED_EDGE ( 'NONE', *, *, #748, .T. ) ;
#3034 = CARTESIAN_POINT ( 'NONE',  ( 0.000000000000000000, -1.999999999999999556, -1.499999999999999778 ) ) ;
#3035 = DIRECTION ( 'NONE',  ( 0.000000000000000000, 0.000000000000000000, 1.000000000000000000 ) ) ;
#3036 = CARTESIAN_POINT ( 'NONE',  ( 0.08999999999999999667, 0.3249999999999995670, 1.350000000000000533 ) ) ;
#3037 = ORIENTED_EDGE ( 'NONE', *, *, #1390, .T. ) ;
#3038 = FILL_AREA_STYLE_COLOUR ( '', #3254 ) ;
#3039 = PLANE ( 'NONE',  #2694 ) ;
#3040 = VECTOR ( 'NONE', #913, 1000.000000000000000 ) ;
#3041 =( NAMED_UNIT ( * ) SI_UNIT ( $, .STERADIAN. ) SOLID_ANGLE_UNIT ( ) );
#3042 = DIRECTION ( 'NONE',  ( 0.000000000000000000, 0.000000000000000000, -1.000000000000000000 ) ) ;
#3043 = SURFACE_STYLE_FILL_AREA ( #4107 ) ;
#3044 = LINE ( 'NONE', #1323, #1332 ) ;
#3045 = DIRECTION ( 'NONE',  ( -1.000000000000000000, 0.000000000000000000, -0.000000000000000000 ) ) ;
#3046 =( LENGTH_UNIT ( ) NAMED_UNIT ( * ) SI_UNIT ( .MILLI., .METRE. ) );
#3047 = CARTESIAN_POINT ( 'NONE',  ( 0.08999999999999999667, -0.3250000000000001776, 1.350000000000000533 ) ) ;
#3048 = DIRECTION ( 'NONE',  ( -1.000000000000000000, -0.000000000000000000, -0.000000000000000000 ) ) ;
#3049 = ORIENTED_EDGE ( 'NONE', *, *, #73, .F. ) ;
#3050 = DIRECTION ( 'NONE',  ( -0.000000000000000000, 1.000000000000000000, 0.000000000000000000 ) ) ;
#3051 = ORIENTED_EDGE ( 'NONE', *, *, #2414, .F. ) ;
#3052 = ORIENTED_EDGE ( 'NONE', *, *, #1261, .T. ) ;
#3053 = DIRECTION ( 'NONE',  ( 0.000000000000000000, 1.000000000000000000, 0.000000000000000000 ) ) ;
#3054 = ORIENTED_EDGE ( 'NONE', *, *, #3992, .T. ) ;
#3055 = EDGE_CURVE ( 'NONE', #445, #2646, #1491, .T. ) ;
#3056 = LINE ( 'NONE', #659, #4051 ) ;
#3057 = STYLED_ITEM ( 'NONE', ( #778 ), #4022 ) ;
#3058 = VERTEX_POINT ( 'NONE', #2242 ) ;
#3059 =( LENGTH_UNIT ( ) NAMED_UNIT ( * ) SI_UNIT ( .MILLI., .METRE. ) );
#3060 = COLOUR_RGB ( '',0.1098039215686274495, 0.1098039215686274495, 0.1098039215686274495 ) ;
#3061 = DIRECTION ( 'NONE',  ( -1.000000000000000000, -0.000000000000000000, -0.000000000000000000 ) ) ;
#3063 = CARTESIAN_POINT ( 'NONE',  ( 0.000000000000000000, 0.8249999999999997335, -1.350000000000000089 ) ) ;
#3062 = MECHANICAL_DESIGN_GEOMETRIC_PRESENTATION_REPRESENTATION (  '', ( #3303 ), #4471 ) ;
#3064 = VECTOR ( 'NONE', #1349, 1000.000000000000000 ) ;
#3065 = LINE ( 'NONE', #2386, #2696 ) ;
#3066 = EDGE_CURVE ( 'NONE', #2105, #3006, #523, .T. ) ;
#3067 = FILL_AREA_STYLE ('',( #2038 ) ) ;
#3068 = VECTOR ( 'NONE', #1250, 1000.000000000000000 ) ;
#3069 = DIRECTION ( 'NONE',  ( 0.000000000000000000, -1.000000000000000000, -0.000000000000000000 ) ) ;
#3070 = CARTESIAN_POINT ( 'NONE',  ( 0.08999999999999999667, -0.3250000000000001776, -1.350000000000000089 ) ) ;
#3071 = CARTESIAN_POINT ( 'NONE',  ( 0.08999999999999999667, -1.199999999999999289, 0.3250000000000002331 ) ) ;
#3072 = LINE ( 'NONE', #3355, #1974 ) ;
#3073 = VECTOR ( 'NONE', #2441, 1000.000000000000000 ) ;
#3074 = UNCERTAINTY_MEASURE_WITH_UNIT (LENGTH_MEASURE( 1.000000000000000082E-05 ), #1905, 'distance_accuracy_value', 'NONE');
#3075 = ADVANCED_FACE ( 'NONE', ( #546 ), #2517, .F. ) ;
#3076 = CARTESIAN_POINT ( 'NONE',  ( 0.08999999999999999667, 0.3249999999999995670, -1.350000000000000089 ) ) ;
#3077 = EDGE_LOOP ( 'NONE', ( #3826, #3756, #2336, #2567 ) ) ;
#3078 = EDGE_CURVE ( 'NONE', #1269, #2009, #183, .T. ) ;
#3079 = ORIENTED_EDGE ( 'NONE', *, *, #2681, .F. ) ;
#3080 = MANIFOLD_SOLID_BREP ( 'Boss-Extrude5[5]', #3619 ) ;
#3081 = DIRECTION ( 'NONE',  ( 0.000000000000000000, -0.000000000000000000, 1.000000000000000000 ) ) ;
#3082 = DIRECTION ( 'NONE',  ( 1.000000000000000000, 0.000000000000000000, -0.000000000000000000 ) ) ;
#3083 = ORIENTED_EDGE ( 'NONE', *, *, #149, .T. ) ;
#3084 = UNCERTAINTY_MEASURE_WITH_UNIT (LENGTH_MEASURE( 1.000000000000000082E-05 ), #3208, 'distance_accuracy_value', 'NONE');
#3085 = CARTESIAN_POINT ( 'NONE',  ( 0.4299999999999999933, 1.399999999999998357, 1.300000000000000266 ) ) ;
#3086 = MECHANICAL_DESIGN_GEOMETRIC_PRESENTATION_REPRESENTATION (  '', ( #4341 ), #2362 ) ;
#3087 = EDGE_CURVE ( 'NONE', #2266, #1492, #142, .T. ) ;
#3088 = AXIS2_PLACEMENT_3D ( 'NONE', #1362, #252, #4428 ) ;
#3089 = DIRECTION ( 'NONE',  ( 0.000000000000000000, 1.000000000000000000, 1.668003342285391551E-16 ) ) ;
#3090 = PLANE ( 'NONE',  #293 ) ;
#3091 = SURFACE_STYLE_USAGE ( .BOTH. , #1007 ) ;
#3092 = COLOUR_RGB ( '',0.1098039215686274495, 0.1098039215686274495, 0.1098039215686274495 ) ;
#3093 = EDGE_CURVE ( 'NONE', #522, #148, #1514, .T. ) ;
#3094 =( NAMED_UNIT ( * ) SI_UNIT ( $, .STERADIAN. ) SOLID_ANGLE_UNIT ( ) );
#3095 = DIRECTION ( 'NONE',  ( 0.000000000000000000, 0.000000000000000000, -1.000000000000000000 ) ) ;
#3096 = FILL_AREA_STYLE ('',( #438 ) ) ;
#3097 = DIRECTION ( 'NONE',  ( 0.000000000000000000, -1.000000000000000000, 0.000000000000000000 ) ) ;
#3098 = DIRECTION ( 'NONE',  ( 0.000000000000000000, -1.000000000000000000, 8.340016711426957754E-17 ) ) ;
#3099 = LINE ( 'NONE', #649, #4412 ) ;
#3100 = DIRECTION ( 'NONE',  ( 0.000000000000000000, -1.000000000000000000, -6.866613759074863256E-15 ) ) ;
#3101 = ORIENTED_EDGE ( 'NONE', *, *, #1953, .F. ) ;
#3102 = CARTESIAN_POINT ( 'NONE',  ( 0.000000000000000000, 0.8249999999999995115, -0.7000000000000000666 ) ) ;
#3103 =( LENGTH_UNIT ( ) NAMED_UNIT ( * ) SI_UNIT ( .MILLI., .METRE. ) );
#3104 = ORIENTED_EDGE ( 'NONE', *, *, #1077, .T. ) ;
#3106 = VERTEX_POINT ( 'NONE', #3441 ) ;
#3105 = EDGE_CURVE ( 'NONE', #2204, #1269, #2562, .T. ) ;
#3107 = CARTESIAN_POINT ( 'NONE',  ( 0.08999999999999999667, -1.199999999999999289, 0.3250000000000002331 ) ) ;
#3108 = CARTESIAN_POINT ( 'NONE',  ( 0.4299999999999999933, -1.400000000000000799, 1.300000000000000266 ) ) ;
#3109 = EDGE_LOOP ( 'NONE', ( #2899, #1210, #2527, #3520 ) ) ;
#3110 = DIRECTION ( 'NONE',  ( 0.000000000000000000, -0.000000000000000000, 1.000000000000000000 ) ) ;
#3111 = CARTESIAN_POINT ( 'NONE',  ( 0.3300000000000000155, -1.400000000000000799, 0.9000000000000002442 ) ) ;
#3112 = SURFACE_STYLE_FILL_AREA ( #2783 ) ;
#3113 = DIRECTION ( 'NONE',  ( 0.000000000000000000, -3.336006684570783101E-16, 1.000000000000000000 ) ) ;
#3114 = EDGE_LOOP ( 'NONE', ( #4082, #3601, #971, #3396 ) ) ;
#3115 = PRESENTATION_STYLE_ASSIGNMENT (( #3091 ) ) ;
#3116 = CARTESIAN_POINT ( 'NONE',  ( 0.000000000000000000, -0.3250000000000003997, -0.7000000000000000666 ) ) ;
#3117 = FACE_OUTER_BOUND ( 'NONE', #2144, .T. ) ;
#3118 = UNCERTAINTY_MEASURE_WITH_UNIT (LENGTH_MEASURE( 1.000000000000000082E-05 ), #2812, 'distance_accuracy_value', 'NONE');
#3119 = FACE_BOUND ( 'NONE', #1079, .T. ) ;
#3120 = PRESENTATION_STYLE_ASSIGNMENT (( #1037 ) ) ;
#3121 = CARTESIAN_POINT ( 'NONE',  ( 0.000000000000000000, -0.8250000000000003997, 1.350000000000000533 ) ) ;
#3122 = ORIENTED_EDGE ( 'NONE', *, *, #1290, .T. ) ;
#3123 = VERTEX_POINT ( 'NONE', #1727 ) ;
#3124 = LINE ( 'NONE', #2799, #2743 ) ;
#3125 = ADVANCED_FACE ( 'NONE', ( #3135 ), #1386, .F. ) ;
#3126 = CARTESIAN_POINT ( 'NONE',  ( 0.08999999999999999667, 1.474999999999999423, -1.350000000000000089 ) ) ;
#3127 = EDGE_LOOP ( 'NONE', ( #553, #1538, #1762, #1849 ) ) ;
#3128 = VERTEX_POINT ( 'NONE', #664 ) ;
#3129 = ORIENTED_EDGE ( 'NONE', *, *, #3105, .F. ) ;
#3130 = EDGE_CURVE ( 'NONE', #1735, #1557, #281, .T. ) ;
#3131 = DIRECTION ( 'NONE',  ( -0.000000000000000000, -1.000000000000000000, 1.668003342285391551E-16 ) ) ;
#3132 =( NAMED_UNIT ( * ) SI_UNIT ( $, .STERADIAN. ) SOLID_ANGLE_UNIT ( ) );
#3133 = FACE_OUTER_BOUND ( 'NONE', #2403, .T. ) ;
#3134 = VERTEX_POINT ( 'NONE', #2438 ) ;
#3135 = FACE_OUTER_BOUND ( 'NONE', #3277, .T. ) ;
#3136 = CIRCLE ( 'NONE', #1540, 0.2342874139153912350 ) ;
#3137 = CARTESIAN_POINT ( 'NONE',  ( 0.000000000000000000, 0.3249999999999995670, -1.350000000000000089 ) ) ;
#3138 = PLANE ( 'NONE',  #3442 ) ;
#3139 = AXIS2_PLACEMENT_3D ( 'NONE', #2106, #2456, #386 ) ;
#3140 = CARTESIAN_POINT ( 'NONE',  ( 0.000000000000000000, -1.475000000000000089, 1.350000000000000533 ) ) ;
#3141 = APPLICATION_CONTEXT ( 'automotive_design' ) ;
#3142 = CIRCLE ( 'NONE', #1121, 0.2999999999999999334 ) ;
#3143 = PRESENTATION_LAYER_ASSIGNMENT (  '', '', ( #3963 ) ) ;
#3144 = DIRECTION ( 'NONE',  ( 1.000000000000000000, -0.000000000000000000, -0.000000000000000000 ) ) ;
#3145 = EDGE_CURVE ( 'NONE', #3162, #2105, #356, .T. ) ;
#3146 = DIRECTION ( 'NONE',  ( 0.000000000000000000, 0.7071067811865474617, -0.7071067811865474617 ) ) ;
#3147 = ORIENTED_EDGE ( 'NONE', *, *, #870, .F. ) ;
#3148 = PRESENTATION_STYLE_ASSIGNMENT (( #743 ) ) ;
#3149 = ORIENTED_EDGE ( 'NONE', *, *, #20, .T. ) ;
#3150 = ORIENTED_EDGE ( 'NONE', *, *, #1728, .F. ) ;
#3151 = CARTESIAN_POINT ( 'NONE',  ( 0.000000000000000000, -0.3250000000000003997, 0.7000000000000005107 ) ) ;
#3152 = STYLED_ITEM ( 'NONE', ( #1609 ), #1230 ) ;
#3153 = CARTESIAN_POINT ( 'NONE',  ( 0.000000000000000000, -0.8250000000000003997, -1.350000000000000089 ) ) ;
#3154 = ORIENTED_EDGE ( 'NONE', *, *, #3078, .F. ) ;
#3155 = CARTESIAN_POINT ( 'NONE',  ( 0.3300000000000000155, 1.800000000000000488, -0.8999999999999973577 ) ) ;
#3156 = ORIENTED_EDGE ( 'NONE', *, *, #62, .T. ) ;
#3157 = EDGE_LOOP ( 'NONE', ( #3387, #8, #3897, #2600 ) ) ;
#3158 = FILL_AREA_STYLE ('',( #1788 ) ) ;
#3159 =( NAMED_UNIT ( * ) PLANE_ANGLE_UNIT ( ) SI_UNIT ( $, .RADIAN. ) );
#3160 = SPHERICAL_SURFACE ( 'NONE', #111, 0.2999999999999999889 ) ;
#3161 = CARTESIAN_POINT ( 'NONE',  ( 0.000000000000000000, -0.3250000000000001776, 1.350000000000000533 ) ) ;
#3162 = VERTEX_POINT ( 'NONE', #2340 ) ;
#3163 = AXIS2_PLACEMENT_3D ( 'NONE', #3425, #4482, #337 ) ;
#3164 = PRESENTATION_LAYER_ASSIGNMENT (  '', '', ( #770 ) ) ;
#3165 = ADVANCED_FACE ( 'NONE', ( #4476 ), #2718, .T. ) ;
#3166 = VECTOR ( 'NONE', #2383, 1000.000000000000000 ) ;
#3167 = DIRECTION ( 'NONE',  ( 0.000000000000000000, 0.000000000000000000, 1.000000000000000000 ) ) ;
#3168 = VECTOR ( 'NONE', #1906, 1000.000000000000000 ) ;
#3169 = DIRECTION ( 'NONE',  ( 0.000000000000000000, 8.340016711426960219E-17, -1.000000000000000000 ) ) ;
#3170 = PRESENTATION_LAYER_ASSIGNMENT (  '', '', ( #2594 ) ) ;
#3171 = VECTOR ( 'NONE', #1262, 1000.000000000000000 ) ;
#3172 = EDGE_CURVE ( 'NONE', #522, #849, #3065, .T. ) ;
#3173 = AXIS2_PLACEMENT_3D ( 'NONE', #3527, #4293, #3879 ) ;
#3174 = SURFACE_STYLE_FILL_AREA ( #2465 ) ;
#3175 = CARTESIAN_POINT ( 'NONE',  ( 1.080000000000000071, -1.200000000000000622, -0.7000000000000000666 ) ) ;
#3176 = COLOUR_RGB ( '',0.1098039215686274495, 0.1098039215686274495, 0.1098039215686274495 ) ;
#3177 = AXIS2_PLACEMENT_3D ( 'NONE', #1420, #1112, #3454 ) ;
#3178 = CARTESIAN_POINT ( 'NONE',  ( 0.000000000000000000, -1.849999999999999201, 0.3250000000000001221 ) ) ;
#3179 = EDGE_LOOP ( 'NONE', ( #2129, #3200, #3776, #4466 ) ) ;
#3180 = ORIENTED_EDGE ( 'NONE', *, *, #3557, .T. ) ;
#3181 = DIRECTION ( 'NONE',  ( 0.000000000000000000, 1.000000000000000000, 1.668003342285392044E-16 ) ) ;
#3182 = FACE_OUTER_BOUND ( 'NONE', #528, .T. ) ;
#3183 = ORIENTED_EDGE ( 'NONE', *, *, #2555, .F. ) ;
#3184 = ORIENTED_EDGE ( 'NONE', *, *, #2719, .F. ) ;
#3185 = CARTESIAN_POINT ( 'NONE',  ( 0.000000000000000000, 1.850000000000000089, -0.3249999999999998446 ) ) ;
#3186 = CARTESIAN_POINT ( 'NONE',  ( 0.2300000000000000100, 1.800000000000000488, 0.8999999999999973577 ) ) ;
#3187 = MANIFOLD_SOLID_BREP ( 'Boss-Extrude5[1]', #4198 ) ;
#3188 = DIRECTION ( 'NONE',  ( 0.000000000000000000, 0.000000000000000000, 1.000000000000000000 ) ) ;
#3189 = ORIENTED_EDGE ( 'NONE', *, *, #472, .F. ) ;
#3190 = DIRECTION ( 'NONE',  ( -1.000000000000000000, -0.000000000000000000, -0.000000000000000000 ) ) ;
#3191 = CARTESIAN_POINT ( 'NONE',  ( 0.7800000000000001377, 1.400000000000000355, -0.9000000000000002442 ) ) ;
#3192 = CARTESIAN_POINT ( 'NONE',  ( 0.000000000000000000, 2.000000000000000444, 1.500000000000000222 ) ) ;
#3193 = FACE_OUTER_BOUND ( 'NONE', #3901, .T. ) ;
#3194 = VECTOR ( 'NONE', #526, 1000.000000000000000 ) ;
#3195 = CARTESIAN_POINT ( 'NONE',  ( 0.000000000000000000, 0.3249999999999995670, 1.350000000000000533 ) ) ;
#3196 = FILL_AREA_STYLE ('',( #1416 ) ) ;
#3197 = VECTOR ( 'NONE', #1701, 1000.000000000000000 ) ;
#3198 = VECTOR ( 'NONE', #3478, 1000.000000000000000 ) ;
#3199 = DIRECTION ( 'NONE',  ( 0.000000000000000000, 0.000000000000000000, -1.000000000000000000 ) ) ;
#3200 = ORIENTED_EDGE ( 'NONE', *, *, #4255, .F. ) ;
#3201 = SURFACE_STYLE_FILL_AREA ( #793 ) ;
#3202 = DIRECTION ( 'NONE',  ( 0.000000000000000000, 1.000000000000000000, -1.011922027653137735E-14 ) ) ;
#3203 = VERTEX_POINT ( 'NONE', #219 ) ;
#3204 = ORIENTED_EDGE ( 'NONE', *, *, #530, .F. ) ;
#3205 = ORIENTED_EDGE ( 'NONE', *, *, #2359, .F. ) ;
#3206 = LINE ( 'NONE', #4267, #566 ) ;
#3207 = ADVANCED_FACE ( 'NONE', ( #2975 ), #1785, .F. ) ;
#3208 =( LENGTH_UNIT ( ) NAMED_UNIT ( * ) SI_UNIT ( .MILLI., .METRE. ) );
#3209 = PRESENTATION_STYLE_ASSIGNMENT (( #1810 ) ) ;
#3210 =( LENGTH_UNIT ( ) NAMED_UNIT ( * ) SI_UNIT ( .MILLI., .METRE. ) );
#3211 = ORIENTED_EDGE ( 'NONE', *, *, #1133, .F. ) ;
#3212 = CARTESIAN_POINT ( 'NONE',  ( 0.08999999999999999667, -0.8250000000000003997, 1.350000000000000533 ) ) ;
#3213 = CARTESIAN_POINT ( 'NONE',  ( 0.08999999999999999667, -0.8250000000000003997, -1.350000000000000089 ) ) ;
#3214 = DIRECTION ( 'NONE',  ( 0.000000000000000000, 0.000000000000000000, -1.000000000000000000 ) ) ;
#3215 = FACE_OUTER_BOUND ( 'NONE', #2079, .T. ) ;
#3216 = ADVANCED_FACE ( 'NONE', ( #3230 ), #1076, .F. ) ;
#3217 = DIRECTION ( 'NONE',  ( 0.000000000000000000, 0.000000000000000000, -1.000000000000000000 ) ) ;
#3218 = FACE_OUTER_BOUND ( 'NONE', #571, .T. ) ;
#3219 = MECHANICAL_DESIGN_GEOMETRIC_PRESENTATION_REPRESENTATION (  '', ( #2496 ), #456 ) ;
#3220 = FILL_AREA_STYLE ('',( #3316 ) ) ;
#3221 = EDGE_LOOP ( 'NONE', ( #814, #2540, #1595, #4422 ) ) ;
#3222 = CIRCLE ( 'NONE', #1199, 0.2999999999999999334 ) ;
#3223 = VECTOR ( 'NONE', #3287, 1000.000000000000000 ) ;
#3224 = EDGE_CURVE ( 'NONE', #2100, #509, #1451, .T. ) ;
#3225 = DIRECTION ( 'NONE',  ( 0.000000000000000000, 0.000000000000000000, 1.000000000000000000 ) ) ;
#3226 = AXIS2_PLACEMENT_3D ( 'NONE', #3626, #2937, #1245 ) ;
#3227 = STYLED_ITEM ( 'NONE', ( #3209 ), #2301 ) ;
#3228 = LINE ( 'NONE', #4217, #518 ) ;
#3229 = ORIENTED_EDGE ( 'NONE', *, *, #4049, .F. ) ;
#3230 = FACE_OUTER_BOUND ( 'NONE', #3414, .T. ) ;
#3231 = VERTEX_POINT ( 'NONE', #1350 ) ;
#3232 = ORIENTED_EDGE ( 'NONE', *, *, #530, .T. ) ;
#3233 = CARTESIAN_POINT ( 'NONE',  ( 0.08999999999999999667, 1.474999999999999423, 0.7000000000000003997 ) ) ;
#3234 = VECTOR ( 'NONE', #1375, 1000.000000000000000 ) ;
#3235 = FILL_AREA_STYLE ('',( #1863 ) ) ;
#3236 = ORIENTED_EDGE ( 'NONE', *, *, #1013, .F. ) ;
#3237 = EDGE_CURVE ( 'NONE', #3928, #3322, #3766, .T. ) ;
#3238 = EDGE_CURVE ( 'NONE', #3416, #2075, #647, .T. ) ;
#3239 = CARTESIAN_POINT ( 'NONE',  ( 0.08999999999999999667, 1.850000000000000089, -0.3249999999999998446 ) ) ;
#3240 = DIRECTION ( 'NONE',  ( 1.000000000000000000, -0.000000000000000000, -0.000000000000000000 ) ) ;
#3241 = CARTESIAN_POINT ( 'NONE',  ( 0.000000000000000000, 1.200000000000000178, 0.3250000000000002331 ) ) ;
#3242 = CARTESIAN_POINT ( 'NONE',  ( 0.000000000000000000, 1.474999999999999423, -0.6999999999999999556 ) ) ;
#3243 = CARTESIAN_POINT ( 'NONE',  ( 0.000000000000000000, -1.199999999999999289, 0.3250000000000002331 ) ) ;
#3244 = EDGE_CURVE ( 'NONE', #3123, #67, #307, .T. ) ;
#3245 = PRESENTATION_LAYER_ASSIGNMENT (  '', '', ( #4341 ) ) ;
#3246 = DIRECTION ( 'NONE',  ( 1.000000000000000000, -0.000000000000000000, -0.000000000000000000 ) ) ;
#3247 = LINE ( 'NONE', #3940, #3732 ) ;
#3248 = CARTESIAN_POINT ( 'NONE',  ( 0.2300000000000000100, 2.000000000000000444, -1.499999999999999778 ) ) ;
#3249 = VECTOR ( 'NONE', #673, 1000.000000000000000 ) ;
#3250 = ORIENTED_EDGE ( 'NONE', *, *, #3709, .T. ) ;
#3251 = VECTOR ( 'NONE', #447, 1000.000000000000000 ) ;
#3252 = PRESENTATION_LAYER_ASSIGNMENT (  '', '', ( #634 ) ) ;
#3253 = PLANE ( 'NONE',  #4372 ) ;
#3254 = COLOUR_RGB ( '',0.1098039215686274495, 0.1098039215686274495, 0.1098039215686274495 ) ;
#3255 = DIRECTION ( 'NONE',  ( 1.000000000000000000, 0.000000000000000000, -0.000000000000000000 ) ) ;
#3256 = EDGE_CURVE ( 'NONE', #1962, #44, #3513, .T. ) ;
#3257 = EDGE_LOOP ( 'NONE', ( #3183, #189, #4123, #2329 ) ) ;
#3258 = EDGE_LOOP ( 'NONE', ( #1165, #2290, #2566, #2846 ) ) ;
#3259 = ORIENTED_EDGE ( 'NONE', *, *, #4370, .F. ) ;
#3260 = SURFACE_SIDE_STYLE ('',( #2132 ) ) ;
#3261 = ORIENTED_EDGE ( 'NONE', *, *, #2966, .T. ) ;
#3262 = PRESENTATION_STYLE_ASSIGNMENT (( #1275 ) ) ;
#3263 = FACE_OUTER_BOUND ( 'NONE', #1715, .T. ) ;
#3264 = CARTESIAN_POINT ( 'NONE',  ( 0.4300000000000000488, -1.399999999999998801, -1.200000000000000178 ) ) ;
#3265 = CARTESIAN_POINT ( 'NONE',  ( 0.000000000000000000, -0.8250000000000003997, 0.7000000000000003997 ) ) ;
#3266 = LINE ( 'NONE', #1602, #3753 ) ;
#3267 = UNCERTAINTY_MEASURE_WITH_UNIT (LENGTH_MEASURE( 1.000000000000000082E-05 ), #3806, 'distance_accuracy_value', 'NONE');
#3268 = EDGE_CURVE ( 'NONE', #1899, #3902, #2490, .T. ) ;
#3269 = CARTESIAN_POINT ( 'NONE',  ( 1.169999999999999929, 0.1999999999999990119, -0.8000000000000001554 ) ) ;
#3270 = CARTESIAN_POINT ( 'NONE',  ( 0.000000000000000000, -1.475000000000000089, -1.350000000000000089 ) ) ;
#3271 = CARTESIAN_POINT ( 'NONE',  ( 0.08999999999999999667, 1.474999999999999423, -1.350000000000000089 ) ) ;
#3272 = ORIENTED_EDGE ( 'NONE', *, *, #1919, .F. ) ;
#3273 = FILL_AREA_STYLE ('',( #4371 ) ) ;
#3274 = FACE_OUTER_BOUND ( 'NONE', #226, .T. ) ;
#3275 = VECTOR ( 'NONE', #4327, 1000.000000000000000 ) ;
#3276 = CARTESIAN_POINT ( 'NONE',  ( 1.169999999999999929, 0.1999999999999990119, -0.8000000000000001554 ) ) ;
#3277 = EDGE_LOOP ( 'NONE', ( #2645, #2707, #2130, #3600 ) ) ;
#3278 = ORIENTED_EDGE ( 'NONE', *, *, #1657, .T. ) ;
#3279 = ORIENTED_EDGE ( 'NONE', *, *, #2421, .T. ) ;
#3280 = EDGE_CURVE ( 'NONE', #4421, #505, #1758, .T. ) ;
#3281 = FILL_AREA_STYLE ('',( #4242 ) ) ;
#3282 = ADVANCED_FACE ( 'NONE', ( #3542 ), #3819, .T. ) ;
#3283 = LINE ( 'NONE', #1542, #1502 ) ;
#3284 = ORIENTED_EDGE ( 'NONE', *, *, #263, .F. ) ;
#3285 = DIRECTION ( 'NONE',  ( 0.000000000000000000, 1.000000000000000000, -1.668003342285391551E-16 ) ) ;
#3286 = SURFACE_SIDE_STYLE ('',( #3999 ) ) ;
#3287 = DIRECTION ( 'NONE',  ( 0.000000000000000000, 0.000000000000000000, 1.000000000000000000 ) ) ;
#3288 = ADVANCED_FACE ( 'NONE', ( #1464 ), #4231, .F. ) ;
#3289 = DIRECTION ( 'NONE',  ( 0.000000000000000000, 1.000000000000000000, 0.000000000000000000 ) ) ;
#3290 =( NAMED_UNIT ( * ) SI_UNIT ( $, .STERADIAN. ) SOLID_ANGLE_UNIT ( ) );
#3291 = CARTESIAN_POINT ( 'NONE',  ( 0.000000000000000000, -0.3250000000000001776, -1.350000000000000089 ) ) ;
#3292 = DIRECTION ( 'NONE',  ( -1.000000000000000000, -0.000000000000000000, -0.000000000000000000 ) ) ;
#3293 = PRESENTATION_STYLE_ASSIGNMENT (( #3985 ) ) ;
#3294 = ADVANCED_FACE ( 'NONE', ( #698 ), #41, .F. ) ;
#3295 = PRESENTATION_LAYER_ASSIGNMENT (  '', '', ( #3057 ) ) ;
#3296 = CARTESIAN_POINT ( 'NONE',  ( 0.08999999999999999667, -0.8250000000000003997, -0.6999999999999999556 ) ) ;
#3297 = CARTESIAN_POINT ( 'NONE',  ( 0.000000000000000000, 0.000000000000000000, 0.000000000000000000 ) ) ;
#3298 = VERTEX_POINT ( 'NONE', #2118 ) ;
#3299 = ORIENTED_EDGE ( 'NONE', *, *, #4196, .T. ) ;
#3300 = VECTOR ( 'NONE', #2166, 1000.000000000000000 ) ;
#3301 = VERTEX_POINT ( 'NONE', #3517 ) ;
#3302 = EDGE_CURVE ( 'NONE', #4169, #660, #400, .T. ) ;
#3303 = STYLED_ITEM ( 'NONE', ( #2635 ), #1744 ) ;
#3304 = COLOUR_RGB ( '',0.1098039215686274495, 0.1098039215686274495, 0.1098039215686274495 ) ;
#3305 = DIRECTION ( 'NONE',  ( 0.000000000000000000, 0.000000000000000000, 1.000000000000000000 ) ) ;
#3306 = EDGE_LOOP ( 'NONE', ( #69, #2647, #3795, #1357, #1101, #3049, #2847, #1190 ) ) ;
#3307 = DIRECTION ( 'NONE',  ( 0.000000000000000000, 0.000000000000000000, 1.000000000000000000 ) ) ;
#3308 = FACE_BOUND ( 'NONE', #3306, .T. ) ;
#3309 = CARTESIAN_POINT ( 'NONE',  ( 0.2300000000000000100, 1.400000000000000355, 0.9000000000000002442 ) ) ;
#3310 = VECTOR ( 'NONE', #2321, 1000.000000000000000 ) ;
#3311 = ADVANCED_FACE ( 'NONE', ( #3958 ), #1182, .F. ) ;
#3312 = CARTESIAN_POINT ( 'NONE',  ( 0.000000000000000000, -0.3250000000000001776, 1.350000000000000533 ) ) ;
#3313 = CARTESIAN_POINT ( 'NONE',  ( 0.08999999999999999667, 0.3249999999999995670, -1.350000000000000089 ) ) ;
#3314 = DIRECTION ( 'NONE',  ( -0.000000000000000000, -0.000000000000000000, 1.000000000000000000 ) ) ;
#3315 = EDGE_CURVE ( 'NONE', #2100, #3460, #4345, .T. ) ;
#3316 = FILL_AREA_STYLE_COLOUR ( '', #2219 ) ;
#3317 = COLOUR_RGB ( '',0.1098039215686274495, 0.1098039215686274495, 0.1098039215686274495 ) ;
#3318 = DIRECTION ( 'NONE',  ( 0.000000000000000000, -1.668003342285392044E-16, -1.000000000000000000 ) ) ;
#3319 =( GEOMETRIC_REPRESENTATION_CONTEXT ( 3 ) GLOBAL_UNCERTAINTY_ASSIGNED_CONTEXT ( ( #361 ) ) GLOBAL_UNIT_ASSIGNED_CONTEXT ( ( #4146, #3357, #2664 ) ) REPRESENTATION_CONTEXT ( 'NONE', 'WORKASPACE' ) );
#3320 = AXIS2_PLACEMENT_3D ( 'NONE', #4338, #2952, #1238 ) ;
#3321 = EDGE_LOOP ( 'NONE', ( #2423, #2449, #2665, #1232 ) ) ;
#3322 = VERTEX_POINT ( 'NONE', #1873 ) ;
#3323 = VERTEX_POINT ( 'NONE', #2912 ) ;
#3324 = MECHANICAL_DESIGN_GEOMETRIC_PRESENTATION_REPRESENTATION (  '', ( #3918 ), #1708 ) ;
#3325 = DIRECTION ( 'NONE',  ( 0.000000000000000000, 0.000000000000000000, 1.000000000000000000 ) ) ;
#3326 = COLOUR_RGB ( '',0.1098039215686274495, 0.1098039215686274495, 0.1098039215686274495 ) ;
#3327 = EDGE_LOOP ( 'NONE', ( #1298, #1098, #3149, #759 ) ) ;
#3328 =( NAMED_UNIT ( * ) PLANE_ANGLE_UNIT ( ) SI_UNIT ( $, .RADIAN. ) );
#3329 =( NAMED_UNIT ( * ) PLANE_ANGLE_UNIT ( ) SI_UNIT ( $, .RADIAN. ) );
#3330 =( NAMED_UNIT ( * ) PLANE_ANGLE_UNIT ( ) SI_UNIT ( $, .RADIAN. ) );
#3331 = CARTESIAN_POINT ( 'NONE',  ( 0.3300000000000000155, 1.399999999999997691, -1.300000000000000266 ) ) ;
#3332 = LINE ( 'NONE', #2257, #4416 ) ;
#3333 = FACE_OUTER_BOUND ( 'NONE', #1078, .T. ) ;
#3334 = DIRECTION ( 'NONE',  ( 0.000000000000000000, 0.000000000000000000, 1.000000000000000000 ) ) ;
#3335 = CARTESIAN_POINT ( 'NONE',  ( 0.08999999999999999667, -0.3250000000000001776, 1.350000000000000533 ) ) ;
#3336 = EDGE_CURVE ( 'NONE', #1741, #1480, #3660, .T. ) ;
#3337 = PLANE ( 'NONE',  #1171 ) ;
#3338 = ORIENTED_EDGE ( 'NONE', *, *, #998, .F. ) ;
#3339 = ORIENTED_EDGE ( 'NONE', *, *, #1958, .T. ) ;
#3340 = EDGE_LOOP ( 'NONE', ( #3820, #4442, #2801, #2377 ) ) ;
#3341 = AXIS2_PLACEMENT_3D ( 'NONE', #3873, #2124, #3181 ) ;
#3342 = VECTOR ( 'NONE', #1024, 1000.000000000000000 ) ;
#3343 = CARTESIAN_POINT ( 'NONE',  ( 0.3300000000000000155, -1.399999999999998135, -1.300000000000000266 ) ) ;
#3344 = SURFACE_STYLE_FILL_AREA ( #2556 ) ;
#3345 = ORIENTED_EDGE ( 'NONE', *, *, #3452, .T. ) ;
#3346 = LINE ( 'NONE', #2314, #3919 ) ;
#3347 = EDGE_CURVE ( 'NONE', #2502, #772, #1157, .T. ) ;
#3348 = FILL_AREA_STYLE ('',( #4065 ) ) ;
#3349 =( LENGTH_UNIT ( ) NAMED_UNIT ( * ) SI_UNIT ( .MILLI., .METRE. ) );
#3350 =( NAMED_UNIT ( * ) SI_UNIT ( $, .STERADIAN. ) SOLID_ANGLE_UNIT ( ) );
#3351 = AXIS2_PLACEMENT_3D ( 'NONE', #4151, #2035, #392 ) ;
#3352 = LINE ( 'NONE', #666, #964 ) ;
#3353 = CARTESIAN_POINT ( 'NONE',  ( 0.08999999999999999667, 0.000000000000000000, 0.000000000000000000 ) ) ;
#3354 = CARTESIAN_POINT ( 'NONE',  ( 0.08999999999999999667, 1.850000000000000089, 0.3250000000000001221 ) ) ;
#3355 = CARTESIAN_POINT ( 'NONE',  ( 0.2300000000000000100, -1.399999999999998135, 1.300000000000000266 ) ) ;
#3356 = CARTESIAN_POINT ( 'NONE',  ( 0.3300000000000000155, 1.400000000000000355, -0.9000000000000002442 ) ) ;
#3357 =( NAMED_UNIT ( * ) PLANE_ANGLE_UNIT ( ) SI_UNIT ( $, .RADIAN. ) );
#3358 = VERTEX_POINT ( 'NONE', #543 ) ;
#3359 = VERTEX_POINT ( 'NONE', #884 ) ;
#3361 = EDGE_LOOP ( 'NONE', ( #3966, #1251, #1409, #314 ) ) ;
#3360 = ADVANCED_FACE ( 'NONE', ( #3218 ), #3642, .F. ) ;
#3362 = AXIS2_PLACEMENT_3D ( 'NONE', #1029, #3061, #3762 ) ;
#3363 = EDGE_CURVE ( 'NONE', #3359, #2918, #239, .T. ) ;
#3364 = PRESENTATION_LAYER_ASSIGNMENT (  '', '', ( #2985 ) ) ;
#3365 = VERTEX_POINT ( 'NONE', #1549 ) ;
#3366 = PLANE ( 'NONE',  #838 ) ;
#3367 = DIRECTION ( 'NONE',  ( 1.000000000000000000, -0.000000000000000000, -0.000000000000000000 ) ) ;
#3368 = ORIENTED_EDGE ( 'NONE', *, *, #3369, .F. ) ;
#3369 = EDGE_CURVE ( 'NONE', #3058, #2334, #3247, .T. ) ;
#3370 = LINE ( 'NONE', #1633, #3628 ) ;
#3371 = AXIS2_PLACEMENT_3D ( 'NONE', #4070, #2725, #4112 ) ;
#3372 = PLANE ( 'NONE',  #1832 ) ;
#3373 = AXIS2_PLACEMENT_3D ( 'NONE', #2908, #880, #4317 ) ;
#3374 = FACE_OUTER_BOUND ( 'NONE', #4, .T. ) ;
#3375 = ADVANCED_FACE ( 'NONE', ( #2862 ), #2585, .F. ) ;
#3376 = CARTESIAN_POINT ( 'NONE',  ( 0.08999999999999999667, -1.475000000000000089, 1.350000000000000533 ) ) ;
#3377 = EDGE_CURVE ( 'NONE', #3927, #3553, #811, .T. ) ;
#3378 = DIRECTION ( 'NONE',  ( -0.000000000000000000, 0.000000000000000000, 1.000000000000000000 ) ) ;
#3379 = CARTESIAN_POINT ( 'NONE',  ( 0.000000000000000000, -1.475000000000000311, 0.7000000000000005107 ) ) ;
#3380 = VECTOR ( 'NONE', #2785, 1000.000000000000000 ) ;
#3381 = FACE_OUTER_BOUND ( 'NONE', #4027, .T. ) ;
#3382 = CARTESIAN_POINT ( 'NONE',  ( 0.000000000000000000, 1.474999999999999423, 1.150000000000000355 ) ) ;
#3383 = DIRECTION ( 'NONE',  ( 0.000000000000000000, 0.000000000000000000, -1.000000000000000000 ) ) ;
#3384 = EDGE_CURVE ( 'NONE', #445, #711, #3590, .T. ) ;
#3385 = EDGE_LOOP ( 'NONE', ( #585, #3129, #1763, #1898 ) ) ;
#3386 = VECTOR ( 'NONE', #2749, 1000.000000000000000 ) ;
#3387 = ORIENTED_EDGE ( 'NONE', *, *, #3859, .F. ) ;
#3388 = ORIENTED_EDGE ( 'NONE', *, *, #824, .T. ) ;
#3389 = VECTOR ( 'NONE', #4073, 1000.000000000000000 ) ;
#3390 = LINE ( 'NONE', #1336, #2350 ) ;
#3391 = AXIS2_PLACEMENT_3D ( 'NONE', #1087, #79, #60 ) ;
#3392 = EDGE_CURVE ( 'NONE', #2471, #29, #2239, .T. ) ;
#3393 = SURFACE_STYLE_FILL_AREA ( #2984 ) ;
#3394 = VERTEX_POINT ( 'NONE', #1892 ) ;
#3395 = CARTESIAN_POINT ( 'NONE',  ( 0.08999999999999999667, -0.8250000000000003997, -0.6999999999999999556 ) ) ;
#3396 = ORIENTED_EDGE ( 'NONE', *, *, #241, .T. ) ;
#3397 = PRESENTATION_LAYER_ASSIGNMENT (  '', '', ( #1283 ) ) ;
#3398 = DIRECTION ( 'NONE',  ( -0.000000000000000000, -0.000000000000000000, 1.000000000000000000 ) ) ;
#3399 = PRESENTATION_LAYER_ASSIGNMENT (  '', '', ( #3840 ) ) ;
#3400 = PLANE ( 'NONE',  #1038 ) ;
#3401 = SURFACE_STYLE_FILL_AREA ( #1366 ) ;
#3402 = CARTESIAN_POINT ( 'NONE',  ( 0.08999999999999999667, 0.8249999999999997335, 1.350000000000000533 ) ) ;
#3403 = DIRECTION ( 'NONE',  ( 0.000000000000000000, 0.000000000000000000, -1.000000000000000000 ) ) ;
#3404 = SURFACE_SIDE_STYLE ('',( #1615 ) ) ;
#3405 = FACE_OUTER_BOUND ( 'NONE', #2141, .T. ) ;
#3406 = FACE_OUTER_BOUND ( 'NONE', #3221, .T. ) ;
#3407 = EDGE_CURVE ( 'NONE', #3508, #4004, #1490, .T. ) ;
#3408 = ORIENTED_EDGE ( 'NONE', *, *, #7, .F. ) ;
#3409 = ORIENTED_EDGE ( 'NONE', *, *, #1468, .F. ) ;
#3410 = VERTEX_POINT ( 'NONE', #1227 ) ;
#3411 = EDGE_CURVE ( 'NONE', #3553, #2903, #2189, .T. ) ;
#3412 = PLANE ( 'NONE',  #1410 ) ;
#3413 = LINE ( 'NONE', #296, #4300 ) ;
#3414 = EDGE_LOOP ( 'NONE', ( #3435, #527, #4402, #4225 ) ) ;
#3415 = SURFACE_STYLE_USAGE ( .BOTH. , #2335 ) ;
#3416 = VERTEX_POINT ( 'NONE', #467 ) ;
#3417 = EDGE_CURVE ( 'NONE', #3203, #4463, #602, .T. ) ;
#3418 = EDGE_CURVE ( 'NONE', #570, #3508, #1530, .T. ) ;
#3419 = CARTESIAN_POINT ( 'NONE',  ( 0.08999999999999999667, -1.475000000000000089, 1.350000000000000533 ) ) ;
#3420 = VECTOR ( 'NONE', #3965, 1000.000000000000000 ) ;
#3421 = CARTESIAN_POINT ( 'NONE',  ( 0.08999999999999999667, 1.474999999999999423, -0.6999999999999999556 ) ) ;
#3422 = FACE_OUTER_BOUND ( 'NONE', #1189, .T. ) ;
#3423 = CARTESIAN_POINT ( 'NONE',  ( 0.08999999999999999667, 1.200000000000000178, 0.3250000000000002331 ) ) ;
#3424 = DIRECTION ( 'NONE',  ( 1.000000000000000000, 0.000000000000000000, 0.000000000000000000 ) ) ;
#3425 = CARTESIAN_POINT ( 'NONE',  ( 0.7800000000000001377, 1.399999999999998357, 0.9000000000000002442 ) ) ;
#3426 = ORIENTED_EDGE ( 'NONE', *, *, #561, .F. ) ;
#3427 = ORIENTED_EDGE ( 'NONE', *, *, #2693, .T. ) ;
#3428 = ORIENTED_EDGE ( 'NONE', *, *, #860, .F. ) ;
#3429 = EDGE_CURVE ( 'NONE', #1629, #1019, #205, .T. ) ;
#3430 = LINE ( 'NONE', #316, #2580 ) ;
#3431 = CARTESIAN_POINT ( 'NONE',  ( 0.08999999999999999667, 0.8249999999999995115, -0.7000000000000000666 ) ) ;
#3432 = VERTEX_POINT ( 'NONE', #2021 ) ;
#3433 = DIRECTION ( 'NONE',  ( 0.000000000000000000, 1.000000000000000000, 0.000000000000000000 ) ) ;
#3434 = PRESENTATION_LAYER_ASSIGNMENT (  '', '', ( #895 ) ) ;
#3435 = ORIENTED_EDGE ( 'NONE', *, *, #2395, .T. ) ;
#3436 = EDGE_CURVE ( 'NONE', #3481, #2528, #2322, .T. ) ;
#3437 = VECTOR ( 'NONE', #1512, 1000.000000000000000 ) ;
#3438 = LINE ( 'NONE', #2805, #1392 ) ;
#3440 = CARTESIAN_POINT ( 'NONE',  ( 1.080000000000000071, -1.200000000000000622, 0.6999999999999998446 ) ) ;
#3439 = VECTOR ( 'NONE', #1550, 1000.000000000000000 ) ;
#3441 = CARTESIAN_POINT ( 'NONE',  ( 0.000000000000000000, -0.3250000000000003997, -0.7000000000000000666 ) ) ;
#3442 = AXIS2_PLACEMENT_3D ( 'NONE', #36, #3169, #739 ) ;
#3443 = SURFACE_SIDE_STYLE ('',( #1345 ) ) ;
#3444 = VECTOR ( 'NONE', #140, 1000.000000000000114 ) ;
#3445 = CARTESIAN_POINT ( 'NONE',  ( 0.08999999999999999667, -1.849999999999999201, 0.3250000000000001221 ) ) ;
#3446 = CIRCLE ( 'NONE', #1127, 0.3999999999999999667 ) ;
#3447 = ADVANCED_FACE ( 'NONE', ( #1307 ), #3596, .F. ) ;
#3448 = CARTESIAN_POINT ( 'NONE',  ( 0.08999999999999999667, 0.000000000000000000, 0.000000000000000000 ) ) ;
#3449 = UNCERTAINTY_MEASURE_WITH_UNIT (LENGTH_MEASURE( 1.000000000000000082E-05 ), #894, 'distance_accuracy_value', 'NONE');
#3450 = VECTOR ( 'NONE', #2722, 1000.000000000000000 ) ;
#3451 = SURFACE_STYLE_USAGE ( .BOTH. , #2683 ) ;
#3452 = EDGE_CURVE ( 'NONE', #3322, #4355, #563, .T. ) ;
#3453 = ORIENTED_EDGE ( 'NONE', *, *, #2733, .T. ) ;
#3454 = DIRECTION ( 'NONE',  ( 0.000000000000000000, 0.000000000000000000, 1.000000000000000000 ) ) ;
#3455 = VERTEX_POINT ( 'NONE', #4456 ) ;
#3456 = ORIENTED_EDGE ( 'NONE', *, *, #3411, .T. ) ;
#3457 =( NAMED_UNIT ( * ) PLANE_ANGLE_UNIT ( ) SI_UNIT ( $, .RADIAN. ) );
#3458 = CIRCLE ( 'NONE', #3163, 0.2999999999999999334 ) ;
#3459 = LINE ( 'NONE', #680, #4373 ) ;
#3460 = VERTEX_POINT ( 'NONE', #218 ) ;
#3461 = CARTESIAN_POINT ( 'NONE',  ( 0.000000000000000000, -1.475000000000000089, 1.350000000000000533 ) ) ;
#3462 = EDGE_LOOP ( 'NONE', ( #4379, #3674, #2666, #4162 ) ) ;
#3463 = CARTESIAN_POINT ( 'NONE',  ( 0.2300000000000000100, 2.000000000000000444, 1.500000000000000222 ) ) ;
#3464 = PRESENTATION_LAYER_ASSIGNMENT (  '', '', ( #1988 ) ) ;
#3465 = STYLED_ITEM ( 'NONE', ( #787 ), #31 ) ;
#3466 = CARTESIAN_POINT ( 'NONE',  ( 1.080000000000000071, 0.2999999999999996003, 0.6999999999999992895 ) ) ;
#3467 = PRESENTATION_LAYER_ASSIGNMENT (  '', '', ( #2521 ) ) ;
#3468 = DIRECTION ( 'NONE',  ( -1.000000000000000000, -0.000000000000000000, -0.000000000000000000 ) ) ;
#3469 = ORIENTED_EDGE ( 'NONE', *, *, #2070, .T. ) ;
#3470 = MECHANICAL_DESIGN_GEOMETRIC_PRESENTATION_REPRESENTATION (  '', ( #3540 ), #2869 ) ;
#3471 = SURFACE_STYLE_USAGE ( .BOTH. , #2094 ) ;
#3472 = DIRECTION ( 'NONE',  ( 1.000000000000000000, 1.084202172485503961E-14, 0.000000000000000000 ) ) ;
#3473 = ADVANCED_FACE ( 'NONE', ( #3381 ), #2304, .T. ) ;
#3474 = EDGE_CURVE ( 'NONE', #2175, #4443, #3744, .T. ) ;
#3475 = ORIENTED_EDGE ( 'NONE', *, *, #3016, .T. ) ;
#3476 = ORIENTED_EDGE ( 'NONE', *, *, #492, .F. ) ;
#3477 = DIRECTION ( 'NONE',  ( 0.000000000000000000, 1.668003342285392044E-16, 1.000000000000000000 ) ) ;
#3478 = DIRECTION ( 'NONE',  ( 1.000000000000000000, -0.000000000000000000, -0.000000000000000000 ) ) ;
#3479 = ORIENTED_EDGE ( 'NONE', *, *, #676, .T. ) ;
#3480 = CARTESIAN_POINT ( 'NONE',  ( 0.000000000000000000, 1.474999999999999423, 0.7000000000000003997 ) ) ;
#3481 = VERTEX_POINT ( 'NONE', #4069 ) ;
#3482 = ORIENTED_EDGE ( 'NONE', *, *, #1610, .F. ) ;
#3483 = CARTESIAN_POINT ( 'NONE',  ( 0.7800000000000001377, 1.399999999999997469, -1.200000000000000178 ) ) ;
#3484 = DIRECTION ( 'NONE',  ( 0.000000000000000000, 0.000000000000000000, 1.000000000000000000 ) ) ;
#3485 =( LENGTH_UNIT ( ) NAMED_UNIT ( * ) SI_UNIT ( .MILLI., .METRE. ) );
#3486 = CARTESIAN_POINT ( 'NONE',  ( 0.3300000000000000155, 1.399999999999997691, 1.300000000000000266 ) ) ;
#3487 = EDGE_CURVE ( 'NONE', #910, #1962, #942, .T. ) ;
#3488 = LINE ( 'NONE', #377, #2126 ) ;
#3489 = CARTESIAN_POINT ( 'NONE',  ( 0.3300000000000000155, 1.800000000000000488, 0.8999999999999973577 ) ) ;
#3490 = SURFACE_SIDE_STYLE ('',( #1062 ) ) ;
#3491 =( NAMED_UNIT ( * ) PLANE_ANGLE_UNIT ( ) SI_UNIT ( $, .RADIAN. ) );
#3492 = UNCERTAINTY_MEASURE_WITH_UNIT (LENGTH_MEASURE( 1.000000000000000082E-05 ), #2652, 'distance_accuracy_value', 'NONE');
#3493 = CARTESIAN_POINT ( 'NONE',  ( 0.000000000000000000, 0.8249999999999997335, -1.350000000000000089 ) ) ;
#3494 = DIRECTION ( 'NONE',  ( 0.000000000000000000, -0.000000000000000000, 1.000000000000000000 ) ) ;
#3495 = VERTEX_POINT ( 'NONE', #261 ) ;
#3496 = ORIENTED_EDGE ( 'NONE', *, *, #4263, .T. ) ;
#3497 = CARTESIAN_POINT ( 'NONE',  ( 0.000000000000000000, -1.475000000000000311, 0.7000000000000005107 ) ) ;
#3498 = LINE ( 'NONE', #3798, #4446 ) ;
#3499 = EDGE_CURVE ( 'NONE', #312, #67, #3026, .T. ) ;
#3500 = VERTEX_POINT ( 'NONE', #3864 ) ;
#3501 = EDGE_LOOP ( 'NONE', ( #2900, #1333, #2804, #2223 ) ) ;
#3502 = ORIENTED_EDGE ( 'NONE', *, *, #4307, .T. ) ;
#3503 = UNCERTAINTY_MEASURE_WITH_UNIT (LENGTH_MEASURE( 1.000000000000000082E-05 ), #3485, 'distance_accuracy_value', 'NONE');
#3504 = DIRECTION ( 'NONE',  ( -0.000000000000000000, -0.000000000000000000, -1.000000000000000000 ) ) ;
#3505 = DIRECTION ( 'NONE',  ( 0.000000000000000000, -1.000000000000000000, -0.000000000000000000 ) ) ;
#3506 = EDGE_CURVE ( 'NONE', #1625, #1066, #2040, .T. ) ;
#3507 = DIRECTION ( 'NONE',  ( -1.000000000000000000, -0.000000000000000000, -0.000000000000000000 ) ) ;
#3508 = VERTEX_POINT ( 'NONE', #2061 ) ;
#3509 = STYLED_ITEM ( 'NONE', ( #11 ), #3906 ) ;
#3510 = LINE ( 'NONE', #2741, #4102 ) ;
#3511 =( NAMED_UNIT ( * ) PLANE_ANGLE_UNIT ( ) SI_UNIT ( $, .RADIAN. ) );
#3512 = DIRECTION ( 'NONE',  ( 0.000000000000000000, 0.000000000000000000, -1.000000000000000000 ) ) ;
#3513 = CIRCLE ( 'NONE', #1685, 0.1000000000000000472 ) ;
#3514 = EDGE_CURVE ( 'NONE', #348, #1499, #2391, .T. ) ;
#3515 = AXIS2_PLACEMENT_3D ( 'NONE', #2161, #459, #4276 ) ;
#3516 = FACE_BOUND ( 'NONE', #674, .T. ) ;
#3517 = CARTESIAN_POINT ( 'NONE',  ( 1.080000000000000071, 0.1999999999999990119, -0.8000000000000001554 ) ) ;
#3518 = LINE ( 'NONE', #2838, #4197 ) ;
#3519 = ORIENTED_EDGE ( 'NONE', *, *, #1610, .T. ) ;
#3520 = ORIENTED_EDGE ( 'NONE', *, *, #4263, .F. ) ;
#3521 = SURFACE_STYLE_USAGE ( .BOTH. , #3944 ) ;
#3522 = DIRECTION ( 'NONE',  ( 0.000000000000000000, -3.336006684570783101E-16, 1.000000000000000000 ) ) ;
#3523 = ORIENTED_EDGE ( 'NONE', *, *, #3717, .T. ) ;
#3524 = VERTEX_POINT ( 'NONE', #2811 ) ;
#3525 = ORIENTED_EDGE ( 'NONE', *, *, #2625, .T. ) ;
#3526 = DIRECTION ( 'NONE',  ( -1.000000000000000000, -0.000000000000000000, -0.000000000000000000 ) ) ;
#3527 = CARTESIAN_POINT ( 'NONE',  ( 0.3300000000000000155, -1.400000000000000799, -0.9000000000000002442 ) ) ;
#3528 = CARTESIAN_POINT ( 'NONE',  ( 0.4300000000000000488, 1.399999999999998357, 1.200000000000000178 ) ) ;
#3529 = DIRECTION ( 'NONE',  ( -0.000000000000000000, -0.000000000000000000, -1.000000000000000000 ) ) ;
#3530 = ORIENTED_EDGE ( 'NONE', *, *, #2225, .F. ) ;
#3531 = AXIS2_PLACEMENT_3D ( 'NONE', #3313, #465, #139 ) ;
#3532 = FILL_AREA_STYLE_COLOUR ( '', #2445 ) ;
#3533 = VECTOR ( 'NONE', #2055, 1000.000000000000000 ) ;
#3534 =( LENGTH_UNIT ( ) NAMED_UNIT ( * ) SI_UNIT ( .MILLI., .METRE. ) );
#3535 = CIRCLE ( 'NONE', #1354, 0.3999999999999999667 ) ;
#3536 = LINE ( 'NONE', #3070, #3064 ) ;
#3537 = UNCERTAINTY_MEASURE_WITH_UNIT (LENGTH_MEASURE( 1.000000000000000082E-05 ), #1281, 'distance_accuracy_value', 'NONE');
#3538 = CLOSED_SHELL ( 'NONE', ( #3207, #2611, #177, #1887, #3932, #1017, #423 ) ) ;
#3539 = VECTOR ( 'NONE', #1456, 1000.000000000000000 ) ;
#3540 = STYLED_ITEM ( 'NONE', ( #642 ), #2857 ) ;
#3541 = FACE_OUTER_BOUND ( 'NONE', #651, .T. ) ;
#3542 = FACE_OUTER_BOUND ( 'NONE', #2876, .T. ) ;
#3543 = VECTOR ( 'NONE', #4273, 1000.000000000000000 ) ;
#3544 = EDGE_LOOP ( 'NONE', ( #4191, #1339, #1775, #797 ) ) ;
#3545 = CARTESIAN_POINT ( 'NONE',  ( 0.2300000000000000100, 2.000000000000000444, -1.499999999999999778 ) ) ;
#3546 = ORIENTED_EDGE ( 'NONE', *, *, #1139, .F. ) ;
#3547 = EDGE_CURVE ( 'NONE', #402, #1935, #3789, .T. ) ;
#3548 = AXIS2_PLACEMENT_3D ( 'NONE', #2955, #4452, #4434 ) ;
#3549 = CYLINDRICAL_SURFACE ( 'NONE', #3937, 0.1000000000000000472 ) ;
#3550 = FACE_OUTER_BOUND ( 'NONE', #1003, .T. ) ;
#3551 = VERTEX_POINT ( 'NONE', #1681 ) ;
#3552 = ORIENTED_EDGE ( 'NONE', *, *, #824, .F. ) ;
#3553 = VERTEX_POINT ( 'NONE', #692 ) ;
#3554 = DIRECTION ( 'NONE',  ( -1.000000000000000000, -0.000000000000000000, -0.000000000000000000 ) ) ;
#3555 =( NAMED_UNIT ( * ) SI_UNIT ( $, .STERADIAN. ) SOLID_ANGLE_UNIT ( ) );
#3556 = FILL_AREA_STYLE_COLOUR ( '', #464 ) ;
#3557 = EDGE_CURVE ( 'NONE', #3931, #1163, #2136, .T. ) ;
#3558 = CARTESIAN_POINT ( 'NONE',  ( 0.000000000000000000, 0.3249999999999995670, 0.7000000000000003997 ) ) ;
#3559 = ORIENTED_EDGE ( 'NONE', *, *, #486, .F. ) ;
#3560 = DIRECTION ( 'NONE',  ( -0.000000000000000000, -0.000000000000000000, -1.000000000000000000 ) ) ;
#3561 = DIRECTION ( 'NONE',  ( 1.000000000000000000, 0.000000000000000000, -0.000000000000000000 ) ) ;
#3562 = LINE ( 'NONE', #4000, #2920 ) ;
#3563 = EDGE_CURVE ( 'NONE', #2075, #346, #3815, .T. ) ;
#3564 = LINE ( 'NONE', #4342, #1050 ) ;
#3565 = VECTOR ( 'NONE', #2756, 1000.000000000000000 ) ;
#3566 = PLANE ( 'NONE',  #2708 ) ;
#3567 = DIRECTION ( 'NONE',  ( 0.000000000000000000, -8.340016711426960219E-17, 1.000000000000000000 ) ) ;
#3568 = LINE ( 'NONE', #3663, #560 ) ;
#3569 = PLANE ( 'NONE',  #4007 ) ;
#3570 = DIRECTION ( 'NONE',  ( 0.000000000000000000, -0.000000000000000000, 1.000000000000000000 ) ) ;
#3571 = EDGE_LOOP ( 'NONE', ( #968, #70, #3211, #271 ) ) ;
#3572 = EDGE_CURVE ( 'NONE', #4077, #470, #17, .T. ) ;
#3573 = ORIENTED_EDGE ( 'NONE', *, *, #3407, .F. ) ;
#3574 = EDGE_LOOP ( 'NONE', ( #1532, #1271, #1667, #1498 ) ) ;
#3575 = DIRECTION ( 'NONE',  ( 0.000000000000000000, 7.744301232039326542E-17, -1.000000000000000000 ) ) ;
#3576 = CYLINDRICAL_SURFACE ( 'NONE', #57, 0.1000000000000000472 ) ;
#3577 = SURFACE_STYLE_USAGE ( .BOTH. , #3260 ) ;
#3578 = FACE_OUTER_BOUND ( 'NONE', #1799, .T. ) ;
#3579 = ADVANCED_FACE ( 'NONE', ( #2485 ), #1033, .F. ) ;
#3580 = DIRECTION ( 'NONE',  ( 0.000000000000000000, 0.000000000000000000, -1.000000000000000000 ) ) ;
#3581 = ORIENTED_EDGE ( 'NONE', *, *, #1482, .T. ) ;
#3582 = FILL_AREA_STYLE_COLOUR ( '', #2448 ) ;
#3583 = PLANE ( 'NONE',  #681 ) ;
#3584 = DIRECTION ( 'NONE',  ( -1.000000000000000000, -0.000000000000000000, -0.000000000000000000 ) ) ;
#3585 = UNCERTAINTY_MEASURE_WITH_UNIT (LENGTH_MEASURE( 1.000000000000000082E-05 ), #2815, 'distance_accuracy_value', 'NONE');
#3586 = COLOUR_RGB ( '',0.1098039215686274495, 0.1098039215686274495, 0.1098039215686274495 ) ;
#3587 = ADVANCED_FACE ( 'NONE', ( #4135 ), #3138, .F. ) ;
#3588 = DIRECTION ( 'NONE',  ( 1.000000000000000000, -0.000000000000000000, 0.000000000000000000 ) ) ;
#3589 = LINE ( 'NONE', #2538, #708 ) ;
#3590 = LINE ( 'NONE', #162, #1611 ) ;
#3591 = VECTOR ( 'NONE', #4003, 1000.000000000000000 ) ;
#3592 = ORIENTED_EDGE ( 'NONE', *, *, #1930, .T. ) ;
#3593 = DIRECTION ( 'NONE',  ( 1.000000000000000000, -0.000000000000000000, -0.000000000000000000 ) ) ;
#3594 = ORIENTED_EDGE ( 'NONE', *, *, #1059, .T. ) ;
#3595 = VECTOR ( 'NONE', #3190, 1000.000000000000000 ) ;
#3596 = TOROIDAL_SURFACE ( 'NONE', #905, 0.3999999999999999112, 0.1000000000000000056 ) ;
#3597 = DIRECTION ( 'NONE',  ( 0.000000000000000000, 0.000000000000000000, 1.000000000000000000 ) ) ;
#3598 = STYLED_ITEM ( 'NONE', ( #2236 ), #1161 ) ;
#3599 = DIRECTION ( 'NONE',  ( 0.000000000000000000, -1.000000000000000000, -3.336006684570784088E-16 ) ) ;
#3600 = ORIENTED_EDGE ( 'NONE', *, *, #3315, .T. ) ;
#3601 = ORIENTED_EDGE ( 'NONE', *, *, #2814, .F. ) ;
#3602 = ORIENTED_EDGE ( 'NONE', *, *, #4229, .F. ) ;
#3603 = VECTOR ( 'NONE', #646, 1000.000000000000000 ) ;
#3604 = SPHERICAL_SURFACE ( 'NONE', #3886, 0.2999999999999999889 ) ;
#3605 = CARTESIAN_POINT ( 'NONE',  ( -0.000000000000000000, -0.8250000000000003997, 1.350000000000000533 ) ) ;
#3606 = ORIENTED_EDGE ( 'NONE', *, *, #2442, .F. ) ;
#3607 = SURFACE_SIDE_STYLE ('',( #4337 ) ) ;
#3608 = FACE_OUTER_BOUND ( 'NONE', #323, .T. ) ;
#3609 = DIRECTION ( 'NONE',  ( 0.000000000000000000, -0.7071067811865474617, 0.7071067811865474617 ) ) ;
#3610 = STYLED_ITEM ( 'NONE', ( #311 ), #331 ) ;
#3611 = LINE ( 'NONE', #4277, #4397 ) ;
#3612 = CARTESIAN_POINT ( 'NONE',  ( 1.080000000000000071, -1.400000000000000799, 0.9000000000000002442 ) ) ;
#3613 =( GEOMETRIC_REPRESENTATION_CONTEXT ( 3 ) GLOBAL_UNCERTAINTY_ASSIGNED_CONTEXT ( ( #3866 ) ) GLOBAL_UNIT_ASSIGNED_CONTEXT ( ( #2357, #2711, #4449 ) ) REPRESENTATION_CONTEXT ( 'NONE', 'WORKASPACE' ) );
#3614 = AXIS2_PLACEMENT_3D ( 'NONE', #1372, #3494, #366 ) ;
#3615 = CARTESIAN_POINT ( 'NONE',  ( 0.2300000000000000100, -1.399999999999998135, -1.300000000000000266 ) ) ;
#3616 = LINE ( 'NONE', #502, #3251 ) ;
#3617 = DIRECTION ( 'NONE',  ( 0.000000000000000000, 0.000000000000000000, -1.000000000000000000 ) ) ;
#3618 = FACE_OUTER_BOUND ( 'NONE', #4354, .T. ) ;
#3619 = CLOSED_SHELL ( 'NONE', ( #2234, #524, #2464, #816, #1937, #2067 ) ) ;
#3620 = PRESENTATION_LAYER_ASSIGNMENT (  '', '', ( #1780 ) ) ;
#3621 = VERTEX_POINT ( 'NONE', #2792 ) ;
#3622 = EDGE_CURVE ( 'NONE', #406, #74, #4028, .T. ) ;
#3623 = VECTOR ( 'NONE', #3939, 1000.000000000000000 ) ;
#3624 =( NAMED_UNIT ( * ) SI_UNIT ( $, .STERADIAN. ) SOLID_ANGLE_UNIT ( ) );
#3625 = MECHANICAL_DESIGN_GEOMETRIC_PRESENTATION_REPRESENTATION (  '', ( #138 ), #1432 ) ;
#3626 = CARTESIAN_POINT ( 'NONE',  ( 0.08999999999999999667, -0.3250000000000003997, 0.7000000000000005107 ) ) ;
#3627 = EDGE_CURVE ( 'NONE', #509, #3990, #2462, .T. ) ;
#3628 = VECTOR ( 'NONE', #3014, 1000.000000000000000 ) ;
#3629 = PLANE ( 'NONE',  #1454 ) ;
#3630 = ORIENTED_EDGE ( 'NONE', *, *, #190, .T. ) ;
#3631 = ORIENTED_EDGE ( 'NONE', *, *, #4399, .T. ) ;
#3632 = ORIENTED_EDGE ( 'NONE', *, *, #614, .F. ) ;
#3633 = EDGE_CURVE ( 'NONE', #2310, #2549, #3536, .T. ) ;
#3634 = FACE_OUTER_BOUND ( 'NONE', #1472, .T. ) ;
#3635 = ORIENTED_EDGE ( 'NONE', *, *, #4458, .F. ) ;
#3636 = DIRECTION ( 'NONE',  ( 0.000000000000000000, 1.000000000000000000, 0.000000000000000000 ) ) ;
#3637 = CARTESIAN_POINT ( 'NONE',  ( 0.08999999999999999667, -0.3250000000000001776, -1.350000000000000089 ) ) ;
#3638 = DIRECTION ( 'NONE',  ( -1.000000000000000000, -0.000000000000000000, -0.000000000000000000 ) ) ;
#3639 = FACE_OUTER_BOUND ( 'NONE', #1712, .T. ) ;
#3640 = EDGE_CURVE ( 'NONE', #1629, #2730, #2723, .T. ) ;
#3641 = CARTESIAN_POINT ( 'NONE',  ( 0.08999999999999999667, 0.000000000000000000, 0.000000000000000000 ) ) ;
#3642 = PLANE ( 'NONE',  #315 ) ;
#3643 = LINE ( 'NONE', #1846, #4025 ) ;
#3644 = PLANE ( 'NONE',  #777 ) ;
#3645 = ADVANCED_FACE ( 'NONE', ( #4315 ), #1129, .F. ) ;
#3646 =( NAMED_UNIT ( * ) PLANE_ANGLE_UNIT ( ) SI_UNIT ( $, .RADIAN. ) );
#3647 = CARTESIAN_POINT ( 'NONE',  ( 0.3300000000000000155, 1.400000000000000355, 0.9000000000000002442 ) ) ;
#3648 = AXIS2_PLACEMENT_3D ( 'NONE', #1738, #3035, #3082 ) ;
#3649 = ORIENTED_EDGE ( 'NONE', *, *, #3436, .T. ) ;
#3650 = ORIENTED_EDGE ( 'NONE', *, *, #1488, .T. ) ;
#3651 = ORIENTED_EDGE ( 'NONE', *, *, #2561, .F. ) ;
#3652 = EDGE_CURVE ( 'NONE', #505, #2309, #2991, .T. ) ;
#3653 = CARTESIAN_POINT ( 'NONE',  ( 0.000000000000000000, 1.850000000000000089, 0.3250000000000001221 ) ) ;
#3654 = LINE ( 'NONE', #1903, #991 ) ;
#3655 = DIRECTION ( 'NONE',  ( 0.000000000000000000, 1.000000000000000000, 1.668003342285391551E-16 ) ) ;
#3656 = EDGE_CURVE ( 'NONE', #4426, #2266, #1795, .T. ) ;
#3657 = CARTESIAN_POINT ( 'NONE',  ( 1.080000000000000071, 1.400000000000000355, 0.9000000000000002442 ) ) ;
#3658 = DIRECTION ( 'NONE',  ( 1.000000000000000000, 0.000000000000000000, 0.000000000000000000 ) ) ;
#3659 = DIRECTION ( 'NONE',  ( 0.000000000000000000, -1.668003342285392044E-16, -1.000000000000000000 ) ) ;
#3660 = LINE ( 'NONE', #1135, #3591 ) ;
#3661 = VECTOR ( 'NONE', #1766, 1000.000000000000000 ) ;
#3662 = VERTEX_POINT ( 'NONE', #803 ) ;
#3663 = CARTESIAN_POINT ( 'NONE',  ( 0.000000000000000000, -1.475000000000000089, 1.350000000000000533 ) ) ;
#3664 = VECTOR ( 'NONE', #1102, 1000.000000000000000 ) ;
#3665 = CARTESIAN_POINT ( 'NONE',  ( 0.4300000000000000488, -1.399999999999998801, -1.200000000000000178 ) ) ;
#3666 = MECHANICAL_DESIGN_GEOMETRIC_PRESENTATION_REPRESENTATION (  '', ( #2698 ), #2201 ) ;
#3667 = ORIENTED_EDGE ( 'NONE', *, *, #533, .T. ) ;
#3668 = ORIENTED_EDGE ( 'NONE', *, *, #3238, .F. ) ;
#3669 = CIRCLE ( 'NONE', #4252, 0.2999999999999999334 ) ;
#3670 = VERTEX_POINT ( 'NONE', #1817 ) ;
#3671 = AXIS2_PLACEMENT_3D ( 'NONE', #170, #1539, #3575 ) ;
#3672 = MECHANICAL_DESIGN_GEOMETRIC_PRESENTATION_REPRESENTATION (  '', ( #2048 ), #1902 ) ;
#3673 = CARTESIAN_POINT ( 'NONE',  ( 0.000000000000000000, 0.3249999999999995670, 1.350000000000000533 ) ) ;
#3674 = ORIENTED_EDGE ( 'NONE', *, *, #383, .F. ) ;
#3675 =( LENGTH_UNIT ( ) NAMED_UNIT ( * ) SI_UNIT ( .MILLI., .METRE. ) );
#3676 = LINE ( 'NONE', #132, #2656 ) ;
#3677 = CARTESIAN_POINT ( 'NONE',  ( 0.000000000000000000, -0.8250000000000003997, -0.6999999999999999556 ) ) ;
#3678 =( NAMED_UNIT ( * ) PLANE_ANGLE_UNIT ( ) SI_UNIT ( $, .RADIAN. ) );
#3679 = CARTESIAN_POINT ( 'NONE',  ( 0.08999999999999999667, 0.8249999999999995115, 0.7000000000000005107 ) ) ;
#3680 = VECTOR ( 'NONE', #4418, 1000.000000000000000 ) ;
#3681 = CARTESIAN_POINT ( 'NONE',  ( 0.000000000000000000, -0.3250000000000001776, -1.350000000000000089 ) ) ;
#3682 = CARTESIAN_POINT ( 'NONE',  ( 0.000000000000000000, -1.849999999999999201, -0.3249999999999998446 ) ) ;
#3683 = AXIS2_PLACEMENT_3D ( 'NONE', #2238, #2910, #4319 ) ;
#3684 = COLOUR_RGB ( '',0.1098039215686274495, 0.1098039215686274495, 0.1098039215686274495 ) ;
#3685 = DIRECTION ( 'NONE',  ( 0.000000000000000000, -1.000000000000000000, 1.668003342285391551E-16 ) ) ;
#3686 = COLOUR_RGB ( '',0.1098039215686274495, 0.1098039215686274495, 0.1098039215686274495 ) ;
#3687 = ORIENTED_EDGE ( 'NONE', *, *, #4030, .T. ) ;
#3688 = EDGE_LOOP ( 'NONE', ( #146, #1208, #1356, #591 ) ) ;
#3689 = ORIENTED_EDGE ( 'NONE', *, *, #2092, .T. ) ;
#3690 = ADVANCED_FACE ( 'NONE', ( #1198 ), #3583, .F. ) ;
#3691 = COLOUR_RGB ( '',0.1098039215686274495, 0.1098039215686274495, 0.1098039215686274495 ) ;
#3692 = DIRECTION ( 'NONE',  ( 1.000000000000000000, 0.000000000000000000, -0.000000000000000000 ) ) ;
#3693 = VERTEX_POINT ( 'NONE', #517 ) ;
#3694 = CARTESIAN_POINT ( 'NONE',  ( 0.08999999999999999667, -1.475000000000000089, 1.350000000000000533 ) ) ;
#3695 = SURFACE_STYLE_USAGE ( .BOTH. , #1239 ) ;
#3696 = LINE ( 'NONE', #3312, #143 ) ;
#3697 = DIRECTION ( 'NONE',  ( 0.000000000000000000, 0.000000000000000000, 1.000000000000000000 ) ) ;
#3698 = CARTESIAN_POINT ( 'NONE',  ( 0.000000000000000000, -0.3250000000000001776, 1.350000000000000533 ) ) ;
#3699 = CARTESIAN_POINT ( 'NONE',  ( 0.7800000000000001377, 1.400000000000000355, 0.9000000000000002442 ) ) ;
#3700 =( LENGTH_UNIT ( ) NAMED_UNIT ( * ) SI_UNIT ( .MILLI., .METRE. ) );
#3701 = CARTESIAN_POINT ( 'NONE',  ( 0.000000000000000000, 1.200000000000000178, -0.3249999999999997891 ) ) ;
#3702 = EDGE_CURVE ( 'NONE', #557, #2593, #1460, .T. ) ;
#3703 = LINE ( 'NONE', #3682, #206 ) ;
#3704 = CARTESIAN_POINT ( 'NONE',  ( 1.169999999999999929, -1.199999999999999956, -0.8000000000000001554 ) ) ;
#3705 = EDGE_CURVE ( 'NONE', #4462, #3005, #3738, .T. ) ;
#3706 = ORIENTED_EDGE ( 'NONE', *, *, #1059, .F. ) ;
#3707 = VERTEX_POINT ( 'NONE', #3264 ) ;
#3708 = ORIENTED_EDGE ( 'NONE', *, *, #1419, .F. ) ;
#3709 = EDGE_CURVE ( 'NONE', #148, #312, #106, .T. ) ;
#3710 = VECTOR ( 'NONE', #727, 1000.000000000000000 ) ;
#3711 = EDGE_CURVE ( 'NONE', #3301, #4125, #1200, .T. ) ;
#3712 = DIRECTION ( 'NONE',  ( 0.000000000000000000, 0.000000000000000000, 1.000000000000000000 ) ) ;
#3713 = ORIENTED_EDGE ( 'NONE', *, *, #1099, .T. ) ;
#3714 = DIRECTION ( 'NONE',  ( 0.000000000000000000, 0.000000000000000000, -1.000000000000000000 ) ) ;
#3715 = ORIENTED_EDGE ( 'NONE', *, *, #2737, .F. ) ;
#3716 = FILL_AREA_STYLE ('',( #2633 ) ) ;
#3717 = EDGE_CURVE ( 'NONE', #320, #4462, #2513, .T. ) ;
#3718 = EDGE_CURVE ( 'NONE', #3707, #4077, #1761, .T. ) ;
#3719 = DIRECTION ( 'NONE',  ( 0.000000000000000000, 0.000000000000000000, 1.000000000000000000 ) ) ;
#3720 = PLANE ( 'NONE',  #4132 ) ;
#3721 = DIRECTION ( 'NONE',  ( 0.000000000000000000, -6.505213034913028182E-15, 1.000000000000000000 ) ) ;
#3722 = DIRECTION ( 'NONE',  ( 0.000000000000000000, 1.000000000000000000, 1.668003342285391551E-16 ) ) ;
#3723 = CARTESIAN_POINT ( 'NONE',  ( 1.080000000000000071, -1.300000000000000488, 0.6999999999999992895 ) ) ;
#3724 = DIRECTION ( 'NONE',  ( 0.000000000000000000, 3.336006684570784088E-16, 1.000000000000000000 ) ) ;
#3725 = EDGE_CURVE ( 'NONE', #2230, #1598, #3562, .T. ) ;
#3726 = ORIENTED_EDGE ( 'NONE', *, *, #4226, .F. ) ;
#3727 = ORIENTED_EDGE ( 'NONE', *, *, #1202, .F. ) ;
#3728 = ORIENTED_EDGE ( 'NONE', *, *, #3924, .T. ) ;
#3729 = VECTOR ( 'NONE', #232, 1000.000000000000000 ) ;
#3730 = CARTESIAN_POINT ( 'NONE',  ( 0.7800000000000001377, 1.399999999999998357, 1.200000000000000178 ) ) ;
#3731 = SURFACE_STYLE_USAGE ( .BOTH. , #4014 ) ;
#3732 = VECTOR ( 'NONE', #2932, 1000.000000000000000 ) ;
#3733 = ORIENTED_EDGE ( 'NONE', *, *, #4049, .T. ) ;
#3734 = PLANE ( 'NONE',  #129 ) ;
#3735 = VERTEX_POINT ( 'NONE', #879 ) ;
#3736 = DIRECTION ( 'NONE',  ( 1.000000000000000000, -0.000000000000000000, -0.000000000000000000 ) ) ;
#3737 = COLOUR_RGB ( '',0.1098039215686274495, 0.1098039215686274495, 0.1098039215686274495 ) ;
#3738 = CIRCLE ( 'NONE', #967, 0.1000000000000000472 ) ;
#3739 = CARTESIAN_POINT ( 'NONE',  ( 1.169999999999999929, 0.2999999999999996003, 0.6999999999999992895 ) ) ;
#3740 = FILL_AREA_STYLE ('',( #958 ) ) ;
#3741 = CARTESIAN_POINT ( 'NONE',  ( 1.080000000000000071, 1.399999999999997469, -1.200000000000000178 ) ) ;
#3742 = FACE_OUTER_BOUND ( 'NONE', #3989, .T. ) ;
#3743 = AXIS2_PLACEMENT_3D ( 'NONE', #949, #2400, #4445 ) ;
#3744 = LINE ( 'NONE', #3354, #1478 ) ;
#3745 = LINE ( 'NONE', #2999, #1052 ) ;
#3746 = ADVANCED_FACE ( 'NONE', ( #3914 ), #785, .F. ) ;
#3747 = FACE_OUTER_BOUND ( 'NONE', #1824, .T. ) ;
#3748 = EDGE_CURVE ( 'NONE', #2629, #3162, #439, .T. ) ;
#3749 = EDGE_LOOP ( 'NONE', ( #1380, #4219, #1563, #2820 ) ) ;
#3750 = ORIENTED_EDGE ( 'NONE', *, *, #1468, .T. ) ;
#3751 = EDGE_LOOP ( 'NONE', ( #297, #1936, #2074, #2781 ) ) ;
#3752 = EDGE_CURVE ( 'NONE', #406, #445, #3669, .T. ) ;
#3753 = VECTOR ( 'NONE', #3977, 1000.000000000000000 ) ;
#3754 = VECTOR ( 'NONE', #2861, 1000.000000000000000 ) ;
#3755 = CARTESIAN_POINT ( 'NONE',  ( 0.000000000000000000, -1.475000000000000089, -1.350000000000000089 ) ) ;
#3756 = ORIENTED_EDGE ( 'NONE', *, *, #3411, .F. ) ;
#3757 = ORIENTED_EDGE ( 'NONE', *, *, #1358, .T. ) ;
#3758 = PRESENTATION_LAYER_ASSIGNMENT (  '', '', ( #3918 ) ) ;
#3759 = SURFACE_STYLE_USAGE ( .BOTH. , #974 ) ;
#3760 = PRESENTATION_LAYER_ASSIGNMENT (  '', '', ( #713 ) ) ;
#3761 = COLOUR_RGB ( '',0.7921568627450980005, 0.8196078431372548767, 0.9333333333333333481 ) ;
#3762 = DIRECTION ( 'NONE',  ( 0.000000000000000000, 0.000000000000000000, 1.000000000000000000 ) ) ;
#3763 = CARTESIAN_POINT ( 'NONE',  ( 0.08999999999999999667, 1.474999999999999423, 1.150000000000000355 ) ) ;
#3764 = CARTESIAN_POINT ( 'NONE',  ( 0.3300000000000000155, 1.399999999999997691, 1.300000000000000266 ) ) ;
#3765 = FILL_AREA_STYLE_COLOUR ( '', #3304 ) ;
#3766 = LINE ( 'NONE', #4457, #4247 ) ;
#3767 = CARTESIAN_POINT ( 'NONE',  ( 0.000000000000000000, -0.8250000000000003997, -0.6999999999999999556 ) ) ;
#3768 = ADVANCED_FACE ( 'NONE', ( #1151 ), #2536, .F. ) ;
#3769 = SURFACE_SIDE_STYLE ('',( #1327 ) ) ;
#3770 = SURFACE_SIDE_STYLE ('',( #987 ) ) ;
#3771 = UNCERTAINTY_MEASURE_WITH_UNIT (LENGTH_MEASURE( 1.000000000000000082E-05 ), #3933, 'distance_accuracy_value', 'NONE');
#3772 = LINE ( 'NONE', #2726, #3004 ) ;
#3773 = EDGE_CURVE ( 'NONE', #3365, #1069, #4298, .T. ) ;
#3774 = ORIENTED_EDGE ( 'NONE', *, *, #2013, .F. ) ;
#3775 = VERTEX_POINT ( 'NONE', #2206 ) ;
#3776 = ORIENTED_EDGE ( 'NONE', *, *, #1261, .F. ) ;
#3777 = DIRECTION ( 'NONE',  ( 0.000000000000000000, 0.000000000000000000, 1.000000000000000000 ) ) ;
#3778 = LINE ( 'NONE', #3431, #1946 ) ;
#3779 = ORIENTED_EDGE ( 'NONE', *, *, #2630, .T. ) ;
#3780 = LINE ( 'NONE', #1299, #1852 ) ;
#3781 = ORIENTED_EDGE ( 'NONE', *, *, #3429, .T. ) ;
#3782 = DIRECTION ( 'NONE',  ( -0.000000000000000000, -1.000000000000000000, -0.000000000000000000 ) ) ;
#3783 = EDGE_CURVE ( 'NONE', #3990, #3524, #3446, .T. ) ;
#3784 = DIRECTION ( 'NONE',  ( 1.000000000000000000, 0.000000000000000000, 0.000000000000000000 ) ) ;
#3785 = DIRECTION ( 'NONE',  ( -1.000000000000000000, -0.000000000000000000, -0.000000000000000000 ) ) ;
#3786 = EDGE_CURVE ( 'NONE', #1557, #3931, #898, .T. ) ;
#3787 = LINE ( 'NONE', #3024, #541 ) ;
#3788 = CARTESIAN_POINT ( 'NONE',  ( 0.7800000000000001377, -1.399999999999999023, -1.200000000000000178 ) ) ;
#3789 = LINE ( 'NONE', #1730, #3893 ) ;
#3790 = FILL_AREA_STYLE_COLOUR ( '', #3761 ) ;
#3791 = DIRECTION ( 'NONE',  ( -1.000000000000000000, -0.000000000000000000, -0.000000000000000000 ) ) ;
#3792 = SURFACE_STYLE_USAGE ( .BOTH. , #2836 ) ;
#3793 = CARTESIAN_POINT ( 'NONE',  ( 0.000000000000000000, 1.200000000000000178, 0.3250000000000002331 ) ) ;
#3794 = SURFACE_STYLE_FILL_AREA ( #426 ) ;
#3795 = ORIENTED_EDGE ( 'NONE', *, *, #3487, .F. ) ;
#3796 = ORIENTED_EDGE ( 'NONE', *, *, #137, .F. ) ;
#3797 = CARTESIAN_POINT ( 'NONE',  ( 0.000000000000000000, 0.3249999999999995670, 1.350000000000000533 ) ) ;
#3798 = CARTESIAN_POINT ( 'NONE',  ( 0.08999999999999999667, 1.274999999999999467, 1.350000000000000533 ) ) ;
#3799 = EDGE_LOOP ( 'NONE', ( #3033, #3054, #4165, #1184, #1114 ) ) ;
#3800 =( GEOMETRIC_REPRESENTATION_CONTEXT ( 3 ) GLOBAL_UNCERTAINTY_ASSIGNED_CONTEXT ( ( #4469 ) ) GLOBAL_UNIT_ASSIGNED_CONTEXT ( ( #4294, #2901, #2530 ) ) REPRESENTATION_CONTEXT ( 'NONE', 'WORKASPACE' ) );
#3801 = VERTEX_POINT ( 'NONE', #3677 ) ;
#3802 = CARTESIAN_POINT ( 'NONE',  ( 0.3300000000000000155, 1.400000000000000355, 0.9000000000000002442 ) ) ;
#3803 = LINE ( 'NONE', #349, #499 ) ;
#3804 = VECTOR ( 'NONE', #903, 1000.000000000000000 ) ;
#3805 = CARTESIAN_POINT ( 'NONE',  ( 0.2300000000000000100, 0.000000000000000000, 0.000000000000000000 ) ) ;
#3806 =( LENGTH_UNIT ( ) NAMED_UNIT ( * ) SI_UNIT ( .MILLI., .METRE. ) );
#3808 = CYLINDRICAL_SURFACE ( 'NONE', #1302, 0.1000000000000000472 ) ;
#3807 = AXIS2_PLACEMENT_3D ( 'NONE', #3862, #737, #2511 ) ;
#3809 = SURFACE_STYLE_FILL_AREA ( #3740 ) ;
#3810 = AXIS2_PLACEMENT_3D ( 'NONE', #2235, #1176, #1889 ) ;
#3811 = VECTOR ( 'NONE', #3915, 1000.000000000000000 ) ;
#3812 = ADVANCED_FACE ( 'NONE', ( #3374 ), #2339, .T. ) ;
#3813 = DIRECTION ( 'NONE',  ( 0.000000000000000000, 1.000000000000000000, 1.668003342285391551E-16 ) ) ;
#3814 = VECTOR ( 'NONE', #3554, 1000.000000000000000 ) ;
#3815 = LINE ( 'NONE', #3116, #3073 ) ;
#3816 = PRESENTATION_STYLE_ASSIGNMENT (( #1441 ) ) ;
#3817 = FILL_AREA_STYLE ('',( #1035 ) ) ;
#3818 = FACE_BOUND ( 'NONE', #367, .T. ) ;
#3819 = CYLINDRICAL_SURFACE ( 'NONE', #4464, 0.2999999999999999334 ) ;
#3820 = ORIENTED_EDGE ( 'NONE', *, *, #492, .T. ) ;
#3821 = LINE ( 'NONE', #4157, #266 ) ;
#3822 = ORIENTED_EDGE ( 'NONE', *, *, #2013, .T. ) ;
#3823 = EDGE_LOOP ( 'NONE', ( #1583, #2710, #1294, #2493 ) ) ;
#3824 = CARTESIAN_POINT ( 'NONE',  ( 0.08999999999999999667, -1.475000000000000089, 1.350000000000000533 ) ) ;
#3825 = LINE ( 'NONE', #1695, #1310 ) ;
#3826 = ORIENTED_EDGE ( 'NONE', *, *, #4117, .T. ) ;
#3827 = ADVANCED_FACE ( 'NONE', ( #4038 ), #2316, .F. ) ;
#3828 = DIRECTION ( 'NONE',  ( -0.000000000000000000, -1.000000000000000000, 1.668003342285391551E-16 ) ) ;
#3829 = EDGE_LOOP ( 'NONE', ( #3649, #2757, #3079, #682 ) ) ;
#3830 = UNCERTAINTY_MEASURE_WITH_UNIT (LENGTH_MEASURE( 1.000000000000000082E-05 ), #1897, 'distance_accuracy_value', 'NONE');
#3831 = FACE_OUTER_BOUND ( 'NONE', #1960, .T. ) ;
#3832 = MECHANICAL_DESIGN_GEOMETRIC_PRESENTATION_REPRESENTATION (  '', ( #3152 ), #1418 ) ;
#3833 = CIRCLE ( 'NONE', #4272, 0.2342874139153912350 ) ;
#3834 = PRESENTATION_LAYER_ASSIGNMENT (  '', '', ( #4126 ) ) ;
#3835 = VECTOR ( 'NONE', #3240, 1000.000000000000000 ) ;
#3836 = CARTESIAN_POINT ( 'NONE',  ( 0.000000000000000000, -1.199999999999999289, -0.3249999999999997891 ) ) ;
#3837 = ORIENTED_EDGE ( 'NONE', *, *, #3105, .T. ) ;
#3838 = CARTESIAN_POINT ( 'NONE',  ( 0.4300000000000000488, 1.800000000000000488, -0.8999999999999981348 ) ) ;
#3839 = AXIS2_PLACEMENT_3D ( 'NONE', #3448, #19, #1091 ) ;
#3840 = STYLED_ITEM ( 'NONE', ( #3262 ), #2684 ) ;
#3841 = DIRECTION ( 'NONE',  ( 0.000000000000000000, -1.000000000000000000, 0.000000000000000000 ) ) ;
#3842 = DIRECTION ( 'NONE',  ( 1.084202172485503961E-14, -1.000000000000000000, 0.000000000000000000 ) ) ;
#3843 = ADVANCED_FACE ( 'NONE', ( #1945 ), #3039, .F. ) ;
#3844 = FACE_BOUND ( 'NONE', #122, .T. ) ;
#3845 = ORIENTED_EDGE ( 'NONE', *, *, #3030, .F. ) ;
#3846 = FILL_AREA_STYLE_COLOUR ( '', #3317 ) ;
#3847 = ORIENTED_EDGE ( 'NONE', *, *, #1628, .F. ) ;
#3848 = EDGE_LOOP ( 'NONE', ( #2261, #4080, #3861, #289 ) ) ;
#3849 = DIRECTION ( 'NONE',  ( 0.000000000000000000, -1.668003342285392044E-16, 1.000000000000000000 ) ) ;
#3850 = EDGE_CURVE ( 'NONE', #4202, #3298, #4084, .T. ) ;
#3851 = LINE ( 'NONE', #4491, #83 ) ;
#3852 = VERTEX_POINT ( 'NONE', #4451 ) ;
#3853 = EDGE_LOOP ( 'NONE', ( #1884, #435, #3147, #1363 ) ) ;
#3854 = ORIENTED_EDGE ( 'NONE', *, *, #2101, .T. ) ;
#3855 = LINE ( 'NONE', #2827, #3814 ) ;
#3856 = CARTESIAN_POINT ( 'NONE',  ( 0.08999999999999999667, -0.3250000000000003997, -0.7000000000000000666 ) ) ;
#3857 = EDGE_CURVE ( 'NONE', #872, #3621, #1607, .T. ) ;
#3858 = LINE ( 'NONE', #3466, #3661 ) ;
#3859 = EDGE_CURVE ( 'NONE', #1598, #2575, #2618, .T. ) ;
#3860 = LINE ( 'NONE', #3763, #3941 ) ;
#3861 = ORIENTED_EDGE ( 'NONE', *, *, #3748, .F. ) ;
#3862 = CARTESIAN_POINT ( 'NONE',  ( 0.000000000000000000, -1.475000000000000089, 1.350000000000000533 ) ) ;
#3863 = VECTOR ( 'NONE', #1982, 1000.000000000000000 ) ;
#3864 = CARTESIAN_POINT ( 'NONE',  ( 0.000000000000000000, 1.274999999999999467, 1.350000000000000533 ) ) ;
#3865 = LINE ( 'NONE', #334, #1861 ) ;
#3866 = UNCERTAINTY_MEASURE_WITH_UNIT (LENGTH_MEASURE( 1.000000000000000082E-05 ), #2357, 'distance_accuracy_value', 'NONE');
#3867 = SURFACE_SIDE_STYLE ('',( #3174 ) ) ;
#3868 = CARTESIAN_POINT ( 'NONE',  ( 0.7800000000000001377, 1.400000000000000355, -0.9000000000000002442 ) ) ;
#3869 = EDGE_LOOP ( 'NONE', ( #2174, #2871, #1719, #3250 ) ) ;
#3870 = LINE ( 'NONE', #3545, #2713 ) ;
#3871 = ORIENTED_EDGE ( 'NONE', *, *, #1322, .T. ) ;
#3872 = ORIENTED_EDGE ( 'NONE', *, *, #4246, .F. ) ;
#3873 = CARTESIAN_POINT ( 'NONE',  ( 0.000000000000000000, -1.849999999999999201, 0.3250000000000001221 ) ) ;
#3874 = DIRECTION ( 'NONE',  ( 1.000000000000000000, 0.000000000000000000, 0.000000000000000000 ) ) ;
#3875 = ORIENTED_EDGE ( 'NONE', *, *, #4232, .F. ) ;
#3876 = ORIENTED_EDGE ( 'NONE', *, *, #3970, .T. ) ;
#3877 = ORIENTED_EDGE ( 'NONE', *, *, #992, .T. ) ;
#3878 = UNCERTAINTY_MEASURE_WITH_UNIT (LENGTH_MEASURE( 1.000000000000000082E-05 ), #3046, 'distance_accuracy_value', 'NONE');
#3879 = DIRECTION ( 'NONE',  ( 0.000000000000000000, 0.000000000000000000, 1.000000000000000000 ) ) ;
#3880 = CARTESIAN_POINT ( 'NONE',  ( 0.08999999999999999667, -1.475000000000000311, -0.7000000000000000666 ) ) ;
#3881 = COLOUR_RGB ( '',0.1098039215686274495, 0.1098039215686274495, 0.1098039215686274495 ) ;
#3882 = DIRECTION ( 'NONE',  ( 0.000000000000000000, 0.000000000000000000, -1.000000000000000000 ) ) ;
#3883 = SURFACE_STYLE_FILL_AREA ( #3235 ) ;
#3884 = EDGE_LOOP ( 'NONE', ( #2457, #210, #888, #1188 ) ) ;
#3885 = LINE ( 'NONE', #1457, #1990 ) ;
#3886 = AXIS2_PLACEMENT_3D ( 'NONE', #150, #511, #2850 ) ;
#3887 = DIRECTION ( 'NONE',  ( 1.000000000000000000, 0.000000000000000000, 0.000000000000000000 ) ) ;
#3888 = DIRECTION ( 'NONE',  ( -0.000000000000000000, -0.000000000000000000, 1.000000000000000000 ) ) ;
#3889 = AXIS2_PLACEMENT_3D ( 'NONE', #3868, #2139, #3100 ) ;
#3890 = FACE_OUTER_BOUND ( 'NONE', #4061, .T. ) ;
#3891 = ADVANCED_FACE ( 'NONE', ( #1989 ), #3400, .F. ) ;
#3892 = PRESENTATION_LAYER_ASSIGNMENT (  '', '', ( #2698 ) ) ;
#3893 = VECTOR ( 'NONE', #2745, 1000.000000000000000 ) ;
#3894 = DIRECTION ( 'NONE',  ( 0.000000000000000000, 0.000000000000000000, -1.000000000000000000 ) ) ;
#3895 =( LENGTH_UNIT ( ) NAMED_UNIT ( * ) SI_UNIT ( .MILLI., .METRE. ) );
#3896 = CARTESIAN_POINT ( 'NONE',  ( 0.08999999999999999667, -1.475000000000000089, 1.350000000000000533 ) ) ;
#3897 = ORIENTED_EDGE ( 'NONE', *, *, #618, .F. ) ;
#3898 =( LENGTH_UNIT ( ) NAMED_UNIT ( * ) SI_UNIT ( .MILLI., .METRE. ) );
#3899 = ADVANCED_FACE ( 'NONE', ( #4408 ), #280, .F. ) ;
#3900 = CARTESIAN_POINT ( 'NONE',  ( 0.08999999999999999667, -1.475000000000000089, -1.350000000000000089 ) ) ;
#3901 = EDGE_LOOP ( 'NONE', ( #1026, #3708, #393, #1246 ) ) ;
#3902 = VERTEX_POINT ( 'NONE', #538 ) ;
#3903 = ORIENTED_EDGE ( 'NONE', *, *, #1462, .T. ) ;
#3904 = DIRECTION ( 'NONE',  ( -1.000000000000000000, -0.000000000000000000, -0.000000000000000000 ) ) ;
#3905 = PRESENTATION_LAYER_ASSIGNMENT (  '', '', ( #195 ) ) ;
#3906 = ADVANCED_FACE ( 'NONE', ( #2971 ), #4105, .T. ) ;
#3907 = FILL_AREA_STYLE ('',( #3556 ) ) ;
#3908 =( LENGTH_UNIT ( ) NAMED_UNIT ( * ) SI_UNIT ( .MILLI., .METRE. ) );
#3909 = EDGE_LOOP ( 'NONE', ( #3519, #912, #1097, #4310 ) ) ;
#3910 = DIRECTION ( 'NONE',  ( 0.000000000000000000, 3.336006684570784088E-16, 1.000000000000000000 ) ) ;
#3911 = AXIS2_PLACEMENT_3D ( 'NONE', #3838, #2740, #3784 ) ;
#3912 = CIRCLE ( 'NONE', #482, 0.1000000000000000472 ) ;
#3913 = CARTESIAN_POINT ( 'NONE',  ( 0.4300000000000000488, -1.400000000000000799, 0.9000000000000002442 ) ) ;
#3914 = FACE_OUTER_BOUND ( 'NONE', #3361, .T. ) ;
#3915 = DIRECTION ( 'NONE',  ( 1.000000000000000000, -0.000000000000000000, -0.000000000000000000 ) ) ;
#3916 = SURFACE_STYLE_FILL_AREA ( #2515 ) ;
#3917 = UNCERTAINTY_MEASURE_WITH_UNIT (LENGTH_MEASURE( 1.000000000000000082E-05 ), #3210, 'distance_accuracy_value', 'NONE');
#3918 = STYLED_ITEM ( 'NONE', ( #3816 ), #1590 ) ;
#3919 = VECTOR ( 'NONE', #3285, 1000.000000000000000 ) ;
#3920 = PLANE ( 'NONE',  #1343 ) ;
#3921 = ADVANCED_FACE ( 'NONE', ( #2433, #2087 ), #54, .F. ) ;
#3922 = DIRECTION ( 'NONE',  ( 1.000000000000000000, 0.000000000000000000, 0.000000000000000000 ) ) ;
#3923 = DIRECTION ( 'NONE',  ( -0.000000000000000000, 0.000000000000000000, 1.000000000000000000 ) ) ;
#3924 = EDGE_CURVE ( 'NONE', #4125, #3298, #3858, .T. ) ;
#3925 = CARTESIAN_POINT ( 'NONE',  ( 1.080000000000000071, 1.084973857298660693, 0.8423190357434301445 ) ) ;
#3926 = ORIENTED_EDGE ( 'NONE', *, *, #3748, .T. ) ;
#3927 = VERTEX_POINT ( 'NONE', #733 ) ;
#3928 = VERTEX_POINT ( 'NONE', #353 ) ;
#3929 =( NAMED_UNIT ( * ) PLANE_ANGLE_UNIT ( ) SI_UNIT ( $, .RADIAN. ) );
#3930 =( NAMED_UNIT ( * ) PLANE_ANGLE_UNIT ( ) SI_UNIT ( $, .RADIAN. ) );
#3931 = VERTEX_POINT ( 'NONE', #2034 ) ;
#3932 = ADVANCED_FACE ( 'NONE', ( #1434 ), #1725, .F. ) ;
#3933 =( LENGTH_UNIT ( ) NAMED_UNIT ( * ) SI_UNIT ( .MILLI., .METRE. ) );
#3934 = CARTESIAN_POINT ( 'NONE',  ( 0.08999999999999999667, 0.8249999999999997335, -1.350000000000000089 ) ) ;
#3935 = DIRECTION ( 'NONE',  ( 0.000000000000000000, 3.336006684570783101E-16, 1.000000000000000000 ) ) ;
#3936 = DIRECTION ( 'NONE',  ( -1.000000000000000000, 0.000000000000000000, 0.000000000000000000 ) ) ;
#3937 = AXIS2_PLACEMENT_3D ( 'NONE', #4351, #2977, #1207 ) ;
#3938 = PLANE ( 'NONE',  #1347 ) ;
#3939 = DIRECTION ( 'NONE',  ( 0.000000000000000000, 0.000000000000000000, -1.000000000000000000 ) ) ;
#3940 = CARTESIAN_POINT ( 'NONE',  ( 0.000000000000000000, 0.8249999999999997335, 1.350000000000000533 ) ) ;
#3941 = VECTOR ( 'NONE', #2015, 1000.000000000000000 ) ;
#3942 = ORIENTED_EDGE ( 'NONE', *, *, #56, .F. ) ;
#3943 = ORIENTED_EDGE ( 'NONE', *, *, #1779, .F. ) ;
#3944 = SURFACE_SIDE_STYLE ('',( #3201 ) ) ;
#3945 = DIRECTION ( 'NONE',  ( 0.000000000000000000, 0.000000000000000000, -1.000000000000000000 ) ) ;
#3946 = ORIENTED_EDGE ( 'NONE', *, *, #593, .F. ) ;
#3947 = ORIENTED_EDGE ( 'NONE', *, *, #896, .F. ) ;
#3948 = ORIENTED_EDGE ( 'NONE', *, *, #2953, .T. ) ;
#3949 =( NAMED_UNIT ( * ) SI_UNIT ( $, .STERADIAN. ) SOLID_ANGLE_UNIT ( ) );
#3950 = ORIENTED_EDGE ( 'NONE', *, *, #1675, .F. ) ;
#3951 = EDGE_CURVE ( 'NONE', #4077, #3128, #3438, .T. ) ;
#3952 = CARTESIAN_POINT ( 'NONE',  ( 0.000000000000000000, 2.000000000000000444, 1.500000000000000222 ) ) ;
#3953 = LINE ( 'NONE', #2856, #3811 ) ;
#3954 = CYLINDRICAL_SURFACE ( 'NONE', #2520, 0.2999999999999999889 ) ;
#3955 = PRESENTATION_LAYER_ASSIGNMENT (  '', '', ( #3509 ) ) ;
#3956 = EDGE_CURVE ( 'NONE', #3006, #2629, #2014, .T. ) ;
#3957 = DIRECTION ( 'NONE',  ( 0.000000000000000000, -1.000000000000000000, -0.000000000000000000 ) ) ;
#3958 = FACE_OUTER_BOUND ( 'NONE', #3179, .T. ) ;
#3959 = CARTESIAN_POINT ( 'NONE',  ( 0.08999999999999999667, -1.475000000000000311, 0.7000000000000005107 ) ) ;
#3960 = STYLED_ITEM ( 'NONE', ( #1970 ), #3447 ) ;
#3961 = CARTESIAN_POINT ( 'NONE',  ( 0.08999999999999999667, -0.3250000000000001776, 1.350000000000000533 ) ) ;
#3962 = AXIS2_PLACEMENT_3D ( 'NONE', #286, #3424, #3027 ) ;
#3963 = STYLED_ITEM ( 'NONE', ( #983 ), #3473 ) ;
#3964 = DIRECTION ( 'NONE',  ( 0.000000000000000000, 1.000000000000000000, -1.668003342285392044E-16 ) ) ;
#3965 = DIRECTION ( 'NONE',  ( -1.000000000000000000, -0.000000000000000000, -0.000000000000000000 ) ) ;
#3966 = ORIENTED_EDGE ( 'NONE', *, *, #1752, .T. ) ;
#3967 = EDGE_LOOP ( 'NONE', ( #4076, #604, #1215, #4193 ) ) ;
#3968 = EDGE_LOOP ( 'NONE', ( #2196, #3205, #387, #3469 ) ) ;
#3969 = STYLED_ITEM ( 'NONE', ( #1425 ), #813 ) ;
#3970 = EDGE_CURVE ( 'NONE', #2824, #3358, #328, .T. ) ;
#3971 = CARTESIAN_POINT ( 'NONE',  ( 0.2300000000000000100, -1.400000000000000799, 1.300000000000000266 ) ) ;
#3972 = EDGE_LOOP ( 'NONE', ( #723, #2689, #3156, #728 ) ) ;
#3973 = CARTESIAN_POINT ( 'NONE',  ( 0.4300000000000000488, 1.700000000000000400, -0.8999999999999981348 ) ) ;
#3974 = DIRECTION ( 'NONE',  ( 0.000000000000000000, -1.000000000000000000, 8.340016711426957754E-17 ) ) ;
#3975 = COLOUR_RGB ( '',0.1098039215686274495, 0.1098039215686274495, 0.1098039215686274495 ) ;
#3976 = LINE ( 'NONE', #1890, #1405 ) ;
#3977 = DIRECTION ( 'NONE',  ( 0.000000000000000000, 1.000000000000000000, 0.000000000000000000 ) ) ;
#3978 = CIRCLE ( 'NONE', #2140, 0.1000000000000000472 ) ;
#3979 = CARTESIAN_POINT ( 'NONE',  ( 0.08999999999999999667, 0.000000000000000000, 0.000000000000000000 ) ) ;
#3980 = DIRECTION ( 'NONE',  ( 0.000000000000000000, 0.000000000000000000, -1.000000000000000000 ) ) ;
#3981 = AXIS2_PLACEMENT_3D ( 'NONE', #2703, #2374, #1289 ) ;
#3982 =( GEOMETRIC_REPRESENTATION_CONTEXT ( 3 ) GLOBAL_UNCERTAINTY_ASSIGNED_CONTEXT ( ( #2210 ) ) GLOBAL_UNIT_ASSIGNED_CONTEXT ( ( #2024, #1574, #2976 ) ) REPRESENTATION_CONTEXT ( 'NONE', 'WORKASPACE' ) );
#3983 = CARTESIAN_POINT ( 'NONE',  ( 0.000000000000000000, 1.200000000000000178, -0.3249999999999997891 ) ) ;
#3984 = VECTOR ( 'NONE', #3398, 1000.000000000000000 ) ;
#3985 = SURFACE_STYLE_USAGE ( .BOTH. , #1895 ) ;
#3986 = EDGE_CURVE ( 'NONE', #1536, #4382, #3136, .T. ) ;
#3987 = DIRECTION ( 'NONE',  ( 0.000000000000000000, 0.000000000000000000, -1.000000000000000000 ) ) ;
#3988 = AXIS2_PLACEMENT_3D ( 'NONE', #3085, #3782, #254 ) ;
#3989 = EDGE_LOOP ( 'NONE', ( #59, #3236, #821, #4098 ) ) ;
#3990 = VERTEX_POINT ( 'NONE', #3186 ) ;
#3991 = ORIENTED_EDGE ( 'NONE', *, *, #3087, .T. ) ;
#3992 = EDGE_CURVE ( 'NONE', #675, #1899, #1123, .T. ) ;
#3993 = FACE_OUTER_BOUND ( 'NONE', #1465, .T. ) ;
#3994 = FACE_OUTER_BOUND ( 'NONE', #931, .T. ) ;
#3995 = VERTEX_POINT ( 'NONE', #2478 ) ;
#3996 = SURFACE_SIDE_STYLE ('',( #1216 ) ) ;
#3997 =( NAMED_UNIT ( * ) SI_UNIT ( $, .STERADIAN. ) SOLID_ANGLE_UNIT ( ) );
#3998 = PRESENTATION_STYLE_ASSIGNMENT (( #1237 ) ) ;
#3999 = SURFACE_STYLE_FILL_AREA ( #4314 ) ;
#4000 = CARTESIAN_POINT ( 'NONE',  ( 0.08999999999999999667, 1.850000000000000089, -0.3249999999999998446 ) ) ;
#4001 = CARTESIAN_POINT ( 'NONE',  ( 0.000000000000000000, 0.3249999999999995670, -0.6999999999999999556 ) ) ;
#4002 = CARTESIAN_POINT ( 'NONE',  ( 0.08999999999999999667, 0.8249999999999995115, -0.7000000000000000666 ) ) ;
#4003 = DIRECTION ( 'NONE',  ( 0.000000000000000000, 0.000000000000000000, 1.000000000000000000 ) ) ;
#4004 = VERTEX_POINT ( 'NONE', #3971 ) ;
#4005 =( LENGTH_UNIT ( ) NAMED_UNIT ( * ) SI_UNIT ( .MILLI., .METRE. ) );
#4006 = FACE_OUTER_BOUND ( 'NONE', #1956, .T. ) ;
#4007 = AXIS2_PLACEMENT_3D ( 'NONE', #1138, #3477, #1073 ) ;
#4008 = DIRECTION ( 'NONE',  ( -0.000000000000000000, 0.000000000000000000, 1.000000000000000000 ) ) ;
#4009 = VECTOR ( 'NONE', #405, 1000.000000000000000 ) ;
#4010 = VERTEX_POINT ( 'NONE', #1860 ) ;
#4011 = EDGE_LOOP ( 'NONE', ( #4094, #3012, #745, #1500 ) ) ;
#4012 = VERTEX_POINT ( 'NONE', #1191 ) ;
#4013 = CARTESIAN_POINT ( 'NONE',  ( 1.080000000000000071, 1.700000000000000400, -0.8999999999999981348 ) ) ;
#4014 = SURFACE_SIDE_STYLE ('',( #3393 ) ) ;
#4015 = ORIENTED_EDGE ( 'NONE', *, *, #2507, .F. ) ;
#4016 = FILL_AREA_STYLE ('',( #2854 ) ) ;
#4017 = CARTESIAN_POINT ( 'NONE',  ( 0.000000000000000000, -0.3250000000000003997, -0.7000000000000000666 ) ) ;
#4018 = FILL_AREA_STYLE_COLOUR ( '', #211 ) ;
#4019 = DIRECTION ( 'NONE',  ( 1.000000000000000000, 0.000000000000000000, -9.757819552369535173E-15 ) ) ;
#4020 =( NAMED_UNIT ( * ) PLANE_ANGLE_UNIT ( ) SI_UNIT ( $, .RADIAN. ) );
#4021 = FACE_OUTER_BOUND ( 'NONE', #3751, .T. ) ;
#4022 = ADVANCED_FACE ( 'NONE', ( #171 ), #3604, .T. ) ;
#4023 = DIRECTION ( 'NONE',  ( 0.000000000000000000, 0.000000000000000000, 1.000000000000000000 ) ) ;
#4024 = CARTESIAN_POINT ( 'NONE',  ( 0.08999999999999999667, 1.474999999999999423, 1.150000000000000355 ) ) ;
#4025 = VECTOR ( 'NONE', #925, 1000.000000000000000 ) ;
#4026 = ORIENTED_EDGE ( 'NONE', *, *, #1234, .T. ) ;
#4027 = EDGE_LOOP ( 'NONE', ( #275, #529, #1022, #2180 ) ) ;
#4028 = CIRCLE ( 'NONE', #2500, 0.2999999999999999334 ) ;
#4029 = VERTEX_POINT ( 'NONE', #3528 ) ;
#4030 = EDGE_CURVE ( 'NONE', #2903, #3432, #412, .T. ) ;
#4031 = VECTOR ( 'NONE', #2323, 1000.000000000000000 ) ;
#4032 = AXIS2_PLACEMENT_3D ( 'NONE', #1637, #199, #1927 ) ;
#4033 = FACE_OUTER_BOUND ( 'NONE', #2848, .T. ) ;
#4034 = EDGE_LOOP ( 'NONE', ( #3581, #1118, #871, #710 ) ) ;
#4035 = CARTESIAN_POINT ( 'NONE',  ( 0.000000000000000000, 0.3249999999999995670, -0.6999999999999999556 ) ) ;
#4036 = VECTOR ( 'NONE', #3722, 1000.000000000000000 ) ;
#4037 = ADVANCED_FACE ( 'NONE', ( #3634 ), #433, .F. ) ;
#4038 = FACE_OUTER_BOUND ( 'NONE', #4358, .T. ) ;
#4039 = DIRECTION ( 'NONE',  ( 1.000000000000000000, 0.000000000000000000, -0.000000000000000000 ) ) ;
#4040 = CARTESIAN_POINT ( 'NONE',  ( 0.08999999999999999667, -1.849999999999999201, -0.3249999999999998446 ) ) ;
#4041 = VECTOR ( 'NONE', #3144, 1000.000000000000000 ) ;
#4042 = CARTESIAN_POINT ( 'NONE',  ( 1.080000000000000071, -1.700000000000000844, -0.8999999999999971356 ) ) ;
#4043 = CARTESIAN_POINT ( 'NONE',  ( 0.000000000000000000, -0.3250000000000003997, -0.7000000000000000666 ) ) ;
#4044 = CARTESIAN_POINT ( 'NONE',  ( 0.3300000000000000155, -1.800000000000000711, -0.8999999999999973577 ) ) ;
#4045 = FACE_OUTER_BOUND ( 'NONE', #873, .T. ) ;
#4046 = VECTOR ( 'NONE', #204, 1000.000000000000000 ) ;
#4047 = ADVANCED_FACE ( 'NONE', ( #1789 ), #755, .F. ) ;
#4048 = PRESENTATION_LAYER_ASSIGNMENT (  '', '', ( #128 ) ) ;
#4049 = EDGE_CURVE ( 'NONE', #772, #3365, #531, .T. ) ;
#4050 = DIRECTION ( 'NONE',  ( 0.000000000000000000, 1.000000000000000000, 0.000000000000000000 ) ) ;
#4051 = VECTOR ( 'NONE', #3367, 1000.000000000000000 ) ;
#4052 = AXIS2_PLACEMENT_3D ( 'NONE', #4481, #1034, #397 ) ;
#4053 = STYLED_ITEM ( 'NONE', ( #800 ), #2602 ) ;
#4054 = VERTEX_POINT ( 'NONE', #1600 ) ;
#4055 = ORIENTED_EDGE ( 'NONE', *, *, #2003, .T. ) ;
#4056 = ORIENTED_EDGE ( 'NONE', *, *, #2583, .T. ) ;
#4057 =( GEOMETRIC_REPRESENTATION_CONTEXT ( 3 ) GLOBAL_UNCERTAINTY_ASSIGNED_CONTEXT ( ( #3917 ) ) GLOBAL_UNIT_ASSIGNED_CONTEXT ( ( #3210, #3930, #4486 ) ) REPRESENTATION_CONTEXT ( 'NONE', 'WORKASPACE' ) );
#4058 = PRESENTATION_LAYER_ASSIGNMENT (  '', '', ( #4279 ) ) ;
#4059 = EDGE_CURVE ( 'NONE', #660, #3106, #192, .T. ) ;
#4060 = DIRECTION ( 'NONE',  ( -1.000000000000000000, -0.000000000000000000, -0.000000000000000000 ) ) ;
#4061 = EDGE_LOOP ( 'NONE', ( #4055, #1647, #291, #752 ) ) ;
#4062 = DIRECTION ( 'NONE',  ( 0.000000000000000000, 0.000000000000000000, 1.000000000000000000 ) ) ;
#4063 = SURFACE_SIDE_STYLE ('',( #3344 ) ) ;
#4064 = CYLINDRICAL_SURFACE ( 'NONE', #1427, 0.3999999999999999667 ) ;
#4065 = FILL_AREA_STYLE_COLOUR ( '', #3176 ) ;
#4066 = ADVANCED_FACE ( 'NONE', ( #3993 ), #934, .F. ) ;
#4067 = CARTESIAN_POINT ( 'NONE',  ( 0.08999999999999999667, -1.849999999999999201, -0.3249999999999998446 ) ) ;
#4068 = LINE ( 'NONE', #4087, #3603 ) ;
#4069 = CARTESIAN_POINT ( 'NONE',  ( 0.7800000000000001377, -1.700000000000000844, -0.8999999999999971356 ) ) ;
#4070 = CARTESIAN_POINT ( 'NONE',  ( 0.2300000000000000100, -1.400000000000000799, 0.9000000000000002442 ) ) ;
#4071 = CARTESIAN_POINT ( 'NONE',  ( 1.080000000000000071, 1.084973857298660693, 0.3737442079126476746 ) ) ;
#4072 = CYLINDRICAL_SURFACE ( 'NONE', #4119, 0.1000000000000000472 ) ;
#4073 = DIRECTION ( 'NONE',  ( 0.000000000000000000, -1.000000000000000000, 1.668003342285391551E-16 ) ) ;
#4074 = SHAPE_DEFINITION_REPRESENTATION ( #4150, #1376 ) ;
#4075 = ORIENTED_EDGE ( 'NONE', *, *, #2905, .F. ) ;
#4076 = ORIENTED_EDGE ( 'NONE', *, *, #618, .T. ) ;
#4077 = VERTEX_POINT ( 'NONE', #250 ) ;
#4078 = AXIS2_PLACEMENT_3D ( 'NONE', #1496, #3202, #1428 ) ;
#4079 =( NAMED_UNIT ( * ) PLANE_ANGLE_UNIT ( ) SI_UNIT ( $, .RADIAN. ) );
#4080 = ORIENTED_EDGE ( 'NONE', *, *, #3145, .F. ) ;
#4081 = FACE_OUTER_BOUND ( 'NONE', #3909, .T. ) ;
#4082 = ORIENTED_EDGE ( 'NONE', *, *, #3369, .T. ) ;
#4083 = DIRECTION ( 'NONE',  ( 0.000000000000000000, -0.000000000000000000, -1.000000000000000000 ) ) ;
#4084 = LINE ( 'NONE', #3739, #3729 ) ;
#4085 = EDGE_CURVE ( 'NONE', #3500, #2964, #588, .T. ) ;
#4086 = CARTESIAN_POINT ( 'NONE',  ( 0.7800000000000001377, -1.400000000000000799, -0.9000000000000002442 ) ) ;
#4087 = CARTESIAN_POINT ( 'NONE',  ( 0.08999999999999999667, 1.850000000000000089, 0.3250000000000001221 ) ) ;
#4088 = LINE ( 'NONE', #1683, #4398 ) ;
#4089 = FACE_OUTER_BOUND ( 'NONE', #484, .T. ) ;
#4090 = ADVANCED_FACE ( 'NONE', ( #4400 ), #4333, .F. ) ;
#4091 = LINE ( 'NONE', #1666, #2789 ) ;
#4092 = VERTEX_POINT ( 'NONE', #3673 ) ;
#4093 = EDGE_CURVE ( 'NONE', #711, #4029, #1581, .T. ) ;
#4094 = ORIENTED_EDGE ( 'NONE', *, *, #2806, .T. ) ;
#4095 = ORIENTED_EDGE ( 'NONE', *, *, #933, .F. ) ;
#4096 = COLOUR_RGB ( '',0.1098039215686274495, 0.1098039215686274495, 0.1098039215686274495 ) ;
#4097 = CARTESIAN_POINT ( 'NONE',  ( 0.2300000000000000100, -1.800000000000000711, -0.8999999999999973577 ) ) ;
#4098 = ORIENTED_EDGE ( 'NONE', *, *, #2561, .T. ) ;
#4099 = DIRECTION ( 'NONE',  ( -0.000000000000000000, 1.000000000000000000, 0.000000000000000000 ) ) ;
#4100 = ORIENTED_EDGE ( 'NONE', *, *, #4226, .T. ) ;
#4101 = CARTESIAN_POINT ( 'NONE',  ( 0.08999999999999999667, 0.3249999999999995670, 0.7000000000000003997 ) ) ;
#4102 = VECTOR ( 'NONE', #358, 1000.000000000000000 ) ;
#4103 = PRESENTATION_LAYER_ASSIGNMENT (  '', '', ( #3960 ) ) ;
#4104 = ADVANCED_FACE ( 'NONE', ( #1561 ), #2311, .F. ) ;
#4105 = CYLINDRICAL_SURFACE ( 'NONE', #3362, 0.2999999999999999334 ) ;
#4106 = DIRECTION ( 'NONE',  ( 0.000000000000000000, 1.668003342285392044E-16, 1.000000000000000000 ) ) ;
#4107 = FILL_AREA_STYLE ('',( #330 ) ) ;
#4108 = EDGE_CURVE ( 'NONE', #371, #2981, #610, .T. ) ;
#4109 = CARTESIAN_POINT ( 'NONE',  ( 0.000000000000000000, -0.8250000000000003997, -1.350000000000000089 ) ) ;
#4110 = CARTESIAN_POINT ( 'NONE',  ( 0.000000000000000000, -1.475000000000000311, 0.7000000000000005107 ) ) ;
#4111 = VECTOR ( 'NONE', #1314, 1000.000000000000000 ) ;
#4112 = DIRECTION ( 'NONE',  ( 0.000000000000000000, 0.000000000000000000, 1.000000000000000000 ) ) ;
#4113 = PLANE ( 'NONE',  #2595 ) ;
#4114 = CARTESIAN_POINT ( 'NONE',  ( 0.08999999999999999667, 0.8249999999999997335, 1.350000000000000533 ) ) ;
#4115 = CIRCLE ( 'NONE', #2588, 0.2342874139153912350 ) ;
#4116 = DIRECTION ( 'NONE',  ( 0.000000000000000000, -1.000000000000000000, 0.000000000000000000 ) ) ;
#4118 = ORIENTED_EDGE ( 'NONE', *, *, #2277, .F. ) ;
#4117 = EDGE_CURVE ( 'NONE', #1066, #2903, #274, .T. ) ;
#4119 = AXIS2_PLACEMENT_3D ( 'NONE', #2833, #573, #3714 ) ;
#4120 = DIRECTION ( 'NONE',  ( -0.000000000000000000, 1.000000000000000000, 0.000000000000000000 ) ) ;
#4121 = MECHANICAL_DESIGN_GEOMETRIC_PRESENTATION_REPRESENTATION (  '', ( #2226 ), #855 ) ;
#4122 = LINE ( 'NONE', #1000, #582 ) ;
#4123 = ORIENTED_EDGE ( 'NONE', *, *, #3499, .F. ) ;
#4124 = PLANE ( 'NONE',  #2651 ) ;
#4125 = VERTEX_POINT ( 'NONE', #4380 ) ;
#4126 = STYLED_ITEM ( 'NONE', ( #579 ), #1551 ) ;
#4127 = EDGE_CURVE ( 'NONE', #2981, #1828, #228, .T. ) ;
#4128 = MECHANICAL_DESIGN_GEOMETRIC_PRESENTATION_REPRESENTATION (  '', ( #713 ), #4205 ) ;
#4129 = SURFACE_STYLE_USAGE ( .BOTH. , #714 ) ;
#4130 = DIRECTION ( 'NONE',  ( 0.000000000000000000, 0.000000000000000000, -1.000000000000000000 ) ) ;
#4131 = DIRECTION ( 'NONE',  ( 0.000000000000000000, 0.000000000000000000, -1.000000000000000000 ) ) ;
#4132 = AXIS2_PLACEMENT_3D ( 'NONE', #258, #201, #2659 ) ;
#4133 = DIRECTION ( 'NONE',  ( -1.000000000000000000, -0.000000000000000000, -0.000000000000000000 ) ) ;
#4134 = LINE ( 'NONE', #3379, #3450 ) ;
#4135 = FACE_OUTER_BOUND ( 'NONE', #1878, .T. ) ;
#4136 = FACE_OUTER_BOUND ( 'NONE', #3688, .T. ) ;
#4137 = DIRECTION ( 'NONE',  ( 0.000000000000000000, 1.000000000000000000, 0.000000000000000000 ) ) ;
#4138 = UNCERTAINTY_MEASURE_WITH_UNIT (LENGTH_MEASURE( 1.000000000000000082E-05 ), #2095, 'distance_accuracy_value', 'NONE');
#4139 = CARTESIAN_POINT ( 'NONE',  ( 0.7800000000000001377, 1.400000000000000355, 0.9000000000000002442 ) ) ;
#4140 = ORIENTED_EDGE ( 'NONE', *, *, #3859, .T. ) ;
#4141 = ORIENTED_EDGE ( 'NONE', *, *, #2806, .F. ) ;
#4142 = EDGE_LOOP ( 'NONE', ( #477, #49, #152, #1880 ) ) ;
#4143 = DIRECTION ( 'NONE',  ( -1.000000000000000000, -0.000000000000000000, -0.000000000000000000 ) ) ;
#4144 = CARTESIAN_POINT ( 'NONE',  ( 1.169999999999999929, 0.2999999999999996003, 0.6999999999999992895 ) ) ;
#4145 = VERTEX_POINT ( 'NONE', #2631 ) ;
#4146 =( LENGTH_UNIT ( ) NAMED_UNIT ( * ) SI_UNIT ( .MILLI., .METRE. ) );
#4147 = ORIENTED_EDGE ( 'NONE', *, *, #950, .F. ) ;
#4148 = ADVANCED_FACE ( 'NONE', ( #4033 ), #2294, .F. ) ;
#4149 = AXIS2_PLACEMENT_3D ( 'NONE', #2172, #474, #3945 ) ;
#4150 = PRODUCT_DEFINITION_SHAPE ( 'NONE', 'NONE',  #2409 ) ;
#4151 = CARTESIAN_POINT ( 'NONE',  ( 0.08999999999999999667, 0.000000000000000000, 0.000000000000000000 ) ) ;
#4152 = CARTESIAN_POINT ( 'NONE',  ( 1.169999999999999929, -1.200000000000000622, 0.6999999999999998446 ) ) ;
#4153 = EDGE_CURVE ( 'NONE', #1069, #3670, #3825, .T. ) ;
#4154 = CARTESIAN_POINT ( 'NONE',  ( 0.08999999999999999667, 1.274999999999999467, 1.350000000000000533 ) ) ;
#4155 = ORIENTED_EDGE ( 'NONE', *, *, #3547, .F. ) ;
#4156 = PLANE ( 'NONE',  #2071 ) ;
#4157 = CARTESIAN_POINT ( 'NONE',  ( 0.000000000000000000, -1.475000000000000311, -0.7000000000000000666 ) ) ;
#4158 = ORIENTED_EDGE ( 'NONE', *, *, #3280, .F. ) ;
#4159 = VERTEX_POINT ( 'NONE', #4097 ) ;
#4160 = DIRECTION ( 'NONE',  ( 0.000000000000000000, 0.000000000000000000, -1.000000000000000000 ) ) ;
#4161 = FACE_OUTER_BOUND ( 'NONE', #3077, .T. ) ;
#4162 = ORIENTED_EDGE ( 'NONE', *, *, #1013, .T. ) ;
#4163 = CARTESIAN_POINT ( 'NONE',  ( 0.08999999999999999667, -0.3250000000000003997, -0.7000000000000000666 ) ) ;
#4164 = PRESENTATION_LAYER_ASSIGNMENT (  '', '', ( #1606 ) ) ;
#4165 = ORIENTED_EDGE ( 'NONE', *, *, #3268, .T. ) ;
#4166 = LINE ( 'NONE', #325, #1994 ) ;
#4168 = LINE ( 'NONE', #3486, #627 ) ;
#4167 = VECTOR ( 'NONE', #3292, 1000.000000000000000 ) ;
#4169 = VERTEX_POINT ( 'NONE', #318 ) ;
#4170 = LINE ( 'NONE', #4203, #2843 ) ;
#4171 = DIRECTION ( 'NONE',  ( 0.000000000000000000, -1.000000000000000000, 1.668003342285391551E-16 ) ) ;
#4172 = VECTOR ( 'NONE', #668, 1000.000000000000000 ) ;
#4173 = EDGE_CURVE ( 'NONE', #2549, #660, #709, .T. ) ;
#4174 = EDGE_CURVE ( 'NONE', #3500, #1056, #2078, .T. ) ;
#4175 = AXIS2_PLACEMENT_3D ( 'NONE', #3647, #525, #1896 ) ;
#4176 = FACE_OUTER_BOUND ( 'NONE', #1312, .T. ) ;
#4177 =( GEOMETRIC_REPRESENTATION_CONTEXT ( 3 ) GLOBAL_UNCERTAINTY_ASSIGNED_CONTEXT ( ( #3267 ) ) GLOBAL_UNIT_ASSIGNED_CONTEXT ( ( #3806, #2434, #481 ) ) REPRESENTATION_CONTEXT ( 'NONE', 'WORKASPACE' ) );
#4178 = ADVANCED_FACE ( 'NONE', ( #1074 ), #2454, .F. ) ;
#4179 = LINE ( 'NONE', #2747, #498 ) ;
#4180 = PRESENTATION_STYLE_ASSIGNMENT (( #1686 ) ) ;
#4181 = UNCERTAINTY_MEASURE_WITH_UNIT (LENGTH_MEASURE( 1.000000000000000082E-05 ), #2878, 'distance_accuracy_value', 'NONE');
#4182 = EDGE_CURVE ( 'NONE', #683, #3058, #3851, .T. ) ;
#4183 = MECHANICAL_DESIGN_GEOMETRIC_PRESENTATION_REPRESENTATION (  '', ( #1058 ), #2928 ) ;
#4184 = DIRECTION ( 'NONE',  ( -0.000000000000000000, 1.000000000000000000, 0.000000000000000000 ) ) ;
#4185 = EDGE_CURVE ( 'NONE', #4054, #3323, #6, .T. ) ;
#4186 = LINE ( 'NONE', #3121, #783 ) ;
#4187 = VERTEX_POINT ( 'NONE', #2732 ) ;
#4188 = ORIENTED_EDGE ( 'NONE', *, *, #223, .T. ) ;
#4189 = EDGE_CURVE ( 'NONE', #2730, #3455, #1315, .T. ) ;
#4190 = CARTESIAN_POINT ( 'NONE',  ( 0.000000000000000000, 1.850000000000000089, -0.3249999999999998446 ) ) ;
#4191 = ORIENTED_EDGE ( 'NONE', *, *, #321, .T. ) ;
#4192 = ORIENTED_EDGE ( 'NONE', *, *, #3347, .F. ) ;
#4193 = ORIENTED_EDGE ( 'NONE', *, *, #2277, .T. ) ;
#4194 =( LENGTH_UNIT ( ) NAMED_UNIT ( * ) SI_UNIT ( .MILLI., .METRE. ) );
#4195 = MECHANICAL_DESIGN_GEOMETRIC_PRESENTATION_REPRESENTATION (  '', ( #1065 ), #3613 ) ;
#4196 = EDGE_CURVE ( 'NONE', #3508, #2646, #2817, .T. ) ;
#4197 = VECTOR ( 'NONE', #4234, 1000.000000000000000 ) ;
#4198 = CLOSED_SHELL ( 'NONE', ( #2077, #3899, #1053, #3288, #1144, #580 ) ) ;
#4199 = VECTOR ( 'NONE', #2923, 1000.000000000000000 ) ;
#4200 = VECTOR ( 'NONE', #3560, 1000.000000000000000 ) ;
#4201 = DIRECTION ( 'NONE',  ( 0.000000000000000000, -1.000000000000000000, 1.668003342285391551E-16 ) ) ;
#4202 = VERTEX_POINT ( 'NONE', #4144 ) ;
#4203 = CARTESIAN_POINT ( 'NONE',  ( 0.2300000000000000100, -1.999999999999999556, 1.500000000000000222 ) ) ;
#4204 = MECHANICAL_DESIGN_GEOMETRIC_PRESENTATION_REPRESENTATION (  '', ( #2598 ), #1999 ) ;
#4205 =( GEOMETRIC_REPRESENTATION_CONTEXT ( 3 ) GLOBAL_UNCERTAINTY_ASSIGNED_CONTEXT ( ( #1705 ) ) GLOBAL_UNIT_ASSIGNED_CONTEXT ( ( #3675, #3328, #2712 ) ) REPRESENTATION_CONTEXT ( 'NONE', 'WORKASPACE' ) );
#4206 = CARTESIAN_POINT ( 'NONE',  ( 1.169999999999999929, -1.300000000000000488, -0.6999999999999994005 ) ) ;
#4207 = CARTESIAN_POINT ( 'NONE',  ( 0.08999999999999999667, 1.200000000000000178, 0.3250000000000002331 ) ) ;
#4208 = CARTESIAN_POINT ( 'NONE',  ( 0.7800000000000001377, -1.400000000000000799, 0.8999999999999981348 ) ) ;
#4209 = ADVANCED_FACE ( 'NONE', ( #4161 ), #4447, .F. ) ;
#4210 = SURFACE_STYLE_FILL_AREA ( #2443 ) ;
#4211 = SURFACE_STYLE_USAGE ( .BOTH. , #362 ) ;
#4212 = CARTESIAN_POINT ( 'NONE',  ( 0.000000000000000000, 0.8249999999999995115, 0.7000000000000005107 ) ) ;
#4213 = FILL_AREA_STYLE ('',( #1443 ) ) ;
#4214 = CARTESIAN_POINT ( 'NONE',  ( 1.074999999999999956, 1.084973857298660693, 0.6080316218280389373 ) ) ;
#4215 = EDGE_LOOP ( 'NONE', ( #4100, #3272, #4289, #1803 ) ) ;
#4216 = FACE_OUTER_BOUND ( 'NONE', #3853, .T. ) ;
#4217 = CARTESIAN_POINT ( 'NONE',  ( 0.08999999999999999667, 0.8249999999999997335, -1.350000000000000089 ) ) ;
#4218 = ORIENTED_EDGE ( 'NONE', *, *, #2425, .T. ) ;
#4219 = ORIENTED_EDGE ( 'NONE', *, *, #2733, .F. ) ;
#4220 = EDGE_LOOP ( 'NONE', ( #3876, #2509, #3559, #4056 ) ) ;
#4221 = EDGE_CURVE ( 'NONE', #1, #4054, #3459, .T. ) ;
#4222 = EDGE_CURVE ( 'NONE', #4202, #3928, #2253, .T. ) ;
#4223 =( NAMED_UNIT ( * ) SI_UNIT ( $, .STERADIAN. ) SOLID_ANGLE_UNIT ( ) );
#4224 = CARTESIAN_POINT ( 'NONE',  ( 0.08999999999999999667, -0.3250000000000001776, 1.350000000000000533 ) ) ;
#4225 = ORIENTED_EDGE ( 'NONE', *, *, #2467, .T. ) ;
#4226 = EDGE_CURVE ( 'NONE', #1056, #3134, #3498, .T. ) ;
#4227 = LINE ( 'NONE', #3137, #2840 ) ;
#4228 = VECTOR ( 'NONE', #2969, 1000.000000000000000 ) ;
#4229 = EDGE_CURVE ( 'NONE', #470, #3693, #637, .T. ) ;
#4230 = SPHERICAL_SURFACE ( 'NONE', #621, 0.2999999999999999889 ) ;
#4231 = PLANE ( 'NONE',  #2491 ) ;
#4232 = EDGE_CURVE ( 'NONE', #2916, #2288, #3413, .T. ) ;
#4233 = EDGE_LOOP ( 'NONE', ( #4026, #3150, #208, #3345 ) ) ;
#4234 = DIRECTION ( 'NONE',  ( -1.000000000000000000, -0.000000000000000000, -0.000000000000000000 ) ) ;
#4235 = ORIENTED_EDGE ( 'NONE', *, *, #2966, .F. ) ;
#4236 = CARTESIAN_POINT ( 'NONE',  ( 1.080000000000000071, 1.400000000000000355, 0.8999999999999981348 ) ) ;
#4237 = DIRECTION ( 'NONE',  ( 0.000000000000000000, -1.000000000000000000, -1.668003342285392044E-16 ) ) ;
#4238 = ORIENTED_EDGE ( 'NONE', *, *, #757, .T. ) ;
#4239 = EDGE_LOOP ( 'NONE', ( #1335, #90, #2941, #1917 ) ) ;
#4240 = VERTEX_POINT ( 'NONE', #2032 ) ;
#4241 = FACE_OUTER_BOUND ( 'NONE', #214, .T. ) ;
#4242 = FILL_AREA_STYLE_COLOUR ( '', #178 ) ;
#4243 = MECHANICAL_DESIGN_GEOMETRIC_PRESENTATION_REPRESENTATION (  '', ( #3057 ), #1326 ) ;
#4244 = PLANE ( 'NONE',  #2943 ) ;
#4245 = ORIENTED_EDGE ( 'NONE', *, *, #2905, .T. ) ;
#4246 = EDGE_CURVE ( 'NONE', #3358, #1019, #1337, .T. ) ;
#4247 = VECTOR ( 'NONE', #1012, 1000.000000000000000 ) ;
#4248 = DIRECTION ( 'NONE',  ( 0.000000000000000000, -0.7071067811865475727, -0.7071067811865475727 ) ) ;
#4249 = CARTESIAN_POINT ( 'NONE',  ( 0.08999999999999999667, 0.8249999999999995115, -0.7000000000000000666 ) ) ;
#4250 = DIRECTION ( 'NONE',  ( 0.000000000000000000, 0.000000000000000000, 1.000000000000000000 ) ) ;
#4251 = AXIS2_PLACEMENT_3D ( 'NONE', #1967, #1642, #3378 ) ;
#4252 = AXIS2_PLACEMENT_3D ( 'NONE', #858, #1484, #2855 ) ;
#4253 = CARTESIAN_POINT ( 'NONE',  ( 0.08999999999999999667, 1.274999999999999467, 1.350000000000000533 ) ) ;
#4254 = DIRECTION ( 'NONE',  ( 0.000000000000000000, -6.505213034913024237E-15, 1.000000000000000000 ) ) ;
#4255 = EDGE_CURVE ( 'NONE', #820, #1979, #4122, .T. ) ;
#4256 = LINE ( 'NONE', #3195, #1634 ) ;
#4257 = CARTESIAN_POINT ( 'NONE',  ( 0.4300000000000000488, 1.400000000000000355, -0.9000000000000002442 ) ) ;
#4258 = EDGE_LOOP ( 'NONE', ( #1338, #125, #3475, #376 ) ) ;
#4259 = FACE_OUTER_BOUND ( 'NONE', #4266, .T. ) ;
#4260 = ORIENTED_EDGE ( 'NONE', *, *, #2138, .F. ) ;
#4261 = DIRECTION ( 'NONE',  ( 0.000000000000000000, -1.000000000000000000, 6.505213034913023449E-15 ) ) ;
#4262 = DIRECTION ( 'NONE',  ( 0.000000000000000000, 1.000000000000000000, 0.000000000000000000 ) ) ;
#4263 = EDGE_CURVE ( 'NONE', #3551, #3662, #3778, .T. ) ;
#4264 = ORIENTED_EDGE ( 'NONE', *, *, #3363, .T. ) ;
#4265 = EDGE_LOOP ( 'NONE', ( #253, #4312, #3184, #4238 ) ) ;
#4266 = EDGE_LOOP ( 'NONE', ( #94, #27, #3635, #725 ) ) ;
#4267 = CARTESIAN_POINT ( 'NONE',  ( 0.08999999999999999667, -1.199999999999999289, 0.3250000000000002331 ) ) ;
#4268 = CARTESIAN_POINT ( 'NONE',  ( 0.000000000000000000, 1.200000000000000178, -0.3249999999999997891 ) ) ;
#4269 = SURFACE_STYLE_USAGE ( .BOTH. , #2479 ) ;
#4270 = ORIENTED_EDGE ( 'NONE', *, *, #827, .T. ) ;
#4271 = LINE ( 'NONE', #1769, #4200 ) ;
#4272 = AXIS2_PLACEMENT_3D ( 'NONE', #86, #1842, #836 ) ;
#4273 = DIRECTION ( 'NONE',  ( 0.000000000000000000, 3.336006684570783101E-16, 1.000000000000000000 ) ) ;
#4274 = CARTESIAN_POINT ( 'NONE',  ( 0.4300000000000000488, -1.700000000000000844, -0.8999999999999971356 ) ) ;
#4275 =( GEOMETRIC_REPRESENTATION_CONTEXT ( 3 ) GLOBAL_UNCERTAINTY_ASSIGNED_CONTEXT ( ( #2025 ) ) GLOBAL_UNIT_ASSIGNED_CONTEXT ( ( #3534, #3511, #2484 ) ) REPRESENTATION_CONTEXT ( 'NONE', 'WORKASPACE' ) );
#4276 = DIRECTION ( 'NONE',  ( 0.000000000000000000, 3.336006684570784088E-16, -1.000000000000000000 ) ) ;
#4277 = CARTESIAN_POINT ( 'NONE',  ( 1.080000000000000071, 1.399999999999997469, -0.9000000000000002442 ) ) ;
#4278 = CIRCLE ( 'NONE', #926, 0.1000000000000000472 ) ;
#4279 = STYLED_ITEM ( 'NONE', ( #124 ), #2930 ) ;
#4280 = LINE ( 'NONE', #809, #2858 ) ;
#4281 = LINE ( 'NONE', #161, #3444 ) ;
#4282 = CARTESIAN_POINT ( 'NONE',  ( 0.3300000000000000155, 1.800000000000000488, 0.8999999999999973577 ) ) ;
#4283 = ORIENTED_EDGE ( 'NONE', *, *, #3237, .T. ) ;
#4284 = DIRECTION ( 'NONE',  ( 0.000000000000000000, 0.000000000000000000, -1.000000000000000000 ) ) ;
#4285 = EDGE_LOOP ( 'NONE', ( #4323, #2006, #632, #4393 ) ) ;
#4286 = PRESENTATION_LAYER_ASSIGNMENT (  '', '', ( #3598 ) ) ;
#4287 = LINE ( 'NONE', #1448, #731 ) ;
#4288 = CARTESIAN_POINT ( 'NONE',  ( 0.08999999999999999667, 1.200000000000000178, 0.3250000000000002331 ) ) ;
#4289 = ORIENTED_EDGE ( 'NONE', *, *, #4085, .F. ) ;
#4290 = ORIENTED_EDGE ( 'NONE', *, *, #3786, .T. ) ;
#4291 = ORIENTED_EDGE ( 'NONE', *, *, #2761, .T. ) ;
#4292 = CARTESIAN_POINT ( 'NONE',  ( 0.000000000000000000, 1.274999999999999467, 1.350000000000000533 ) ) ;
#4293 = DIRECTION ( 'NONE',  ( -1.000000000000000000, -0.000000000000000000, -0.000000000000000000 ) ) ;
#4294 =( LENGTH_UNIT ( ) NAMED_UNIT ( * ) SI_UNIT ( .MILLI., .METRE. ) );
#4295 = EDGE_CURVE ( 'NONE', #611, #2009, #345, .T. ) ;
#4296 = ORIENTED_EDGE ( 'NONE', *, *, #2608, .F. ) ;
#4297 = PRESENTATION_STYLE_ASSIGNMENT (( #2879 ) ) ;
#4298 = LINE ( 'NONE', #3952, #1833 ) ;
#4299 = AXIS2_PLACEMENT_3D ( 'NONE', #382, #45, #3225 ) ;
#4300 = VECTOR ( 'NONE', #1671, 1000.000000000000000 ) ;
#4301 = DIRECTION ( 'NONE',  ( 0.000000000000000000, 0.000000000000000000, -1.000000000000000000 ) ) ;
#4302 = CARTESIAN_POINT ( 'NONE',  ( 0.3300000000000000155, -1.800000000000000711, 0.8999999999999973577 ) ) ;
#4303 = CARTESIAN_POINT ( 'NONE',  ( 0.08999999999999999667, 1.474999999999999423, -1.350000000000000089 ) ) ;
#4304 = CARTESIAN_POINT ( 'NONE',  ( 0.08999999999999999667, 0.000000000000000000, 0.000000000000000000 ) ) ;
#4305 = ORIENTED_EDGE ( 'NONE', *, *, #3752, .F. ) ;
#4306 = CARTESIAN_POINT ( 'NONE',  ( 0.08999999999999999667, -1.849999999999999201, -0.3249999999999998446 ) ) ;
#4307 = EDGE_CURVE ( 'NONE', #2134, #4029, #801, .T. ) ;
#4308 = FACE_OUTER_BOUND ( 'NONE', #14, .T. ) ;
#4309 = DIRECTION ( 'NONE',  ( 0.000000000000000000, 0.000000000000000000, -1.000000000000000000 ) ) ;
#4310 = ORIENTED_EDGE ( 'NONE', *, *, #4127, .T. ) ;
#4311 = ORIENTED_EDGE ( 'NONE', *, *, #1358, .F. ) ;
#4312 = ORIENTED_EDGE ( 'NONE', *, *, #4498, .F. ) ;
#4313 = FILL_AREA_STYLE ('',( #1521 ) ) ;
#4314 = FILL_AREA_STYLE ('',( #1525 ) ) ;
#4315 = FACE_OUTER_BOUND ( 'NONE', #4239, .T. ) ;
#4316 = EDGE_CURVE ( 'NONE', #67, #1835, #2823, .T. ) ;
#4317 = DIRECTION ( 'NONE',  ( 0.000000000000000000, 0.000000000000000000, 1.000000000000000000 ) ) ;
#4318 = DIRECTION ( 'NONE',  ( 0.000000000000000000, 0.000000000000000000, -1.000000000000000000 ) ) ;
#4319 = DIRECTION ( 'NONE',  ( 0.000000000000000000, 0.000000000000000000, 1.000000000000000000 ) ) ;
#4320 = CARTESIAN_POINT ( 'NONE',  ( 1.074999999999999956, 1.084973857298660693, 0.6080316218280389373 ) ) ;
#4321 = DIRECTION ( 'NONE',  ( 0.000000000000000000, 0.000000000000000000, 1.000000000000000000 ) ) ;
#4322 = AXIS2_PLACEMENT_3D ( 'NONE', #3480, #1804, #1827 ) ;
#4323 = ORIENTED_EDGE ( 'NONE', *, *, #4444, .T. ) ;
#4324 = ADVANCED_FACE ( 'NONE', ( #2546 ), #3629, .F. ) ;
#4325 = VECTOR ( 'NONE', #2023, 1000.000000000000000 ) ;
#4326 = VECTOR ( 'NONE', #1387, 1000.000000000000000 ) ;
#4327 = DIRECTION ( 'NONE',  ( -1.000000000000000000, -0.000000000000000000, -0.000000000000000000 ) ) ;
#4328 = APPLICATION_PROTOCOL_DEFINITION ( 'draft international standard', 'automotive_design', 1998, #3141 ) ;
#4329 = EDGE_LOOP ( 'NONE', ( #2356, #887, #2940, #1401 ) ) ;
#4330 = ORIENTED_EDGE ( 'NONE', *, *, #2945, .T. ) ;
#4331 = ORIENTED_EDGE ( 'NONE', *, *, #2888, .F. ) ;
#4332 = EDGE_CURVE ( 'NONE', #1935, #48, #747, .T. ) ;
#4333 = PLANE ( 'NONE',  #2408 ) ;
#4334 = PLANE ( 'NONE',  #1406 ) ;
#4335 = DIRECTION ( 'NONE',  ( 0.000000000000000000, 0.000000000000000000, -1.000000000000000000 ) ) ;
#4336 = FILL_AREA_STYLE ('',( #1885 ) ) ;
#4337 = SURFACE_STYLE_FILL_AREA ( #2183 ) ;
#4338 = CARTESIAN_POINT ( 'NONE',  ( 0.2300000000000000100, 2.000000000000000444, 1.500000000000000222 ) ) ;
#4339 = CARTESIAN_POINT ( 'NONE',  ( 0.08999999999999999667, -1.849999999999999201, 0.3250000000000001221 ) ) ;
#4340 = AXIS2_PLACEMENT_3D ( 'NONE', #88, #4184, #2096 ) ;
#4341 = STYLED_ITEM ( 'NONE', ( #2541 ), #3080 ) ;
#4342 = CARTESIAN_POINT ( 'NONE',  ( 0.000000000000000000, -0.3250000000000003997, 0.7000000000000005107 ) ) ;
#4343 = AXIS2_PLACEMENT_3D ( 'NONE', #738, #3841, #1439 ) ;
#4344 = PLANE ( 'NONE',  #2648 ) ;
#4345 = LINE ( 'NONE', #4282, #754 ) ;
#4346 = DIRECTION ( 'NONE',  ( 1.000000000000000000, -0.000000000000000000, -0.000000000000000000 ) ) ;
#4347 = VECTOR ( 'NONE', #4116, 1000.000000000000000 ) ;
#4348 = AXIS2_PLACEMENT_3D ( 'NONE', #685, #1005, #1340 ) ;
#4349 =( LENGTH_UNIT ( ) NAMED_UNIT ( * ) SI_UNIT ( .MILLI., .METRE. ) );
#4350 = COLOUR_RGB ( '',0.7921568627450980005, 0.8196078431372548767, 0.9333333333333333481 ) ;
#4351 = CARTESIAN_POINT ( 'NONE',  ( 1.169999999999999929, 0.1999999999999997058, -0.7000000000000000666 ) ) ;
#4352 = TOROIDAL_SURFACE ( 'NONE', #2375, 0.3999999999999999112, 0.1000000000000000056 ) ;
#4353 = ORIENTED_EDGE ( 'NONE', *, *, #3640, .F. ) ;
#4354 = EDGE_LOOP ( 'NONE', ( #1985, #1914, #3668, #2988 ) ) ;
#4355 = VERTEX_POINT ( 'NONE', #1116 ) ;
#4356 = CARTESIAN_POINT ( 'NONE',  ( 0.000000000000000000, -0.3250000000000001776, -1.350000000000000089 ) ) ;
#4357 = SURFACE_STYLE_FILL_AREA ( #193 ) ;
#4358 = EDGE_LOOP ( 'NONE', ( #3779, #608, #2121, #2460 ) ) ;
#4359 = FACE_OUTER_BOUND ( 'NONE', #1475, .T. ) ;
#4360 = ADVANCED_FACE ( 'NONE', ( #771 ), #2565, .T. ) ;
#4361 = CARTESIAN_POINT ( 'NONE',  ( 0.08999999999999999667, -0.8250000000000003997, 1.350000000000000533 ) ) ;
#4362 = PLANE ( 'NONE',  #3320 ) ;
#4363 = CARTESIAN_POINT ( 'NONE',  ( 0.3300000000000000155, 1.400000000000000355, -0.9000000000000002442 ) ) ;
#4364 = DIRECTION ( 'NONE',  ( 0.000000000000000000, 0.000000000000000000, 1.000000000000000000 ) ) ;
#4365 =( NAMED_UNIT ( * ) SI_UNIT ( $, .STERADIAN. ) SOLID_ANGLE_UNIT ( ) );
#4366 =( NAMED_UNIT ( * ) PLANE_ANGLE_UNIT ( ) SI_UNIT ( $, .RADIAN. ) );
#4367 = DIRECTION ( 'NONE',  ( 0.000000000000000000, 0.000000000000000000, 1.000000000000000000 ) ) ;
#4368 = CARTESIAN_POINT ( 'NONE',  ( 0.08999999999999999667, 0.3249999999999995670, 1.350000000000000533 ) ) ;
#4369 = ORIENTED_EDGE ( 'NONE', *, *, #2216, .T. ) ;
#4370 = EDGE_CURVE ( 'NONE', #2730, #114, #3228, .T. ) ;
#4371 = FILL_AREA_STYLE_COLOUR ( '', #3326 ) ;
#4372 = AXIS2_PLACEMENT_3D ( 'NONE', #1915, #846, #4008 ) ;
#4373 = VECTOR ( 'NONE', #26, 1000.000000000000000 ) ;
#4374 = FACE_OUTER_BOUND ( 'NONE', #586, .T. ) ;
#4375 = CARTESIAN_POINT ( 'NONE',  ( 0.4300000000000000488, 1.700000000000000400, -0.8999999999999981348 ) ) ;
#4376 = ORIENTED_EDGE ( 'NONE', *, *, #1284, .T. ) ;
#4377 = ORIENTED_EDGE ( 'NONE', *, *, #950, .T. ) ;
#4379 = ORIENTED_EDGE ( 'NONE', *, *, #3506, .T. ) ;
#4378 = ADVANCED_FACE ( 'NONE', ( #2526 ), #2474, .F. ) ;
#4380 = CARTESIAN_POINT ( 'NONE',  ( 1.080000000000000071, 0.2999999999999997113, -0.6999999999999994005 ) ) ;
#4381 = LINE ( 'NONE', #1582, #3068 ) ;
#4382 = VERTEX_POINT ( 'NONE', #3925 ) ;
#4383 = DIRECTION ( 'NONE',  ( 0.000000000000000000, 1.000000000000000000, 0.000000000000000000 ) ) ;
#4384 = FILL_AREA_STYLE_COLOUR ( '', #1900 ) ;
#4385 = SURFACE_STYLE_FILL_AREA ( #1241 ) ;
#4386 = EDGE_CURVE ( 'NONE', #1499, #4077, #160, .T. ) ;
#4387 = DIRECTION ( 'NONE',  ( -1.000000000000000000, 0.000000000000000000, 0.000000000000000000 ) ) ;
#4388 = VECTOR ( 'NONE', #98, 1000.000000000000000 ) ;
#4389 = DIRECTION ( 'NONE',  ( 1.000000000000000000, 0.000000000000000000, -0.000000000000000000 ) ) ;
#4390 = ADVANCED_FACE ( 'NONE', ( #3182 ), #1162, .F. ) ;
#4391 = AXIS2_PLACEMENT_3D ( 'NONE', #4257, #3922, #1912 ) ;
#4392 = VECTOR ( 'NONE', #4346, 1000.000000000000000 ) ;
#4393 = ORIENTED_EDGE ( 'NONE', *, *, #1202, .T. ) ;
#4394 = ORIENTED_EDGE ( 'NONE', *, *, #351, .T. ) ;
#4395 = VECTOR ( 'NONE', #3888, 1000.000000000000000 ) ;
#4396 = ORIENTED_EDGE ( 'NONE', *, *, #4460, .F. ) ;
#4397 = VECTOR ( 'NONE', #786, 1000.000000000000000 ) ;
#4398 = VECTOR ( 'NONE', #4414, 1000.000000000000000 ) ;
#4399 = EDGE_CURVE ( 'NONE', #4421, #2309, #2616, .T. ) ;
#4400 = FACE_OUTER_BOUND ( 'NONE', #4265, .T. ) ;
#4401 = DIRECTION ( 'NONE',  ( 1.000000000000000000, 0.000000000000000000, -0.000000000000000000 ) ) ;
#4402 = ORIENTED_EDGE ( 'NONE', *, *, #3237, .F. ) ;
#4403 = DIRECTION ( 'NONE',  ( 0.000000000000000000, -3.336006684570784088E-16, -1.000000000000000000 ) ) ;
#4404 = AXIS2_PLACEMENT_3D ( 'NONE', #2332, #3777, #1694 ) ;
#4405 = CIRCLE ( 'NONE', #1624, 0.1000000000000000472 ) ;
#4406 = EDGE_CURVE ( 'NONE', #2575, #408, #1471, .T. ) ;
#4407 = DIRECTION ( 'NONE',  ( -0.000000000000000000, 3.336006684570783101E-16, 1.000000000000000000 ) ) ;
#4408 = FACE_OUTER_BOUND ( 'NONE', #4034, .T. ) ;
#4409 = CYLINDRICAL_SURFACE ( 'NONE', #52, 0.2999999999999999334 ) ;
#4410 = CARTESIAN_POINT ( 'NONE',  ( 0.08999999999999999667, -0.3250000000000001776, -1.350000000000000089 ) ) ;
#4411 = CARTESIAN_POINT ( 'NONE',  ( 0.7800000000000001377, -1.399999999999998801, -1.200000000000000178 ) ) ;
#4412 = VECTOR ( 'NONE', #1621, 1000.000000000000000 ) ;
#4413 = SURFACE_STYLE_USAGE ( .BOTH. , #3404 ) ;
#4414 = DIRECTION ( 'NONE',  ( -0.000000000000000000, -0.000000000000000000, 1.000000000000000000 ) ) ;
#4415 =( GEOMETRIC_REPRESENTATION_CONTEXT ( 3 ) GLOBAL_UNCERTAINTY_ASSIGNED_CONTEXT ( ( #3492 ) ) GLOBAL_UNIT_ASSIGNED_CONTEXT ( ( #2652, #1487, #157 ) ) REPRESENTATION_CONTEXT ( 'NONE', 'WORKASPACE' ) );
#4416 = VECTOR ( 'NONE', #2621, 1000.000000000000000 ) ;
#4417 = MECHANICAL_DESIGN_GEOMETRIC_PRESENTATION_REPRESENTATION (  '', ( #770 ), #200 ) ;
#4418 = DIRECTION ( 'NONE',  ( -1.000000000000000000, -0.000000000000000000, -0.000000000000000000 ) ) ;
#4419 = COLOUR_RGB ( '',0.1098039215686274495, 0.1098039215686274495, 0.1098039215686274495 ) ;
#4420 = PRESENTATION_LAYER_ASSIGNMENT (  '', '', ( #4053 ) ) ;
#4421 = VERTEX_POINT ( 'NONE', #71 ) ;
#4422 = ORIENTED_EDGE ( 'NONE', *, *, #693, .T. ) ;
#4423 = ORIENTED_EDGE ( 'NONE', *, *, #533, .F. ) ;
#4424 = VECTOR ( 'NONE', #2577, 1000.000000000000000 ) ;
#4425 = PLANE ( 'NONE',  #3743 ) ;
#4426 = VERTEX_POINT ( 'NONE', #1141 ) ;
#4427 = PLANE ( 'NONE',  #687 ) ;
#4428 = DIRECTION ( 'NONE',  ( -1.000000000000000000, 0.000000000000000000, -0.000000000000000000 ) ) ;
#4429 = ORIENTED_EDGE ( 'NONE', *, *, #3392, .F. ) ;
#4430 = EDGE_CURVE ( 'NONE', #3323, #3551, #2149, .T. ) ;
#4431 = CARTESIAN_POINT ( 'NONE',  ( 0.000000000000000000, -1.475000000000000311, 0.7000000000000005107 ) ) ;
#4432 = ADVANCED_FACE ( 'NONE', ( #3550 ), #2220, .F. ) ;
#4433 = DIRECTION ( 'NONE',  ( 1.000000000000000000, 0.000000000000000000, -0.000000000000000000 ) ) ;
#4434 = DIRECTION ( 'NONE',  ( 0.000000000000000000, -0.000000000000000000, 1.000000000000000000 ) ) ;
#4435 = DIRECTION ( 'NONE',  ( -1.000000000000000000, -0.000000000000000000, -0.000000000000000000 ) ) ;
#4436 = DIRECTION ( 'NONE',  ( -1.000000000000000000, -0.000000000000000000, -0.000000000000000000 ) ) ;
#4437 = CARTESIAN_POINT ( 'NONE',  ( 0.4300000000000000488, 1.400000000000000355, -0.9000000000000002442 ) ) ;
#4438 = PLANE ( 'NONE',  #1968 ) ;
#4439 = FILL_AREA_STYLE_COLOUR ( '', #2867 ) ;
#4440 = DIRECTION ( 'NONE',  ( 1.000000000000000000, -0.000000000000000000, -0.000000000000000000 ) ) ;
#4441 = ORIENTED_EDGE ( 'NONE', *, *, #2583, .F. ) ;
#4442 = ORIENTED_EDGE ( 'NONE', *, *, #4386, .T. ) ;
#4443 = VERTEX_POINT ( 'NONE', #449 ) ;
#4444 = EDGE_CURVE ( 'NONE', #3693, #509, #657, .T. ) ;
#4445 = DIRECTION ( 'NONE',  ( 0.000000000000000000, 0.000000000000000000, 1.000000000000000000 ) ) ;
#4446 = VECTOR ( 'NONE', #2355, 1000.000000000000114 ) ;
#4447 = PLANE ( 'NONE',  #222 ) ;
#4448 = ORIENTED_EDGE ( 'NONE', *, *, #2442, .T. ) ;
#4449 =( NAMED_UNIT ( * ) SI_UNIT ( $, .STERADIAN. ) SOLID_ANGLE_UNIT ( ) );
#4450 = SURFACE_STYLE_FILL_AREA ( #2692 ) ;
#4451 = CARTESIAN_POINT ( 'NONE',  ( 0.000000000000000000, 0.3249999999999995670, 0.7000000000000003997 ) ) ;
#4452 = DIRECTION ( 'NONE',  ( -0.000000000000000000, 1.000000000000000000, 0.000000000000000000 ) ) ;
#4453 = SURFACE_STYLE_USAGE ( .BOTH. , #1659 ) ;
#4454 = CARTESIAN_POINT ( 'NONE',  ( 0.08999999999999999667, 0.3249999999999995670, -0.6999999999999999556 ) ) ;
#4455 = CARTESIAN_POINT ( 'NONE',  ( 0.000000000000000000, -0.3250000000000001776, -1.350000000000000089 ) ) ;
#4456 = CARTESIAN_POINT ( 'NONE',  ( 0.000000000000000000, 0.8249999999999997335, -1.350000000000000089 ) ) ;
#4457 = CARTESIAN_POINT ( 'NONE',  ( 1.169999999999999929, -1.199999999999999956, 0.7999999999999999334 ) ) ;
#4458 = EDGE_CURVE ( 'NONE', #1691, #3481, #2171, .T. ) ;
#4459 = FILL_AREA_STYLE_COLOUR ( '', #3092 ) ;
#4460 = EDGE_CURVE ( 'NONE', #850, #4159, #145, .T. ) ;
#4461 = VERTEX_POINT ( 'NONE', #2308 ) ;
#4462 = VERTEX_POINT ( 'NONE', #3276 ) ;
#4463 = VERTEX_POINT ( 'NONE', #4375 ) ;
#4464 = AXIS2_PLACEMENT_3D ( 'NONE', #2069, #21, #364 ) ;
#4465 = CARTESIAN_POINT ( 'NONE',  ( 0.000000000000000000, 1.274999999999999467, 1.350000000000000533 ) ) ;
#4466 = ORIENTED_EDGE ( 'NONE', *, *, #1750, .T. ) ;
#4467 = CARTESIAN_POINT ( 'NONE',  ( 0.000000000000000000, -1.199999999999999289, 0.3250000000000002331 ) ) ;
#4468 = ORIENTED_EDGE ( 'NONE', *, *, #3418, .F. ) ;
#4469 = UNCERTAINTY_MEASURE_WITH_UNIT (LENGTH_MEASURE( 1.000000000000000082E-05 ), #4294, 'distance_accuracy_value', 'NONE');
#4470 = DIRECTION ( 'NONE',  ( 1.000000000000000000, -0.000000000000000000, -0.000000000000000000 ) ) ;
#4471 =( GEOMETRIC_REPRESENTATION_CONTEXT ( 3 ) GLOBAL_UNCERTAINTY_ASSIGNED_CONTEXT ( ( #4502 ) ) GLOBAL_UNIT_ASSIGNED_CONTEXT ( ( #1635, #3329, #3094 ) ) REPRESENTATION_CONTEXT ( 'NONE', 'WORKASPACE' ) );
#4472 = MECHANICAL_DESIGN_GEOMETRIC_PRESENTATION_REPRESENTATION (  '', ( #319 ), #1400 ) ;
#4473 = FILL_AREA_STYLE ('',( #2738 ) ) ;
#4474 = CARTESIAN_POINT ( 'NONE',  ( 0.08999999999999999667, -1.199999999999999289, -0.3249999999999997891 ) ) ;
#4475 = DIRECTION ( 'NONE',  ( 6.505213034913023449E-15, -6.505213034913023449E-15, 1.000000000000000000 ) ) ;
#4476 = FACE_OUTER_BOUND ( 'NONE', #3321, .T. ) ;
#4477 = LINE ( 'NONE', #3741, #2919 ) ;
#4478 = CARTESIAN_POINT ( 'NONE',  ( 0.000000000000000000, -1.475000000000000089, 1.350000000000000533 ) ) ;
#4479 = CARTESIAN_POINT ( 'NONE',  ( 0.08999999999999999667, -1.475000000000000089, 1.350000000000000533 ) ) ;
#4480 = PLANE ( 'NONE',  #33 ) ;
#4481 = CARTESIAN_POINT ( 'NONE',  ( 0.000000000000000000, -0.8250000000000003997, 1.350000000000000533 ) ) ;
#4482 = DIRECTION ( 'NONE',  ( 0.000000000000000000, 1.000000000000000000, 0.000000000000000000 ) ) ;
#4483 = EDGE_LOOP ( 'NONE', ( #3757, #2627, #2825, #552, #1830 ) ) ;
#4484 = VECTOR ( 'NONE', #4301, 1000.000000000000000 ) ;
#4485 = VECTOR ( 'NONE', #3042, 1000.000000000000000 ) ;
#4486 =( NAMED_UNIT ( * ) SI_UNIT ( $, .STERADIAN. ) SOLID_ANGLE_UNIT ( ) );
#4487 = ORIENTED_EDGE ( 'NONE', *, *, #1604, .F. ) ;
#4488 = VERTEX_POINT ( 'NONE', #2978 ) ;
#4489 = DIRECTION ( 'NONE',  ( 0.000000000000000000, 0.000000000000000000, 1.000000000000000000 ) ) ;
#4490 = VECTOR ( 'NONE', #2205, 1000.000000000000000 ) ;
#4491 = CARTESIAN_POINT ( 'NONE',  ( 0.000000000000000000, 0.8249999999999997335, 1.350000000000000533 ) ) ;
#4492 = EDGE_LOOP ( 'NONE', ( #1748, #4396, #4260, #3530, #704, #1978, #1039, #3602 ) ) ;
#4493 = CARTESIAN_POINT ( 'NONE',  ( 0.000000000000000000, -1.849999999999999201, -0.3249999999999998446 ) ) ;
#4494 = PLANE ( 'NONE',  #1782 ) ;
#4495 = PRESENTATION_LAYER_ASSIGNMENT (  '', '', ( #3540 ) ) ;
#4496 = SURFACE_STYLE_USAGE ( .BOTH. , #2715 ) ;
#4497 = DIRECTION ( 'NONE',  ( -1.000000000000000000, -0.000000000000000000, -0.000000000000000000 ) ) ;
#4498 = EDGE_CURVE ( 'NONE', #1735, #1447, #1877, .T. ) ;
#4499 = CARTESIAN_POINT ( 'NONE',  ( 0.08999999999999999667, 0.8249999999999997335, 1.350000000000000533 ) ) ;
#4500 = PRESENTATION_STYLE_ASSIGNMENT (( #3471 ) ) ;
#4501 = PRESENTATION_STYLE_ASSIGNMENT (( #669 ) ) ;
#4502 = UNCERTAINTY_MEASURE_WITH_UNIT (LENGTH_MEASURE( 1.000000000000000082E-05 ), #1635, 'distance_accuracy_value', 'NONE');
ENDSEC;
END-ISO-10303-21;
